species_code,scientific_name,common_name.x,group,order,family,CCS.max,habitat_score,habitat_comment,bodymass,predicted_defecation_rate,est_axial_length,wingloading_quantile,axiallength_quantile,CCS_quantile,vis_acuity_risk,exposure,exposure_scaled,VI,exposure_scaled_2,risk,reduction_factor,abs_target
acafly,Empidonax virescens,Acadian Flycatcher,landbird,Passeriformes,Tyrannidae,10,1,,12.6,0.848038299,7.769267084,1,2,3,4,2230.494757,1.261546449,7.5,0.065386612,0.490399593,0.861133603,2529.045186
aldfly,Empidonax alnorum,Alder Flycatcher,landbird,Passeriformes,Tyrannidae,8,1,,12.7,0.85357696,6.148575017,1,1,2,5,3845.160156,1.450881125,6,0.112720281,0.676321688,0.870850202,3468.21714
ambduc,Anas rubripes,American Black Duck,waterfowl,Anseriformes,Anatidae,12,1,"Tolerant of vegetation, similar to mallard which increased in Song et al. 2024.",1240.96,37.15080448,22.00681137,5,5,4,1,16085.68989,2.886198147,48,0.471549537,22.63437777,0.598785425,10282.85964
ameavo,Recurvirostra americana,American Avocet,shorebird,Charadriiformes,Recurvirostridae,11,5,,304.48,11.68072599,9.210968905,3.5,3,4,3,47.11751096,1.00552497,39,0.001381243,0.053868462,0.65708502,30.64871908
amebit,Botaurus lentiginosus,American Bittern,waterbird,Pelecaniformes,Ardeidae,12,3,,706,23.34799332,8.125513734,4,2,4,4,3955.274212,1.463793032,48,0.115948258,5.565516386,0.598785425,4911.951132
amecro,Corvus brachyrhynchos,American Crow,landbird,Passeriformes,Corvidae,8,1,,448.76,16.07654403,9.19032702,4,3,1,3,4208.666327,1.493505636,3.5,0.123376409,0.431817432,0.887044534,3129.569505
amegfi,Spinus tristis,American Goldfinch,landbird,Passeriformes,Fringillidae,8,1,,12.79,0.858555175,8.314409294,2,3,1,3,3358.899363,1.393862483,2.5,0.098465621,0.246164052,0.893522267,3163.447742
amekes,Falco sparverius,American Kestrel,landbird,Falconiformes,Falconidae,10,1,,114.61,5.224314045,12.770207,3,4,3,2,434.038788,1.050895123,7.5,0.012723781,0.095428355,0.861133603,341.8553028
amepip,Anthus rubescens,American Pipit,landbird,Passeriformes,Motacillidae,9,2,"Tricky one, hang out on shorelines but not as important for habitat as for other species.",20.68,1.275310722,9.178026175,1.888888889,3,3,3,2366.375101,1.277479695,14.66666667,0.069369924,1.01742555,0.814709852,1660.7504
amered,Setophaga ruticilla,American Redstart,landbird,Passeriformes,Parulidae,9,1,,8.24,0.597759563,8.715143345,1,3,2,3,3928.256665,1.460624971,4,0.115156243,0.460624971,0.883805668,3838.463148
amerob,Turdus migratorius,American Robin,landbird,Passeriformes,Turdidae,7,1,,78.5,3.82547029,10.6874045,3,3,1,3,3256.93753,1.3819065,3,0.095476625,0.286429875,0.890283401,2357.457399
amewig,Mareca americana,American Wigeon,waterfowl,Anseriformes,Anatidae,10,4,,754.61,24.66399311,6.560685714,5,1,3,5,544.3035425,1.0638247,60,0.015956175,0.957370501,0.521052632,266.5858744
amgplo,Pluvialis dominica,American Golden-Plover,shorebird,Charadriiformes,Charadriidae,15,5,Shorebirds strongly negatively affected in Song et al. 2024,151.47,6.572921009,8.764249745,3.222222222,3,5,3,478.2195846,1.056075736,46.66666667,0.014018934,0.654216916,0.607422402,285.4678576
amtspa,Spizelloides arborea,American Tree Sparrow,landbird,Passeriformes,Passerellidae,12,1,,17.83,1.128712487,14.98974157,2,5,4,1,1034.793097,1.121339205,6,0.030334801,0.182008807,0.870850202,794.7762866
amwpel,Pelecanus erythrorhynchos,American White Pelican,waterbird,Pelecaniformes,Pelecanidae,10,4,,5608.48,128.6566246,9.379035159,5,3,3,3,9.67365691,1.001134327,48,0.000283582,0.013611925,0.598785425,3.383634019
babwar,Setophaga castanea,Bay-breasted Warbler,landbird,Passeriformes,Parulidae,10,1,,11.8,0.803443199,7.642024308,1.470588235,2,3,4,5752.79725,1.674569483,8.205882353,0.168642371,1.383859454,0.856561086,5838.208253
baisan,Calidris bairdii,Baird's Sandpiper,shorebird,Charadriiformes,Scolopacidae,13,5,Shorebirds strongly negatively affected in Song et al. 2024,40.97,2.239368804,5.308150395,3.535714286,1,5,5,3.625105334,1.000425078,64.01785714,0.000106269,0.00680314,0.495026027,3.053579588
baleag,Haliaeetus leucocephalus,Bald Eagle,landbird,Accipitriformes,Accipitridae,9,3,,4700.58,111.2435736,9.350928191,3.6,3,3,3,867.6822924,1.101743894,29.7,0.025435974,0.755448415,0.717327935,692.9963545
balori,Icterus galbula,Baltimore Oriole,landbird,Passeriformes,Icteridae,11,1,,32.83,1.865988889,6.285223499,3,1,4,5,3536.258487,1.414659505,16,0.103664876,1.658638019,0.806072874,2372.288652
banswa,Riparia riparia,Bank Swallow,landbird,Passeriformes,Hirundinidae,11,2,"""Presently breeds primarily in lowland areas along ocean coasts, rivers, streams, lakes, reservoirs, and wetlands (Cramp 1988, Turner and Rose 1989a, Am. Ornithol. Union American Ornithologists' Union 1998a). """,12.68,0.852469845,9.237974843,1,3,4,3,1311.614489,1.153799112,16,0.038449778,0.615196447,0.806072874,660.7016712
bargol,Bucephala islandica,Barrow's Goldeneye,waterfowl,Anseriformes,Anatidae,13,5,"""Prefers open water without emergent or dense submerged vegetation.""",921.21,29.06753054,10.27684834,5,3,5,3,6.95900901,1.000816009,100,0.000204002,0.020400228,0.26194332,5.942339761
barswa,Hirundo rustica,Barn Swallow,landbird,Passeriformes,Hirundinidae,9,2,,17.91,1.13288131,14.15911666,1,5,2,1,1167.662807,1.136919426,4,0.034229856,0.136919426,0.883805668,893.9099251
bawwar,Mniotilta varia,Black-and-white Warbler,landbird,Passeriformes,Parulidae,9,1,,10.9,0.752629254,10.56938024,1,3,2,3,4134.481904,1.484806816,4,0.121201704,0.484806816,0.883805668,3631.236334
bcnher,Nycticorax nycticorax,Black-crowned Night Heron,waterbird,Pelecaniformes,Ardeidae,10,3,,810,26.14545796,12.25769294,4,4,3,2,337.2666367,1.039547679,27,0.00988692,0.266946835,0.734817814,158.2702802
belkin1,Megaceryle alcyon,Belted Kingfisher,landbird,Coraciiformes,Alcedinidae,10,3,,148,6.448667249,8.212581792,3,2,3,4,3608.693417,1.42315318,31.5,0.105788295,3.332331296,0.705668016,2694.214421
bicthr,Catharus bicknelli,Bicknell's Thrush,landbird,Passeriformes,Turdidae,17,1,,27.79,1.626680494,6.141142038,2.642857143,1,5,5,20090.95538,3.355853126,19.10714286,0.588963281,11.25340556,0.785945633,47485.67762
bkbcuc,Coccyzus erythropthalmus,Black-billed Cuckoo,landbird,Cuculiformes,Cuculidae,12,1,,50.9,2.677576693,6.102075697,2,1,4,5,21953.41111,3.574243544,14,0.643560886,9.009852405,0.81902834,22644.48068
bkbplo,Pluvialis squatarola,Black-bellied Plover,shorebird,Charadriiformes,Charadriidae,13,5,Shorebirds strongly negatively affected in Song et al. 2024,250,9.930311132,12.01517312,4,4,5,2,2805.461628,1.328966713,45,0.082241678,3.700875517,0.618218623,3775.671931
bkbwar,Setophaga fusca,Blackburnian Warbler,landbird,Passeriformes,Parulidae,10,1,,9.74,0.686023061,6.304667346,1.470588235,1,3,5,4584.274226,1.537549189,9.705882353,0.134387297,1.304347296,0.846844487,5430.096419
bkbwoo,Picoides arcticus,Black-backed Woodpecker,landbird,Piciformes,Picidae,8,1,,69.24,3.449798699,15.15790339,2.454545455,5,2,1,116.081999,1.013611704,3.454545455,0.003402926,0.011755563,0.887338977,643.0798897
bkcchi,Poecile atricapillus,Black-capped Chickadee,landbird,Passeriformes,Paridae,7,1,,10.8,0.746938491,11.66235718,2,4,1,2,1973.245016,1.231381502,2,0.057845376,0.115690751,0.896761134,1898.426474
bkpwar,Setophaga striata,Blackpoll Warbler,landbird,Passeriformes,Parulidae,11,1,,11.84,0.805685359,8.20511157,1,2,4,4,15005.43953,2.75952865,10,0.439882163,4.398821626,0.844939271,10147.68659
blksco2,Melanitta americana,Black Scoter,waterfowl,Anseriformes,Anatidae,13,5,"""Feeds in open water; usually avoids dense aquatic vegetation which is rare in its breeding areas.""",1049.98,32.37436981,6.380800237,5,1,5,5,2824.226304,1.331167047,125,0.082791762,10.34897022,0.1,7546.526791
blkter,Chlidonias niger,Black Tern,waterbird,Charadriiformes,Laridae,12,5,Gulls and terns strongly negatively affected in Song et al. 2024,65.3,3.28731061,10.726734,1,3,4,3,89.21601337,1.010461415,24,0.002615354,0.062768491,0.754251012,56.21773754
blkvul,Coragyps atratus,Black Vulture,landbird,Cathartiformes,Cathartidae,5,1,,1881.69,52.34182745,11.66384916,4,4,1,2,126.6171583,1.01484705,3,0.003711763,0.011135288,0.890283401,82.24122633
blugrb1,Passerina caerulea,Blue Grosbeak,landbird,Passeriformes,Cardinalidae,7,1,,27.39,1.607374538,6.573013719,2,1,1,5,592.3341321,1.069456738,3.5,0.017364184,0.060774645,0.887044534,368.4414372
blujay,Cyanocitta cristata,Blue Jay,landbird,Passeriformes,Corvidae,8,1,,88,4.202823103,11.69048943,3,4,1,2,2904.737816,1.340607778,2.5,0.085151944,0.212879861,0.893522267,2604.095908
bnhcow,Molothrus ater,Brown-headed Cowbird,landbird,Passeriformes,Icteridae,8,1,,40.26,2.207361477,6.954486434,3,2,1,4,2304.420346,1.270214919,3.5,0.06755373,0.236438054,0.887044534,1510.780039
bnhnut,Sitta pusilla,Brown-headed Nuthatch,landbird,Passeriformes,Sittidae,13,1,,10.2,0.712594784,7.869507716,2,2,5,4,369.3562519,1.043310488,15,0.010827622,0.16241433,0.812550607,271.6243726
boboli,Dolichonyx oryzivorus,Bobolink,landbird,Passeriformes,Icteridae,14,1,,31.46,1.801624591,7.020170813,3,2,5,4,10206.8177,2.196845193,17.5,0.299211298,5.23619772,0.796356275,6417.830696
bohwax,Bombycilla garrulus,Bohemian Waxwing,landbird,Passeriformes,Bombycillidae,11,1,,54.41,2.82872828,10.01108958,3,3,4,3,575.7991843,1.06751786,12,0.016879465,0.202553579,0.831983806,457.4841012
bongul,Chroicocephalus philadelphia,Bonaparte's Gull,waterbird,Charadriiformes,Laridae,10,5,Gulls and terns strongly negatively affected in Song et al. 2024,210.71,8.626091056,9.604239613,3.114285714,3,3,3,3317.471801,1.389004712,27.51428571,0.097251178,2.675796698,0.731486408,4619.440014
botgra,Quiscalus major,Boat-tailed Grackle,landbird,Passeriformes,Icteridae,13,1,,151.21,6.563628475,5.969176669,3,1,5,5,270.6045304,1.031730922,20,0.00793273,0.158654608,0.780161943,353.0641768
brant,Branta bernicla,Brant,waterfowl,Anseriformes,Anatidae,13,4,,1277.91,38.05937473,13.08853487,5,4,5,2,14988.68833,2.757564416,70,0.439391104,30.75737727,0.456275304,10420.96353
brdowl,Strix varia,Barred Owl,landbird,Strigiformes,Strigidae,7,1,,711.49,23.49740452,11.14611429,3,4,1,2,2560.770221,1.300274348,2.5,0.075068587,0.187671468,0.893522267,3042.505817
brncre,Certhia americana,Brown Creeper,landbird,Passeriformes,Certhiidae,8,1,,8.1,0.58938339,6.018607343,1,1,2,5,3044.143696,1.356954426,6,0.089238606,0.535431639,0.870850202,2772.650383
brnowl,Tyto alba,Barn Owl,landbird,Strigiformes,Tytonidae,8,1,,403.32,14.72352047,19.7133655,3,5,2,1,1.958245718,1.000229623,4,5.74E-05,0.000229623,0.883805668,2.79807539
brnpel,Pelecanus occidentalis,Brown Pelican,waterbird,Pelecaniformes,Pelecanidae,11,4,,3427.84,85.77243573,9.724952543,5,3,4,3,89.02050908,1.01043849,64,0.002609623,0.167015846,0.4951417,425.691583
brnthr,Toxostoma rufum,Brown Thrasher,landbird,Passeriformes,Mimidae,11,1,,68.8,3.431735418,8.064190755,3,2,4,4,2735.107581,1.32071704,14,0.08017926,1.122509641,0.81902834,2214.042883
brwhaw,Buteo platypterus,Broad-winged Hawk,landbird,Accipitriformes,Accipitridae,8,1,,453.65,16.22066743,33.45377128,4,5,1,1,5094.833426,1.597417048,2.5,0.149354262,0.373385655,0.893522267,5206.937541
btbwar,Setophaga caerulescens,Black-throated Blue Warbler,landbird,Passeriformes,Parulidae,10,1,,10.14,0.709141098,7.691523347,1,2,3,4,9749.122059,2.143176083,7.5,0.285794021,2.143455155,0.861133603,9204.611997
btnwar,Setophaga virens,Black-throated Green Warbler,landbird,Passeriformes,Parulidae,11,1,,8.69,0.624515527,8.426362241,2,3,4,3,5132.634978,1.601849635,10,0.150462409,1.504624087,0.844939271,6394.812165
bubsan,Calidris subruficollis,Buff-breasted Sandpiper,shorebird,Charadriiformes,Scolopacidae,15,5,Shorebirds strongly negatively affected in Song et al. 2024,62.1,3.154065349,7.213733323,3.535714286,2,5,4,77.22544285,1.009055408,56.51785714,0.002263852,0.127948066,0.543609023,34.23207162
buffle,Bucephala albeola,Bufflehead,waterfowl,Anseriformes,Anatidae,8,4,,397.46,14.54712705,17.73095333,5,5,1,1,3533.695408,1.41435896,12,0.10358974,1.243076879,0.831983806,3401.532957
buggna,Polioptila caerulea,Blue-gray Gnatcatcher,landbird,Passeriformes,Polioptilidae,8,1,,5.8,0.447655115,13.21984428,2,4,2,2,1530.647856,1.17948283,4,0.044870708,0.17948283,0.883805668,1094.945121
buhvir,Vireo solitarius,Blue-headed Vireo,landbird,Passeriformes,Vireonidae,8,1,,15.3,0.995070031,11.00981344,2,4,1,2,7181.268838,1.842071187,2,0.210517797,0.421035593,0.896761134,8412.417549
buwtea,Spatula discors,Blue-winged Teal,waterfowl,Anseriformes,Anatidae,8,4,,359.44,13.39113766,12.90516027,5,4,1,2,59.24133772,1.006946603,14,0.001736651,0.02431311,0.81902834,37.33247642
buwwar,Vermivora cyanoptera,Blue-winged Warbler,landbird,Passeriformes,Parulidae,14,1,,8.9,0.636917404,22.74741917,1.470588235,5,5,1,19588.95432,3.296988789,6.176470588,0.574247197,3.546820923,0.869707073,11838.06706
cacgoo1,Branta hutchinsii,Cackling Goose,waterfowl,Anseriformes,Anatidae,10,4,,2811.68,72.85876559,14.46559166,5,5,3,1,12.82915539,1.001504339,36,0.000376085,0.01353905,0.676518219,6.643277277
camwar,Setophaga tigrina,Cape May Warbler,landbird,Passeriformes,Parulidae,11,1,,10.04,0.703376923,9.956351054,1,3,4,3,9280.279237,2.088199861,8,0.272049965,2.176399721,0.857894737,8053.864171
cangoo,Branta canadensis,Canada Goose,waterfowl,Anseriformes,Anatidae,6,4,,2811.68,72.85876559,11.32888925,5,4,1,2,4774.164217,1.559815573,14,0.139953893,1.959354505,0.81902834,3089.683705
canvas,Aythya valisineria,Canvasback,waterfowl,Anseriformes,Anatidae,10,4,,1202,36.18762063,8.244126707,5,2,3,4,3821.839661,1.448146578,54,0.112036645,6.049978808,0.559919028,3192.898031
canwar,Cardellina canadensis,Canada Warbler,landbird,Passeriformes,Parulidae,13,1,,10.04,0.703376923,13.70426137,1.470588235,4,5,2,9415.05502,2.104003586,8.676470588,0.276000897,2.394713662,0.853512741,8502.779387
carchi,Poecile carolinensis,Carolina Chickadee,landbird,Passeriformes,Paridae,9,1,,9.99,0.70049104,19.99562472,1.444444444,5,3,1,1343.407557,1.157527147,3.666666667,0.039381787,0.144399885,0.885964912,1164.747015
carwre,Thryothorus ludovicianus,Carolina Wren,landbird,Passeriformes,Troglodytidae,7,1,,18.96,1.187298842,6.872878986,2,2,1,4,2179.571487,1.255575218,3,0.063893804,0.191681413,0.890283401,1590.355555
caster1,Hydroprogne caspia,Caspian Tern,waterbird,Charadriiformes,Laridae,9,5,Gulls and terns strongly negatively affected in Song et al. 2024,655,21.9499546,12.43105878,4,4,2,2,2615.750602,1.306721314,18,0.076680328,1.380245912,0.793117409,2220.672828
categr,Bubulcus ibis/coromandus,Western/Eastern Cattle Egret,waterbird,Pelecaniformes,Ardeidae,9,5,Eastern cattle egret completely absent in FPV (Song et al. 2024),365.95,13.59054696,31.77653636,3.4,5,3,1,11.77540561,1.001380777,19.8,0.000345194,0.006834845,0.78145749,4.57463909
cedwax,Bombycilla cedrorum,Cedar Waxwing,landbird,Passeriformes,Bombycillidae,8,1,,31.58,1.807281823,17.45170801,2,5,1,1,4875.315045,1.571676457,1.5,0.142919114,0.214378671,0.9,4323.864145
cerwar,Setophaga cerulea,Cerulean Warbler,landbird,Passeriformes,Parulidae,14,1,,9.04,0.645156598,11.1298482,1.470588235,4,5,2,3603.105043,1.422497891,8.676470588,0.105624473,0.916447631,0.853512741,10408.99423
chispa,Spizella passerina,Chipping Sparrow,landbird,Passeriformes,Passerellidae,9,1,,12.2,0.825805278,6.975588938,1,2,2,4,1977.378646,1.231866209,5,0.057966552,0.289832762,0.877327935,1464.881237
chiswi,Chaetura pelagica,Chimney Swift,landbird,Apodiformes,Apodidae,13,1,,23.6,1.421847875,10.73227893,2,3,5,3,5822.313793,1.68272095,12.5,0.170680238,2.133502969,0.828744939,3838.368548
chswar,Setophaga pensylvanica,Chestnut-sided Warbler,landbird,Passeriformes,Parulidae,12,1,,9.29,0.659813765,12.34057208,2,4,4,2,4976.27276,1.583514697,8,0.145878674,1.167029393,0.857894737,5267.673355
chwwid,Antrostomus carolinensis,Chuck-will's-widow,landbird,Caprimulgiformes,Caprimulgidae,12,1,,109,5.01279882,11.76255111,2,4,4,2,9240.395793,2.083523152,8,0.270880788,2.167046305,0.857894737,2517.292601
clcspa,Spizella pallida,Clay-colored Sparrow,landbird,Passeriformes,Passerellidae,10,1,,11.2,0.76964669,12.81323642,2.416666667,4,3,2,10.37758175,1.001216869,6.625,0.000304217,0.002015439,0.866801619,5.626287774
cliswa,Petrochelidon pyrrhonota,Cliff Swallow,landbird,Passeriformes,Hirundinidae,5,2,,21.6,1.321851885,18.45422861,1.25,5,1,1,44.27093688,1.005191183,2.25,0.001297796,0.00292004,0.8951417,45.52857083
comgal1,Gallinula galeata,Common Gallinule,waterbird,Gruiformes,Rallidae,8,3,"Song et al. 2024 found proportion of total richness was higher for vegetation gleaners, but absolute numbers were lower for eurasian coot and higher for common moorhen. Appears less impacted than other guilds.",383,14.10987925,5.4736618,4,1,2,5,31.85101606,1.003734831,27,0.000933708,0.025210107,0.734817814,11.17821579
comgol,Bucephala clangula,Common Goldeneye,waterfowl,Anseriformes,Anatidae,9,4,,918.56,28.99865439,11.93646962,5,4,2,2,1308.132006,1.153390758,28,0.038347689,1.073735306,0.728340081,1842.922975
comgra,Quiscalus quiscula,Common Grackle,landbird,Passeriformes,Icteridae,10,1,,105.18,4.867674502,8.508124762,3,3,3,3,20797.53003,3.438705636,9,0.609676409,5.487087681,0.851417004,12650.20156
comloo,Gavia immer,Common Loon,waterbird,Gaviiformes,Gaviidae,9,5,,4956.81,116.2136834,13.08639194,5,4,2,2,3848.588194,1.451283095,35,0.112820774,3.948727082,0.682995951,4618.935788
commer,Mergus merganser,Common Merganser,waterfowl,Anseriformes,Anatidae,10,5,,1451.02,42.25680685,11.33160116,5,4,3,2,6394.081752,1.749766111,52.5,0.187441528,9.840680206,0.569635628,4059.810383
comnig,Chordeiles minor,Common Nighthawk,landbird,Caprimulgiformes,Caprimulgidae,11,1,,79.3,3.85754621,11.66384916,2,4,4,2,3974.412368,1.466037161,8,0.11650929,0.932074321,0.857894737,2721.420157
comrav,Corvus corax,Common Raven,landbird,Passeriformes,Corvidae,6,1,,927.97,29.24307165,10.05751318,4,3,1,3,121.1504619,1.014206029,3.5,0.003551507,0.012430275,0.887044534,143.1897723
comred,Acanthis flammea,Common Redpoll,landbird,Passeriformes,Fringillidae,9,1,,13,0.870147069,13.96872365,2.125,4,3,2,130.6092953,1.015315166,6.1875,0.003828791,0.023690647,0.869635628,237.0954014
comyel,Geothlypis trichas,Common Yellowthroat,landbird,Passeriformes,Parulidae,9,2,,9.54,0.67440147,16.19271501,2,5,2,1,3638.197825,1.426612849,6,0.106653212,0.639919274,0.870850202,2929.489234
coohaw,Accipiter cooperii,Cooper's Hawk,landbird,Accipitriformes,Accipitridae,7,1,,429.67,15.51121311,18.13512423,4,5,1,1,4156.008679,1.487331033,2.5,0.121832758,0.304581896,0.893522267,2493.6583
daejun,Junco hyemalis,Dark-eyed Junco,landbird,Passeriformes,Passerellidae,9,1,,19.5,1.215076634,19.83101686,2,5,2,1,1567.34253,1.183785625,3,0.045946406,0.137839219,0.890283401,1428.898749
dickci,Spiza americana,Dickcissel,landbird,Passeriformes,Cardinalidae,10,1,,26.18,1.548667065,9.249221875,2,3,3,3,45.36988315,1.005320045,7.5,0.001330011,0.009975084,0.861133603,24.62229313
doccor,Nannopterum auritum,Double-crested Cormorant,waterbird,Suliformes,Phalacrocoracidae,8,1,Positive response according to Song et al. 2024.,1806.49,50.61306522,7.188062921,5,2,2,4,3947.406422,1.46287046,27,0.115717615,3.124375604,0.734817814,3610.744697
dowwoo,Dryobates pubescens,Downy Woodpecker,landbird,Piciformes,Picidae,8,1,,25.55,1.517911602,6.017030586,2,1,2,5,2483.971315,1.291268955,7,0.072817239,0.509720672,0.86437247,1877.49446
dunlin,Calidris alpina,Dunlin,shorebird,Charadriiformes,Scolopacidae,12,5,Shorebirds strongly negatively affected in Song et al. 2024,51.89,2.720390323,11.12705897,3,4,4,2,2300.541052,1.269760035,30,0.067440009,2.023200263,0.715384615,4116.192596
easblu,Sialia sialis,Eastern Bluebird,landbird,Passeriformes,Turdidae,7,1,,27.5,1.612688607,9.518001008,2,3,1,3,2974.00238,1.348729698,2.5,0.087182424,0.217956061,0.893522267,2343.143476
easkin,Tyrannus tyrannus,Eastern Kingbird,landbird,Passeriformes,Tyrannidae,11,2,,39.85,2.188833055,7.207102753,1,2,4,4,1398.984312,1.164044044,20,0.041011011,0.820220219,0.780161943,928.9980316
easmea,Sturnella magna,Eastern Meadowlark,landbird,Passeriformes,Icteridae,11,1,,91.76,4.350154628,8.973032341,4,3,4,3,977.6688965,1.114640856,14,0.028660214,0.401242997,0.81902834,884.4849523
easowl1,Megascops asio,Eastern Screech-Owl,landbird,Strigiformes,Strigidae,9,1,,179.99,7.576286932,6.446676831,4,1,3,5,8413.35267,1.986544582,13.5,0.246636146,3.329587965,0.822267206,8147.69332
easpho,Sayornis phoebe,Eastern Phoebe,landbird,Passeriformes,Tyrannidae,9,1,,19.7,1.225330096,11.94155295,1,4,2,2,4295.152403,1.503646941,3,0.125911735,0.377735206,0.890283401,3632.083962
eastow,Pipilo erythrophthalmus,Eastern Towhee,landbird,Passeriformes,Passerellidae,13,1,,40.03,2.196971607,14.12161675,3,5,5,1,4439.133914,1.520530124,10,0.130132531,1.301325311,0.844939271,4187.762831
easwpw1,Antrostomus vociferus,Eastern Whip-poor-will,landbird,Caprimulgiformes,Caprimulgidae,14,1,,53.3,2.781119599,6.813611738,1.75,2,5,4,10367.57066,2.215694988,14.375,0.303923747,4.368903862,0.81659919,10871.33511
eawpew,Contopus virens,Eastern Wood-Pewee,landbird,Passeriformes,Tyrannidae,9,1,,13.9,0.919460286,5.702824581,1,1,3,5,2763.951709,1.324099285,9,0.081024821,0.729223391,0.851417004,2355.613159
eursta,Sturnus vulgaris,European Starling,landbird,Passeriformes,Sturnidae,9,1,,77.14,3.770808317,9.746803211,3,3,2,3,2480.844093,1.290902259,6,0.072725565,0.436353389,0.870850202,1728.94386
evegro,Coccothraustes vespertinus,Evening Grosbeak,landbird,Passeriformes,Fringillidae,14,1,,57.3,2.951889623,9.519693898,2.125,3,5,3,974.0467248,1.114216123,12.8125,0.028554031,0.365848517,0.826720648,2038.452381
fiespa,Spizella pusilla,Field Sparrow,landbird,Passeriformes,Passerellidae,13,1,,12.5,0.842491874,10.3492698,2,3,5,3,4474.409469,1.524666515,12.5,0.131166629,1.639582858,0.828744939,3632.610236
fiscro,Corvus ossifragus,Fish Crow,landbird,Passeriformes,Corvidae,11,1,,284.6,11.04896631,12.82134167,3,4,4,2,15580.7802,2.826992745,10,0.456748186,4.567481863,0.844939271,6131.3191
forter,Sterna forsteri,Forster's Tern,waterbird,Charadriiformes,Laridae,13,5,Gulls and terns strongly negatively affected in Song et al. 2024,149,6.484527479,13.87379953,2,4,5,2,2869.275961,1.336449542,30,0.084112386,2.523371566,0.715384615,3272.314869
foxspa,Passerella iliaca,Fox Sparrow,landbird,Passeriformes,Passerellidae,9,1,,33.25,1.885625316,14.60574068,3,5,2,1,4830.484903,1.566419702,4,0.141604925,0.566419702,0.883805668,3862.334908
gadwal,Mareca strepera,Gadwall,waterfowl,Anseriformes,Anatidae,8,4,,915.58,28.92115929,12.35255351,5,4,1,2,712.165215,1.083508057,14,0.020877014,0.2922782,0.81902834,308.2132135
gbbgul,Larus marinus,Great Black-backed Gull,waterbird,Charadriiformes,Laridae,15,5,Gulls and terns strongly negatively affected in Song et al. 2024,1649.71,46.96710064,15.72008641,4,5,5,1,2941.589902,1.344929031,37.5,0.086232258,3.233709662,0.666801619,3113.644278
glagul,Larus hyperboreus,Glaucous Gull,waterbird,Charadriiformes,Laridae,13,5,Gulls and terns strongly negatively affected in Song et al. 2024,1529.04,44.11919039,7.896030979,3.114285714,2,5,4,30.49008812,1.003575249,53.35714286,0.000893812,0.047691269,0.564083285,22.93836577
gloibi,Plegadis falcinellus,Glossy Ibis,waterbird,Pelecaniformes,Threskiornithidae,8,3,,626.61,21.16343827,5.695472285,4,1,2,5,2792.066388,1.327395995,27,0.081848999,2.209922966,0.734817814,1771.868141
gnwtea,Anas crecca,Green-winged Teal,waterfowl,Anseriformes,Anatidae,9,4,,341.89,12.85033934,13.00470334,5,4,2,2,712.7846793,1.083580695,28,0.020895174,0.585064865,0.728340081,371.5077235
gockin,Regulus satrapa,Golden-crowned Kinglet,landbird,Passeriformes,Regulidae,10,1,,6.19,0.472299869,21.04200773,1,5,3,1,2361.556122,1.276914625,3,0.069228656,0.207685969,0.890283401,2396.979907
goleag,Aquila chrysaetos,Golden Eagle,landbird,Accipitriformes,Accipitridae,10,1,Fishing rare,4247.97,102.344773,17.87902288,5,5,3,1,55.60207426,1.006519865,9,0.001629966,0.014669697,0.851417004,160.4316842
gowwar,Vermivora chrysoptera,Golden-winged Warbler,landbird,Passeriformes,Parulidae,15,1,,8.74,0.627473107,7.623729095,1.470588235,2,5,4,475.5084619,1.055757831,13.67647059,0.013939458,0.190642584,0.821124077,1174.263685
graspa,Ammodramus savannarum,Grasshopper Sparrow,landbird,Passeriformes,Passerellidae,12,1,,17.61,1.117231142,8.763468065,2,3,4,3,920.6463054,1.107954422,10,0.026988606,0.269886055,0.844939271,740.0723382
grbher3,Ardea herodias,Great Blue Heron,waterbird,Pelecaniformes,Ardeidae,8,3,,2523.41,66.64927126,9.973478154,4,3,2,3,2322.748226,1.272364035,21,0.068091009,1.429911182,0.773684211,1451.34508
grcfly,Myiarchus crinitus,Great Crested Flycatcher,landbird,Passeriformes,Tyrannidae,8,1,,32.1,1.831752883,6.141142038,1,1,2,5,2635.040988,1.308983293,6,0.077245823,0.463474939,0.870850202,1711.766464
grecor,Phalacrocorax carbo,Great Cormorant,waterbird,Suliformes,Phalacrocoracidae,10,1,Positive response according to Song et al. 2024.,2528.97,66.77018097,8.654677411,5,3,3,3,809.5513373,1.094927494,36,0.023731874,0.854347447,0.676518219,1615.416813
greegr,Ardea alba,Great Egret,waterbird,Pelecaniformes,Ardeidae,6,3,,871.33,27.76509991,6.040560685,3,1,1,5,223.7571043,1.026237621,12,0.006559405,0.078712863,0.831983806,116.6409301
gresca,Aythya marila,Greater Scaup,waterfowl,Anseriformes,Anatidae,10,4,,1005.37,31.23734829,9.577922614,5,3,3,3,6455.013182,1.756910893,48,0.189227723,9.082930717,0.598785425,6739.443962
greyel,Tringa melanoleuca,Greater Yellowlegs,shorebird,Charadriiformes,Scolopacidae,14,5,Shorebirds strongly negatively affected in Song et al. 2024,161.74,6.937780807,12.4930866,4,4,5,2,860.1108992,1.100856077,45,0.025214019,1.13463087,0.618218623,520.3822412
grhowl,Bubo virginianus,Great Horned Owl,landbird,Strigiformes,Strigidae,8,1,,1575.7,45.22494625,5.944838577,4,1,2,5,748.7274605,1.087795324,9,0.021948831,0.197539478,0.851417004,457.9032981
grnher,Butorides virescens,Green Heron,waterbird,Pelecaniformes,Ardeidae,12,3,,201.5,8.314379425,5.801312943,3,1,4,5,2270.962896,1.266291719,48,0.06657293,3.195500624,0.598785425,1136.319647
grycat,Dumetella carolinensis,Gray Catbird,landbird,Passeriformes,Mimidae,8,1,,35.3,1.980853812,14.31766365,2,5,1,1,7301.503935,1.85616988,1.5,0.21404247,0.321063705,0.9,4701.905309
gryjay,Perisoreus canadensis,Canada Jay,landbird,Passeriformes,Corvidae,9,1,,71.58,3.545525914,10.90581212,3.133333333,4,3,2,8.242530055,1.000966514,7.7,0.000241629,0.00186054,0.859838057,61.44435637
gycthr,Catharus minimus,Gray-cheeked Thrush,landbird,Passeriformes,Turdidae,9,1,,31.58,1.807281823,11.77440011,2,4,2,2,4938.419434,1.579076039,4,0.14476901,0.579076039,0.883805668,4176.3766
haiwoo,Dryobates villosus,Hairy Woodpecker,landbird,Piciformes,Picidae,6,1,,62.65,3.177051515,16.74534403,2.454545455,5,1,1,1473.254527,1.172752924,1.727272727,0.043188231,0.074597853,0.898527788,1439.251261
henspa,Centronyx henslowii,Henslow's Sparrow,landbird,Passeriformes,Passerellidae,15,1,,12.8,0.859107928,12.74520081,2.416666667,4,5,2,519.0888029,1.060868035,11.04166667,0.015217009,0.168021139,0.838191633,795.306146
hergul,Larus argentatus,Herring Gull,waterbird,Charadriiformes,Laridae,12,5,Gulls and terns strongly negatively affected in Song et al. 2024,1090.99,33.41212813,22.89108996,4,5,4,1,9284.910992,2.088742977,30,0.272185744,8.165572331,0.715384615,5291.019538
herthr,Catharus guttatus,Hermit Thrush,landbird,Passeriformes,Turdidae,9,1,,30.1,1.737238804,11.4277034,3,4,2,2,4172.292193,1.489240428,5,0.122310107,0.611550535,0.877327935,3595.063414
hoared,Acanthis hornemanni,Hoary Redpoll,landbird,Passeriformes,Fringillidae,9,1,,15.2,0.989711121,16.07594585,2.125,5,3,1,6.240202949,1.000731722,4.6875,0.000182931,0.000857487,0.879352227,6.238529775
hoomer,Lophodytes cucullatus,Hooded Merganser,waterfowl,Anseriformes,Anatidae,8,5,,613.77,20.80566481,6.980014779,5,2,2,4,15067.89331,2.766851944,45,0.441712986,19.87708436,0.618218623,7840.63196
hoowar,Setophaga citrina,Hooded Warbler,landbird,Passeriformes,Parulidae,10,1,,10.54,0.732098689,22.01461853,1,5,3,1,2156.372823,1.252854957,3,0.063213739,0.189641218,0.890283401,3418.975449
horgre,Podiceps auritus,Horned Grebe,waterbird,Podicipediformes,Podicipedidae,13,5,,453,16.20152579,6.340335355,5,1,5,5,2996.021085,1.351311598,125,0.087827899,10.97848743,0.1,3783.569332
horlar,Eremophila alpestris,Horned Lark,landbird,Passeriformes,Alaudidae,9,1,,33.33,1.88936061,6.276838273,2,1,3,5,310.5113638,1.036410372,10.5,0.009102593,0.095577228,0.841700405,280.2960047
houfin,Haemorhous mexicanus,House Finch,landbird,Passeriformes,Fringillidae,6,1,,21.4,1.311764508,11.16986729,2.125,4,1,2,866.446151,1.101598945,2.0625,0.025399736,0.052386956,0.896356275,435.9961389
houspa,Passer domesticus,House Sparrow,landbird,Passeriformes,Passeridae,9,1,,26.51,1.564724809,20.5253564,3,5,2,1,1102.889316,1.129324126,4,0.032331031,0.129324126,0.883805668,570.3529467
houwre,Troglodytes aedon,House Wren,landbird,Passeriformes,Troglodytidae,5,1,,10.85,0.74978503,16.69225719,2,5,1,1,385.3037976,1.045180487,1.5,0.011295122,0.016942683,0.9,262.6653889
hudgod,Limosa haemastica,Hudsonian Godwit,shorebird,Charadriiformes,Scolopacidae,17,5,Shorebirds strongly negatively affected in Song et al. 2024,253.29,10.03780405,5.861614378,3.535714286,1,5,5,27.02670665,1.003169135,64.01785714,0.000792284,0.050720309,0.495026027,38.77258512
indbun,Passerina cyanea,Indigo Bunting,landbird,Passeriformes,Cardinalidae,10,1,,14.69,0.962282785,14.97192237,2,5,3,1,1607.445427,1.188488066,4.5,0.047122017,0.212049075,0.880566802,1454.565356
kenwar,Geothlypis formosa,Kentucky Warbler,landbird,Passeriformes,Parulidae,14,1,,14,0.924904138,11.1801041,1.470588235,4,5,2,397.2306909,1.046579028,8.676470588,0.011644757,0.101035391,0.853512741,940.0607864
killde,Charadrius vociferus,Killdeer,shorebird,Charadriiformes,Charadriidae,10,5,Shorebirds strongly negatively affected in Song et al. 2024,96.44,4.532057418,19.81265615,3,5,3,1,1164.180281,1.136511067,18,0.034127767,0.614299801,0.793117409,756.9066998
kinrai4,Rallus elegans,King Rail,waterbird,Gruiformes,Rallidae,15,3,,313.31,11.95897557,6.627453324,4,1,5,5,277.7734776,1.032571548,67.5,0.008142887,0.549644871,0.472469636,344.2998336
laplon,Calcarius lapponicus,Lapland Longspur,landbird,Passeriformes,Calcariidae,10,1,,27.84,1.629090278,10.42321447,2,3,3,3,5.728029998,1.000671665,7.5,0.000167916,0.001259372,0.861133603,6.822695797
laugul,Leucophaeus atricilla,Laughing Gull,waterbird,Charadriiformes,Laridae,11,5,Gulls and terns strongly negatively affected in Song et al. 2024,307.41,11.77321163,14.22565236,3,5,4,1,5945.462998,1.697161351,24,0.174290338,4.182968103,0.754251012,4102.444966
lbbgul,Larus fuscus,Lesser Black-backed Gull,waterbird,Charadriiformes,Laridae,7,5,Gulls and terns strongly negatively affected in Song et al. 2024,762.36,24.87240068,10.92786306,4,4,1,2,1383.932403,1.162279066,9,0.040569767,0.365127899,0.851417004,2210.599275
leabit,Ixobrychus exilis,Least Bittern,waterbird,Pelecaniformes,Ardeidae,10,3,,86.29,4.135452945,20.51872126,3.4,5,4,1,873.8762522,1.102470194,26.4,0.025617549,0.676303282,0.738704453,403.4229973
leafly,Empidonax minimus,Least Flycatcher,landbird,Passeriformes,Tyrannidae,11,1,,10,0.70106842,5.693630025,1,1,4,5,2127.090138,1.249421287,12,0.062355322,0.748263861,0.831983806,1837.092205
leasan,Calidris minutilla,Least Sandpiper,shorebird,Charadriiformes,Scolopacidae,11,5,Shorebirds strongly negatively affected in Song et al. 2024,22.88,1.386028443,8.775160175,3.535714286,3,4,3,1316.76612,1.154403189,39.21428571,0.038600797,1.513702692,0.655696935,696.9897856
lessca,Aythya affinis,Lesser Scaup,waterfowl,Anseriformes,Anatidae,9,4,,819.45,26.39639275,15.98772102,5,5,2,1,1576.854574,1.184901002,24,0.04622525,1.109406011,0.754251012,1385.771995
lesyel,Tringa flavipes,Lesser Yellowlegs,shorebird,Charadriiformes,Scolopacidae,13,5,Shorebirds strongly negatively affected in Song et al. 2024,77.5,3.785294098,7.391024541,3.535714286,2,5,4,396.8698806,1.046536719,56.51785714,0.01163418,0.657538912,0.543609023,233.952836
libher,Egretta caerulea,Little Blue Heron,waterbird,Pelecaniformes,Ardeidae,12,3,,338.61,12.74872988,5.21845202,3,1,4,5,132.4787751,1.01553438,48,0.003883595,0.186412561,0.598785425,58.60183096
linspa,Melospiza lincolnii,Lincoln's Sparrow,landbird,Passeriformes,Passerellidae,7,1,,16.6,1.06419015,9.889150996,3,3,1,3,618.3715775,1.072509873,3,0.018127468,0.054382404,0.890283401,445.3701471
lobdow,Limnodromus scolopaceus,Long-billed Dowitcher,shorebird,Charadriiformes,Scolopacidae,14,5,Shorebirds strongly negatively affected in Song et al. 2024,104.4,4.837928329,6.818051925,3.535714286,2,5,4,5.32512808,1.000624421,56.51785714,0.000156105,0.008822738,0.543609023,3.249882894
loeowl,Asio otus,Long-eared Owl,landbird,Strigiformes,Strigidae,10,1,,296.57,11.4302561,7.168879872,2,2,3,4,1077.653464,1.126364985,9,0.031591246,0.284321217,0.851417004,1546.220348
logshr,Lanius ludovicianus,Loggerhead Shrike,landbird,Passeriformes,Laniidae,11,1,,51.59,2.707431845,12.76088389,2.2,4,4,2,2.142250002,1.000251199,8.4,6.28E-05,0.000527518,0.855303644,2.47525171
lotduc,Clangula hyemalis,Long-tailed Duck,waterfowl,Anseriformes,Anatidae,13,4,,871,27.7564401,15.98772102,5,5,5,1,1384.082263,1.162296639,60,0.04057416,2.43444958,0.521052632,3605.204758
louwat,Parkesia motacilla,Louisiana Waterthrush,landbird,Passeriformes,Parulidae,11,2,,19.9,1.235565201,13.67439713,2,4,4,2,3827.811861,1.448846875,16,0.112211719,1.795387499,0.806072874,4426.351857
magwar,Setophaga magnolia,Magnolia Warbler,landbird,Passeriformes,Parulidae,9,1,,8.14,0.591779171,9.172275981,1,3,2,3,3649.15093,1.427897204,4,0.106974301,0.427897204,0.883805668,3458.948511
mallar3,Anas platyrhynchos,Mallard,waterfowl,Anseriformes,Anatidae,7,1,Increased in abundance (Song et al. 2024),843.42,27.0306179,12.79780377,5,4,1,2,1612.942431,1.189132642,14,0.04728316,0.661964246,0.81902834,867.3971866
margod,Limosa fedoa,Marbled Godwit,shorebird,Charadriiformes,Scolopacidae,15,5,Shorebirds strongly negatively affected in Song et al. 2024,357.02,13.31684802,8.045960817,3.535714286,2,5,4,43.09920881,1.005053787,56.51785714,0.001263447,0.071407301,0.543609023,68.20597023
marwre,Cistothorus palustris,Marsh Wren,landbird,Passeriformes,Troglodytidae,7,2,,10.8,0.746938491,8.799029446,2,3,1,3,1501.076353,1.176015294,5,0.044003823,0.220019117,0.877327935,786.8838403
merlin,Falco columbarius,Merlin,landbird,Falconiformes,Falconidae,8,1,,188.5,7.87006392,20.31952854,3,5,1,1,2205.68239,1.258636966,2,0.064659242,0.129318483,0.896761134,1416.976895
miskit,Ictinia mississippiensis,Mississippi Kite,landbird,Accipitriformes,Accipitridae,9,1,,276.03,10.77424196,5.986848444,3.6,1,3,5,82.67012799,1.009693849,12.9,0.002423462,0.031262662,0.826153846,33.66691376
moudov,Zenaida macroura,Mourning Dove,landbird,Columbiformes,Columbidae,7,1,,118.93,5.385946147,16.13171661,3,5,1,1,1274.715397,1.149472347,2,0.037368087,0.074736173,0.896761134,1081.895475
mouwar,Geothlypis philadelphia,Mourning Warbler,landbird,Passeriformes,Parulidae,12,1,,11.74,0.800077441,14.04508975,1.470588235,5,5,1,3858.528953,1.452448742,6.176470588,0.113112186,0.698634087,0.869707073,4255.148669
mutswa,Cygnus olor,Mute Swan,waterfowl,Anseriformes,Anatidae,8,1,Swans increased in abundance (Song et al. 2024),10682.04,218.7029573,9.449225836,5,3,1,3,34112.40737,5,16,1,16,0.806072874,11320.98766
naswar,Leiothlypis ruficapilla,Nashville Warbler,landbird,Passeriformes,Parulidae,11,1,,8.09,0.588784119,13.09898718,1.470588235,4,4,2,1611.338227,1.188944534,6.941176471,0.047236133,0.327874338,0.864753513,1553.960399
norbob,Colinus virginianus,Northern Bobwhite,landbird,Galliformes,Odontophoridae,12,1,,171.89,7.294378095,11.06064511,5,4,4,2,157.7544556,1.018498191,14,0.004624548,0.064743668,0.81902834,105.1302584
norcar,Cardinalis cardinalis,Northern Cardinal,landbird,Passeriformes,Cardinalidae,6,1,,42.64,2.314271725,9.100819242,2,3,1,3,1441.973612,1.169084943,2.5,0.042271236,0.105678089,0.893522267,1074.984646
norfli,Colaptes auratus,Northern Flicker,landbird,Piciformes,Picidae,10,1,,131.46,5.849059512,7.11634998,3,2,3,4,1693.885313,1.198623955,10.5,0.049655989,0.521387881,0.841700405,1348.007585
norhar2,Circus hudsonius,Northern Harrier,landbird,Accipitriformes,Accipitridae,11,1,,392.98,14.41196378,32.5784233,3,5,4,1,520.8403634,1.061073422,8,0.015268356,0.122146844,0.857894737,419.8275023
normoc,Mimus polyglottos,Northern Mockingbird,landbird,Passeriformes,Mimidae,9,1,,48.5,2.573168133,19.63134239,2,5,2,1,869.8529834,1.101998428,3,0.025499607,0.076498821,0.890283401,533.139374
norpar,Setophaga americana,Northern Parula,landbird,Passeriformes,Parulidae,9,1,,7.84,0.573759341,6.795922453,1,2,2,4,4521.771407,1.530220146,5,0.132555037,0.662775183,0.877327935,3343.8301
norpin,Anas acuta,Northern Pintail,waterfowl,Anseriformes,Anatidae,13,4,,944.62,29.67447453,11.92746774,5,4,5,2,485.482867,1.056927424,70,0.014231856,0.996229915,0.456275304,190.5834785
norsho,Spatula clypeata,Northern Shoveler,waterfowl,Anseriformes,Anatidae,7,4,,612.56,20.77188167,13.4446464,5,4,1,2,172.4063146,1.020216259,14,0.005054065,0.070756906,0.81902834,54.55448257
norshr4,Lanius borealis,Northern Shrike,landbird,Passeriformes,Laniidae,13,1,,67.5,3.37824686,9.551769486,2.2,3,5,3,288.6596019,1.033848048,13,0.008462012,0.110006157,0.825506073,414.4660621
norwat,Parkesia noveboracensis,Northern Waterthrush,landbird,Passeriformes,Parulidae,8,2,,16.3,1.048326883,7.007721276,2,2,1,4,3950.086596,1.463184735,6,0.115796184,0.694777103,0.870850202,2383.853782
nrwswa,Stelgidopteryx serripennis,Northern Rough-winged Swallow,landbird,Passeriformes,Hirundinidae,9,2,,15.69,1.015911177,7.356938427,1.25,2,3,4,1405.169804,1.164769351,15.75,0.041192338,0.648779319,0.807692308,798.5932187
nswowl,Aegolius acadicus,Northern Saw-whet Owl,landbird,Strigiformes,Strigidae,8,1,,100.69,4.695899937,7.743822372,3,2,2,4,13779.2273,2.615743756,7,0.403935939,2.827551572,0.86437247,13166.88487
olsfly,Contopus cooperi,Olive-sided Flycatcher,landbird,Passeriformes,Tyrannidae,13,1,,32.1,1.831752883,5.647017406,1,1,5,5,279.2895167,1.032749318,15,0.008187329,0.122809941,0.812550607,470.4039987
orcori,Icterus spurius,Orchard Oriole,landbird,Passeriformes,Icteridae,10,1,,19.44,1.211996983,11.90737319,2,4,3,2,1526.393911,1.178984015,6,0.044746004,0.268476023,0.870850202,978.381414
orcwar,Leiothlypis celata,Orange-crowned Warbler,landbird,Passeriformes,Parulidae,8,1,,9.19,0.653959357,9.304834727,1.470588235,3,2,3,92.19272606,1.010810463,4.470588235,0.002702616,0.012082282,0.880757323,38.26701066
osprey,Pandion haliaetus,Osprey,landbird,Accipitriformes,Pandionidae,7,3,,1483.2,43.02705202,15.92264926,4,5,1,1,5308.465716,1.622467439,7.5,0.15561686,1.167126449,0.861133603,3551.585091
ovenbi1,Seiurus aurocapilla,Ovenbird,landbird,Passeriformes,Parulidae,9,1,,18.8,1.179041709,6.394129163,2,1,2,5,9136.112071,2.071294907,7,0.267823727,1.874766087,0.86437247,9127.016388
palwar,Setophaga palmarum,Palm Warbler,landbird,Passeriformes,Parulidae,10,1,,10.3,0.718342975,11.29800569,1.470588235,4,3,2,6854.688749,1.803776605,5.205882353,0.200944151,1.046091611,0.875994284,4154.989653
pecsan,Calidris melanotos,Pectoral Sandpiper,shorebird,Charadriiformes,Scolopacidae,14,5,Shorebirds strongly negatively affected in Song et al. 2024,79.73,3.874763395,8.200315304,4,2,5,4,157.2995585,1.01844485,60,0.004611212,0.276672749,0.521052632,73.777933
perfal,Falco peregrinus,Peregrine Falcon,landbird,Falconiformes,Falconidae,9,1,,759.95,24.80763288,19.91931565,4,5,2,1,1194.549458,1.140072138,5,0.035018034,0.175090172,0.877327935,833.4608909
phivir,Vireo philadelphicus,Philadelphia Vireo,landbird,Passeriformes,Vireonidae,9,1,,11.5,0.786583852,9.923777608,2,3,3,3,3151.174328,1.369504772,7.5,0.092376193,0.692821448,0.861133603,2958.802221
pibgre,Podilymbus podiceps,Pied-billed Grebe,waterbird,Podicipediformes,Podicipedidae,8,5,,411.93,14.98187498,5.903639807,5,1,2,5,1111.029701,1.130278662,50,0.032569666,1.62848328,0.58582996,543.9413414
pilwoo,Dryocopus pileatus,Pileated Woodpecker,landbird,Piciformes,Picidae,7,1,,286.59,11.11254852,18.2876283,2.454545455,5,1,1,1532.145563,1.179658451,1.727272727,0.044914613,0.077579785,0.898527788,1679.948253
pingro,Pinicola enucleator,Pine Grosbeak,landbird,Passeriformes,Fringillidae,12,1,,56.4,2.913655029,6.407380234,3,1,4,5,41.91378291,1.004914785,16,0.001228696,0.019659138,0.806072874,167.80256
pinsis,Spinus pinus,Pine Siskin,landbird,Passeriformes,Fringillidae,10,1,,12.7,0.85357696,13.85609438,2.125,4,3,2,1335.350737,1.15658241,6.1875,0.039145602,0.242213415,0.869635628,1505.613634
pinwar,Setophaga pinus,Pine Warbler,landbird,Passeriformes,Parulidae,8,1,,11.79,0.802882449,9.561149584,1.470588235,3,2,3,4412.299283,1.517383512,4.470588235,0.129345878,0.578252161,0.880757323,3147.308051
pipplo,Charadrius melodus,Piping Plover,shorebird,Charadriiformes,Charadriidae,16,5,Shorebirds strongly negatively affected in Song et al. 2024,54.39,2.827871993,7.110445437,3.222222222,2,5,4,7047.904192,1.82643293,54.16666667,0.206608232,11.19127926,0.558839406,9180.403121
prawar,Setophaga discolor,Prairie Warbler,landbird,Passeriformes,Parulidae,14,1,,7.64,0.561678605,9.635978011,1.470588235,3,5,3,7686.126489,1.901270486,11.17647059,0.225317621,2.518255769,0.837318409,4461.149462
prowar,Protonotaria citrea,Prothonotary Warbler,landbird,Passeriformes,Parulidae,14,1,,14.3,0.941194768,8.784908819,1.470588235,3,5,3,1233.393727,1.144626993,11.17647059,0.036156748,0.404104834,0.837318409,734.005881
purfin,Haemorhous purpureus,Purple Finch,landbird,Passeriformes,Fringillidae,8,1,,23.3,1.406946892,16.29788808,2,5,2,1,5569.382464,1.653062377,3,0.163265594,0.489796783,0.890283401,6086.209825
purmar,Progne subis,Purple Martin,landbird,Passeriformes,Hirundinidae,9,2,,53.79,2.802157406,6.419240511,2,1,2,5,2289.188331,1.268428822,14,0.067107205,0.939500877,0.81902834,1627.826022
pursan,Calidris maritima,Purple Sandpiper,shorebird,Charadriiformes,Scolopacidae,12,5,Shorebirds strongly negatively affected in Song et al. 2024,65.1,3.279017102,5.837704212,3.535714286,1,5,5,1723.699715,1.202119973,64.01785714,0.050529993,3.234821892,0.495026027,11427.96618
rebmer,Mergus serrator,Red-breasted Merganser,waterfowl,Anseriformes,Anatidae,9,5,,1015.17,31.48788141,11.33580297,5,4,2,2,2653.614031,1.311161156,35,0.077790289,2.722660119,0.682995951,3379.579147
rebnut,Sitta canadensis,Red-breasted Nuthatch,landbird,Passeriformes,Sittidae,7,1,,9.8,0.689501293,6.840131529,2,2,1,4,1245.564375,1.146054116,3,0.036513529,0.109540587,0.890283401,1495.113018
rebwoo,Melanerpes carolinus,Red-bellied Woodpecker,landbird,Piciformes,Picidae,7,1,,69.5,3.460462928,8.133619072,3,2,1,4,1911.970499,1.22419649,3.5,0.056049122,0.196171929,0.887044534,1373.869873
redcro,Loxia curvirostra,Red Crossbill,landbird,Passeriformes,Fringillidae,9,1,,38.29,2.118023263,7.280035607,3,2,2,4,1043.727342,1.122386829,7,0.030596707,0.214176951,0.86437247,1355.387888
redhea,Aythya americana,Redhead,waterfowl,Anseriformes,Anatidae,8,4,,1075.69,33.02578063,8.37431307,5,3,2,3,2485.917358,1.291497147,32,0.072874287,2.331977177,0.70242915,2708.842301
redkno,Calidris canutus,Red Knot,shorebird,Charadriiformes,Scolopacidae,13,5,Shorebirds strongly negatively affected in Song et al. 2024,141.87,6.227895887,4.815036149,4,1,5,5,3036.705061,1.356082176,67.5,0.089020544,6.008886719,0.472469636,4426.349855
reevir1,Vireo olivaceus,Red-eyed Vireo,landbird,Passeriformes,Vireonidae,5,1,,16.06,1.035599159,5.721089353,2,1,1,5,3637.93386,1.426581897,3.5,0.106645474,0.37325916,0.887044534,3612.238378
rehwoo,Melanerpes erythrocephalus,Red-headed Woodpecker,landbird,Piciformes,Picidae,12,1,,71.6,3.546341691,15.17167491,2.454545455,5,5,1,1108.249654,1.129952676,8.636363636,0.032488169,0.280579641,0.853772543,911.6757271
rengre,Podiceps grisegena,Red-necked Grebe,waterbird,Podicipediformes,Podicipedidae,9,5,,1023,31.6877455,6.199910225,5,1,3,5,218.7996637,1.025656315,75,0.006414079,0.481055899,0.42388664,1096.410528
reshaw,Buteo lineatus,Red-shouldered Hawk,landbird,Accipitriformes,Accipitridae,8,1,,603.72,20.52471008,17.46594039,4,5,1,1,2433.006244,1.285292822,2.5,0.071323206,0.178308014,0.893522267,1789.353807
rethaw,Buteo jamaicensis,Red-tailed Hawk,landbird,Accipitriformes,Accipitridae,7,1,,1101.16,33.66840615,24.73170557,4,5,1,1,1018.093422,1.119381011,2.5,0.029845253,0.074613132,0.893522267,814.9444077
retloo,Gavia stellata,Red-throated Loon,waterbird,Gaviiformes,Gaviidae,9,5,,1486,43.09393117,16.60037205,5,5,2,1,6828.312884,1.800683788,30,0.200170947,6.005128407,0.715384615,9460.680296
rewbla,Agelaius phoeniceus,Red-winged Blackbird,landbird,Passeriformes,Icteridae,8,2,,50.78,2.672377224,10.32399176,3,3,2,3,3324.488531,1.389827489,12,0.097456872,1.169482468,0.831983806,2227.022482
ribgul,Larus delawarensis,Ring-billed Gull,waterbird,Charadriiformes,Laridae,8,5,Gulls and terns strongly negatively affected in Song et al. 2024,516.31,18.04433276,7.327536712,3.114285714,2,2,4,5719.747853,1.670694131,21.34285714,0.167673533,3.578632255,0.771463274,3764.547018
rinduc,Aythya collaris,Ring-necked Duck,waterfowl,Anseriformes,Anatidae,8,4,,704.55,23.30849717,11.91732195,5,4,1,2,7199.04436,1.844155533,14,0.211038883,2.954544367,0.81902834,3317.225895
rinphe1,Phasianus colchicus,Ring-necked Pheasant,landbird,Galliformes,Phasianidae,8,1,,1120.31,34.14984546,18.23403523,5,5,1,1,4.66173128,1.000546632,3,0.000136658,0.000409974,0.890283401,3.38254033
robgro,Pheucticus ludovicianus,Rose-breasted Grosbeak,landbird,Passeriformes,Cardinalidae,10,1,,42,2.285628719,7.002746657,2,2,3,4,4042.236602,1.473990189,9,0.118497547,1.066477925,0.851417004,3900.150571
rocpig,Columba livia,Rock Pigeon,landbird,Columbiformes,Columbidae,7,1,,354.2,13.23016685,15.95345576,4,5,1,1,1758.49502,1.206200049,2.5,0.051550012,0.128875031,0.893522267,1097.539251
rolhaw,Buteo lagopus,Rough-legged Hawk,landbird,Accipitriformes,Accipitridae,9,1,,949.76,29.80738036,19.54447995,3,5,2,1,117.3290277,1.01375793,4,0.003439482,0.01375793,0.883805668,140.4552535
rosgoo,Anser rossii,Ross's Goose,waterfowl,Anseriformes,Anatidae,12,4,,1635.99,46.64519907,10.07747873,5,3,4,3,11.42475625,1.00133966,64,0.000334915,0.021434559,0.4951417,5.072338251
royter1,Thalasseus maximus,Royal Tern,waterbird,Charadriiformes,Laridae,11,5,Gulls and terns strongly negatively affected in Song et al. 2024,415.31,15.08303503,13.12897353,4,4,4,2,435.4249451,1.051057662,36,0.012764416,0.459518962,0.676518219,1091.703387
rthhum,Archilochus colubris,Ruby-throated Hummingbird,landbird,Apodiformes,Trochilidae,8,1,,3.09,0.266527258,11.57611245,2,4,1,2,2655.61586,1.31139589,2,0.077848972,0.155697945,0.896761134,2478.604686
ruckin,Corthylio calendula,Ruby-crowned Kinglet,landbird,Passeriformes,Regulidae,7,1,,6.19,0.472299869,6.285223499,1,1,1,5,1682.074656,1.197239044,3,0.049309761,0.147929283,0.890283401,1376.858113
rudduc,Oxyura jamaicensis,Ruddy Duck,waterfowl,Anseriformes,Anatidae,8,5,Needs space to take off,608.15,20.64865475,9.207512113,5,3,1,3,3115.574387,1.365330345,20,0.091332586,1.826651724,0.780161943,2984.321001
rudtur,Arenaria interpres,Ruddy Turnstone,shorebird,Charadriiformes,Scolopacidae,14,5,Shorebirds strongly negatively affected in Song et al. 2024,135.98,6.014176486,12.07954828,4,4,5,2,2811.716135,1.329700112,45,0.082425028,3.709126263,0.618218623,3348.300727
rufgro,Bonasa umbellus,Ruffed Grouse,landbird,Galliformes,Phasianidae,8,1,,530.91,18.46348621,12.43928823,5,4,1,2,549.5704364,1.064442293,3.5,0.016110573,0.056387006,0.887044534,1442.039803
rusbla,Euphagus carolinus,Rusty Blackbird,landbird,Passeriformes,Icteridae,12,1,,59.57,3.047859886,14.20393003,3,5,5,1,4521.118837,1.530143626,10,0.132535907,1.325359066,0.844939271,2711.442462
sabgul,Xema sabini,Sabine's Gull,waterbird,Charadriiformes,Laridae,12,5,Gulls and terns strongly negatively affected in Song et al. 2024,198,8.19526735,8.155122725,3.114285714,2,5,4,17.66749015,1.002071679,53.35714286,0.00051792,0.027634719,0.564083285,6.142171621
sancra,Antigone canadensis,Sandhill Crane,waterbird,Gruiformes,Gruidae,8,3,,4296.22,103.3011103,7.345577432,5,2,2,4,12.59502717,1.001476885,27,0.000369221,0.009968975,0.734817814,4.584215722
sander,Calidris alba,Sanderling,shorebird,Charadriiformes,Scolopacidae,13,5,Shorebirds strongly negatively affected in Song et al. 2024,51.71,2.712616828,10.88588498,3,4,5,2,2756.466375,1.323221559,37.5,0.08080539,3.030202119,0.666801619,5184.95881
santer1,Thalasseus sandvicensis,Sandwich Tern,waterbird,Charadriiformes,Laridae,10,5,Shorebirds strongly negatively affected in Song et al. 2024,199.83,8.257591892,18.03815902,3,5,3,1,28.30812766,1.003319394,18,0.000829848,0.014937272,0.793117409,66.88745497
savspa,Passerculus sandwichensis,Savannah Sparrow,landbird,Passeriformes,Passerellidae,10,1,,19.97,1.239143191,11.28360618,2.416666667,4,4,2,1648.955318,1.193355491,8.833333333,0.048338873,0.426993376,0.852496626,902.8719119
scatan,Piranga olivacea,Scarlet Tanager,landbird,Passeriformes,Cardinalidae,12,1,,28.2,1.646418268,6.772148,2,2,4,4,7877.209783,1.923676796,12,0.230919199,2.771030387,0.831983806,7824.018191
sedwre1,Cistothorus stellaris,Sedge Wren,landbird,Passeriformes,Troglodytidae,9,1,,9.04,0.645156598,8.168481776,2,2,3,4,23.9249868,1.002805429,9,0.000701357,0.006312216,0.851417004,46.54023529
semsan,Calidris pusilla,Semipalmated Sandpiper,shorebird,Charadriiformes,Scolopacidae,14,5,Shorebirds strongly negatively affected in Song et al. 2024,27.5,1.612688607,7.704814845,3.535714286,2,5,4,2201.140806,1.258104423,56.51785714,0.064526106,3.646877228,0.543609023,1968.036377
shbdow,Limnodromus griseus,Short-billed Dowitcher,shorebird,Charadriiformes,Scolopacidae,15,5,Shorebirds strongly negatively affected in Song et al. 2024,110.53,5.070671422,17.05228812,4,5,5,1,3804.782013,1.446146409,37.5,0.111536602,4.182622585,0.666801619,4474.563228
sheowl,Asio flammeus,Short-eared Owl,landbird,Strigiformes,Strigidae,12,1,,322.61,12.2505435,7.844224494,3,2,4,4,747.2699649,1.087624419,14,0.021906105,0.306685465,0.81902834,790.2119466
shshaw,Accipiter striatus,Sharp-shinned Hawk,landbird,Accipitriformes,Accipitridae,9,1,,130.59,5.817164037,22.8759752,2,5,2,1,3781.056549,1.443364376,3,0.110841094,0.332523282,0.890283401,2830.054249
snobun,Plectrophenax nivalis,Snow Bunting,landbird,Passeriformes,Calcariidae,11,1,,42.2,2.294587881,8.216727041,2,2,4,4,569.8650889,1.066822031,12,0.016705508,0.200466094,0.831983806,793.4366082
snoegr,Egretta thula,Snowy Egret,waterbird,Pelecaniformes,Ardeidae,7,3,,371,13.74480341,20.97598166,3.4,5,1,1,155.2391575,1.018203249,6.6,0.004550812,0.03003536,0.866963563,115.0299831
snogoo,Anser caerulescens,Snow Goose,waterfowl,Anseriformes,Anatidae,10,4,,2636.15,69.09192814,8.133619072,5,2,3,4,1822.87145,1.21374879,54,0.053437197,2.885608665,0.559919028,1279.401989
snoowl1,Bubo scandiacus,Snowy Owl,landbird,Strigiformes,Strigidae,13,1,,2028.76,55.68817339,8.644468768,4,3,5,3,108.1195835,1.012678036,17.5,0.003169509,0.055466408,0.796356275,408.1312095
solsan,Tringa solitaria,Solitary Sandpiper,shorebird,Charadriiformes,Scolopacidae,10,5,Shorebirds strongly negatively affected in Song et al. 2024,48.4,2.568798261,13.05361176,3,4,3,2,3367.549403,1.394876781,22.5,0.098719195,2.221181893,0.763967611,1799.593742
sonspa,Melospiza melodia,Song Sparrow,landbird,Passeriformes,Passerellidae,9,1,,21.91,1.33745483,6.404736197,3,1,2,5,4752.749728,1.557304523,8,0.139326131,1.114609046,0.857894737,3640.312987
sora,Porzana carolina,Sora,waterbird,Gruiformes,Rallidae,9,3,,74.8,3.6763568,15.48026005,4,5,2,1,640.9370336,1.075155884,15,0.018788971,0.281834565,0.812550607,317.7050844
sposan,Actitis macularius,Spotted Sandpiper,shorebird,Charadriiformes,Scolopacidae,12,5,Shorebirds strongly negatively affected in Song et al. 2024,40.4,2.213680614,10.8722438,3,4,4,2,1648.319162,1.193280896,30,0.048320224,1.449606717,0.715384615,944.5179055
sprgro,Canachites canadensis,Spruce Grouse,landbird,Galliformes,Phasianidae,8,1,,473.65,16.80731411,5.977227552,4.944444444,1,2,5,4.596996397,1.000539041,9.944444444,0.00013476,0.001340116,0.845299145,54.97516786
stisan,Calidris himantopus,Stilt Sandpiper,shorebird,Charadriiformes,Scolopacidae,15,5,Shorebirds strongly negatively affected in Song et al. 2024,57.24,2.949343965,7.309369927,3.535714286,2,5,4,36.32345485,1.004259266,56.51785714,0.001064817,0.060181148,0.543609023,16.29386908
sumtan,Piranga rubra,Summer Tanager,landbird,Passeriformes,Cardinalidae,8,1,,29.13,1.691003136,7.163096649,2,2,2,4,521.4846792,1.061148974,6,0.015287244,0.091723461,0.870850202,355.3595263
sursco,Melanitta perspicillata,Surf Scoter,waterfowl,Anseriformes,Anatidae,11,5,,1096.33,33.54674532,6.420554513,5,1,4,5,1106.109269,1.129701696,80,0.032425424,2.594033913,0.391497976,2563.01032
swaspa,Melospiza georgiana,Swamp Sparrow,landbird,Passeriformes,Passerellidae,7,2,,16.1,1.037722765,7.010961465,2,2,1,4,6152.085755,1.721389808,6,0.180347452,1.082084713,0.870850202,4161.916789
swathr,Catharus ustulatus,Swainson's Thrush,landbird,Passeriformes,Turdidae,9,1,,30.3,1.74673899,6.155982756,2,1,2,5,2892.838719,1.339212497,7,0.084803124,0.593621869,0.86437247,2834.062019
swawar,Limnothlypis swainsonii,Swainson's Warbler,landbird,Passeriformes,Parulidae,13,1,,18.9,1.184203864,8.17918726,1.470588235,2,5,4,454.3585069,1.0532778,13.67647059,0.01331945,0.182163067,0.821124077,2053.634958
tenwar,Leiothlypis peregrina,Tennessee Warbler,landbird,Passeriformes,Parulidae,10,1,,8.9,0.636917404,11.0062338,1.470588235,4,4,2,1738.809766,1.203891768,6.941176471,0.050972942,0.353812186,0.864753513,1955.699716
treswa,Tachycineta bicolor,Tree Swallow,landbird,Passeriformes,Hirundinidae,10,2,,21.2,1.301660478,5.767823852,1,1,3,5,30316.62016,4.554908316,18,0.888727079,15.99708742,0.793117409,9849.352503
triher,Egretta tricolor,Tricolored Heron,waterbird,Pelecaniformes,Ardeidae,12,3,,372.3,13.78445285,5.837704212,3,1,4,5,81.59377701,1.009567636,48,0.002391909,0.114811636,0.598785425,281.4933034
truswa,Cygnus buccinator,Trumpeter Swan,waterfowl,Anseriformes,Anatidae,11,1,Swans increased in abundance (Song et al. 2024),11071.13,225.242314,8.032018523,5,2,4,4,148.9258314,1.017462952,72,0.004365738,0.314333132,0.443319838,70.82315643
tuftit,Baeolophus bicolor,Tufted Titmouse,landbird,Passeriformes,Paridae,7,1,,21.6,1.321851885,7.86580394,2,2,1,4,2857.286812,1.335043702,3,0.083760925,0.251282776,0.890283401,2156.384691
tunswa,Cygnus columbianus,Tundra Swan,waterfowl,Anseriformes,Anatidae,11,1,Swans increased in abundance (Song et al. 2024),6377.96,143.0255283,12.21290285,5,4,4,2,1548.473918,1.181573103,56,0.045393276,2.542023448,0.546963563,1697.102501
turvul,Cathartes aura,Turkey Vulture,landbird,Cathartiformes,Cathartidae,6,1,,1518.24,43.86240696,22.67761567,4,5,1,1,557.8003017,1.065407322,2.5,0.01635183,0.040879576,0.893522267,496.4065751
uplsan,Bartramia longicauda,Upland Sandpiper,shorebird,Charadriiformes,Scolopacidae,11,1,,158.92,6.838013615,7.881326899,3.535714286,2,4,4,43.10470102,1.005054431,15.07142857,0.001263608,0.019044373,0.812087912,22.74103732
veery,Catharus fuscescens,Veery,landbird,Passeriformes,Turdidae,11,1,,31.9,1.822349278,5.977227552,2,1,4,5,14763.66421,2.731178225,14,0.432794556,6.059123787,0.81902834,9448.223931
vesspa,Pooecetes gramineus,Vesper Sparrow,landbird,Passeriformes,Passerellidae,11,1,,25.68,1.524268825,6.141142038,3,1,4,5,207.6983547,1.024354582,16,0.006088645,0.097418328,0.806072874,119.1323941
virrai,Rallus limicola,Virginia Rail,waterbird,Gruiformes,Rallidae,10,3,,84.1,4.048826335,9.862612255,3,3,3,3,14591.29853,2.71096673,27,0.427741683,11.54902543,0.734817814,5405.632222
warvir,Vireo gilvus,Warbling Vireo,landbird,Passeriformes,Vireonidae,8,1,,12.67,0.851916172,5.886931016,2,1,2,5,1532.210917,1.179666114,7,0.044916528,0.314415699,0.86437247,839.2472628
wessan,Calidris mauri,Western Sandpiper,shorebird,Charadriiformes,Scolopacidae,14,5,Shorebirds strongly negatively affected in Song et al. 2024,27.82,1.628126456,7.602335506,3.535714286,2,5,4,19.52389189,1.00228936,56.51785714,0.00057234,0.032347425,0.543609023,48.23302201
whbnut,Sitta carolinensis,White-breasted Nuthatch,landbird,Passeriformes,Sittidae,6,1,,21,1.291539609,7.100573713,2,2,1,4,2928.068579,1.343343529,3,0.085835882,0.257507646,0.890283401,2454.945175
whcspa,Zonotrichia leucophrys,White-crowned Sparrow,landbird,Passeriformes,Passerellidae,9,1,,28,1.636796459,13.96678372,2.416666667,4,3,2,194.4090601,1.022796287,6.625,0.005699072,0.037756351,0.866801619,170.0846468
whevir,Vireo griseus,White-eyed Vireo,landbird,Passeriformes,Vireonidae,7,1,,11.4,0.780946896,6.065377956,2,1,1,5,819.3457979,1.096075987,3.5,0.024018997,0.084066488,0.887044534,619.6355189
whiibi,Eudocimus albus,White Ibis,waterbird,Pelecaniformes,Threskiornithidae,9,3,,889.66,28.24521104,6.024902754,4,1,3,5,61.54695023,1.007216958,40.5,0.001804239,0.073071697,0.647368421,104.2873908
whtspa,Zonotrichia albicollis,White-throated Sparrow,landbird,Passeriformes,Passerellidae,9,1,,24.4,1.461421893,6.290796182,3,1,2,5,6452.005915,1.756558263,8,0.189139566,1.513116526,0.857894737,4719.376973
whwcro,Loxia leucoptera,White-winged Crossbill,landbird,Passeriformes,Fringillidae,6,1,,28.69,1.669941032,14.35846086,2.125,5,1,1,113.0173938,1.01325235,1.5625,0.003313088,0.005176699,0.899595142,676.7432593
whwsco2,Melanitta deglandi,White-winged Scoter,waterfowl,Anseriformes,Anatidae,12,5,,1800.17,50.46720342,6.716110829,5,2,4,4,3497.163968,1.410075306,72,0.102518826,7.381355499,0.443319838,6464.348113
wilfly,Empidonax traillii,Willow Flycatcher,landbird,Passeriformes,Tyrannidae,10,1,,13.39,0.891587777,6.242977594,1,1,3,5,3483.855564,1.40851477,9,0.102128693,0.919158233,0.851417004,2016.16991
willet1,Tringa semipalmata,Willet,shorebird,Charadriiformes,Scolopacidae,14,5,Shorebirds strongly negatively affected in Song et al. 2024,245.7,9.789441405,12.39677009,3,4,5,2,742.3371682,1.087046002,37.5,0.0217615,0.816056267,0.666801619,1662.329751
wilsni1,Gallinago delicata,Wilson's Snipe,shorebird,Charadriiformes,Scolopacidae,9,5,Shorebirds strongly negatively affected in Song et al. 2024,112.5,5.144979459,6.496773973,3.535714286,1,3,5,1376.703112,1.161431364,38.41071429,0.040357841,1.550173499,0.660902256,807.8204702
wiltur,Meleagris gallopavo,Wild Turkey,landbird,Galliformes,Phasianidae,7,1,,5791.37,132.1017438,9.659882117,5,3,1,3,2668.724398,1.312932989,4,0.078233247,0.312932989,0.883805668,2726.219104
winwre3,Troglodytes hiemalis,Winter Wren,landbird,Passeriformes,Troglodytidae,12,1,,9.74,0.686023061,9.467681646,2,3,4,3,9509.872845,2.115121867,10,0.278780467,2.787804666,0.844939271,8506.776746
wlswar,Cardellina pusilla,Wilson's Warbler,landbird,Passeriformes,Parulidae,9,1,,6.96,0.520174721,7.835995242,2,2,2,4,238.2115477,1.02793254,6,0.006983135,0.04189881,0.870850202,132.3272307
woewar1,Helmitheros vermivorum,Worm-eating Warbler,landbird,Passeriformes,Parulidae,13,1,,14.16,0.933600058,25.80339967,1.470588235,5,5,1,6345.999442,1.744128009,6.176470588,0.186032002,1.14902119,0.869707073,8333.527697
wooduc,Aix sponsa,Wood Duck,waterfowl,Anseriformes,Anatidae,7,4,,657.59,22.02140488,15.51365241,5,5,1,1,7373.014562,1.864555173,12,0.216138793,2.593665518,0.831983806,4160.847522
woothr,Hylocichla mustelina,Wood Thrush,landbird,Passeriformes,Turdidae,14,1,,50.09,2.642437997,10.63752226,2,3,5,3,8929.724666,2.047094046,12.5,0.261773512,3.272168895,0.828744939,8579.334418
y00475,Fulica americana,American Coot,waterbird,Gruiformes,Rallidae,10,3,,636.74,21.44478727,13.60929694,5,4,3,2,152.4960047,1.017881588,31.5,0.004470397,0.140817507,0.705668016,79.72895861
y00478,Larus glaucoides,Iceland Gull,waterbird,Charadriiformes,Laridae,11,5,Gulls and terns strongly negatively affected in Song et al. 2024,693.31,23.00184446,8.722147245,4,3,4,3,43.79482579,1.005135354,42,0.001283839,0.053921222,0.637651822,45.65291655
ycnher,Nyctanassa violacea,Yellow-crowned Night Heron,waterbird,Pelecaniformes,Ardeidae,12,3,,681.67,22.6833524,33.95081046,3.4,5,5,1,593.7135932,1.069618492,33,0.017404623,0.574352562,0.695951417,259.0641975
yebcha,Icteria virens,Yellow-breasted Chat,landbird,Passeriformes,Icteriidae,10,1,,24.89,1.485547635,22.23912257,3,5,4,1,567.548029,1.066550334,8,0.016637584,0.133100669,0.857894737,468.8156136
yebcuc,Coccyzus americanus,Yellow-billed Cuckoo,landbird,Cuculiformes,Cuculidae,11,1,,64,3.233321963,10.82553181,2,3,4,3,2404.156405,1.281909908,10,0.070477477,0.70477477,0.844939271,1944.653185
yebfly,Empidonax flaviventris,Yellow-bellied Flycatcher,landbird,Passeriformes,Tyrannidae,10,1,,11.8,0.803443199,6.407380234,1,1,3,5,1724.392003,1.20220115,9,0.050550288,0.454952588,0.851417004,2113.105439
yebsap,Sphyrapicus varius,Yellow-bellied Sapsucker,landbird,Piciformes,Picidae,7,1,,50.3,2.651557597,5.861614378,2,1,1,5,5684.888832,1.666606583,3.5,0.166651646,0.583280761,0.887044534,5811.956503
yelwar,Setophaga petechia,Yellow Warbler,landbird,Passeriformes,Parulidae,8,1,,10.8,0.746938491,18.00334865,1.470588235,5,2,1,1843.536055,1.216171909,2.470588235,0.054042977,0.133517944,0.893712789,1234.425885
yerwar,Setophaga coronata,Yellow-rumped Warbler,landbird,Passeriformes,Parulidae,8,1,,11.94,0.811284922,8.667672597,2,3,2,3,2233.560593,1.261905947,5,0.065476487,0.327382434,0.877327935,1520.997698
yetvir,Vireo flavifrons,Yellow-throated Vireo,landbird,Passeriformes,Vireonidae,10,1,,18,1.13756731,6.28382815,2,1,3,5,3037.555633,1.356181914,10.5,0.089045478,0.934977523,0.841700405,2588.541926
yetwar,Setophaga dominica,Yellow-throated Warbler,landbird,Passeriformes,Parulidae,10,1,,9.69,0.683121645,6.049900807,1,1,3,5,1558.258329,1.182720418,9,0.045680104,0.411120939,0.851417004,2024.81237
