scientific_name,Order,Axial_length_mm,transverse_diameter_mm,brain_vol_ml,body_mass_g,habitat_openness,migration,food_type,foraging_habitat,activity_pattern
Abroscopus_albogularis,Passeriformes,5,6.3,0.32,4.84,De,Se,An,In,D
Acanthagenys_rufogularis,Passeriformes,9,10.55,1.16,47.8,So,Se,Om,In,D
Acanthisitta_chloris,Passeriformes,5.85,6.64,0.33,6.91,De,Se,An,In,D
Acanthiza_chrysorrhoa,Passeriformes,5.5,6.65,0.43,9.29,So,Se,An,Te,D
Acanthiza_pusilla,Passeriformes,6.4,7.35,0.45,7.62,So,Se,An,In,D
Acanthorhynchus_superciliosus,Passeriformes,4.8,6.3,0.79,9.72,So,Se,Pl,In,D
Acanthorhynchus_tenuirostris,Passeriformes,5.9,7.2,0.48,10.44,So,Se,Om,In,D
Accipiter_badius,Accipitriformes,15.4,NA,2.83,131.15,So,Mi,An,In,D
Accipiter_cooperii,Accipitriformes,18,NA,4.7,429.67,So,Mi,An,Ae,D
Accipiter_gentilis,Accipitriformes,22.3,NA,7.88,866.04,De,Pm,An,Ge,D
Accipiter_nisus,Accipitriformes,13.5,NA,2.85,220.79,De,Pm,An,In,D
Accipiter_novaehollandiae,Accipitriformes,17.8,NA,4.74,326.06,De,Se,An,In,D
Accipiter_striatus,Accipitriformes,13.4,NA,2.23,130.59,De,Mi,An,Ae,D
Accipiter_tachiro,Accipitriformes,16.8,NA,4.15,290.2,De,Se,An,Ae,D
Aceros_plicatus,Bucerotiformes,20.6,23.98,15.42,1703.76,De,Se,Pl,In,D
Aceros_undulatus,Bucerotiformes,20.8,24.4,18.25,2214.55,De,Se,Pl,In,D
Acridotheres_tristis,Passeriformes,10.7,12.85,2.48,116.43,Op,Pm,An,Te,D
Acrocephalus_schoenobaenus,Passeriformes,5.8,7.25,0.45,11.83,Op,Mi,An,In,D
Acrocephalus_scirpaceus,Passeriformes,6.3,7.65,0.46,12.3,Op,Mi,An,In,D
Acrocephalus_stentoreus,Passeriformes,6.9,8.7,0.84,24.2,Op,Pm,An,In,D
Acryllium_vulturinum,Galliformes,15.3,18,4.55,1330,So,Se,Pl,Te,D
Actitis_hypoleucos,Charadriiformes,7.4,NA,0.86,48,Op,Mi,An,Te,D
Actitis_macularius,Charadriiformes,7.3,NA,0.68,40.4,Op,Mi,An,Te,D
Actophilornis_africanus,Charadriiformes,10.4,NA,0.79,189.09,Op,Pm,An,Te,D
Aegithalos_caudatus,Passeriformes,6.3,6.95,0.43,8.6,So,Se,An,In,D
Aegithalos_concinnus,Passeriformes,4.9,6.28,0.37,6.1,De,Se,An,In,D
Aegithina_tiphia,Passeriformes,6.2,7.85,0.67,12,De,Se,An,In,D
Aegolius_acadicus,Strigiformes,15.65,NA,3.36,100.69,So,Mi,An,In,N
Aegolius_funereus,Strigiformes,17,NA,4.02,137.18,De,Pm,An,In,N
Aegotheles_cristatus,Caprimulgiformes,13.17,NA,1.42,42.78,So,Se,An,In,N
Aeronautes_saxatalis,Caprimulgiformes,9.1,11.45,0.67,32.1,De,Se,An,Ae,D
Aethopyga_nipalensis,Passeriformes,5.05,6.58,0.33,6.9,De,Se,Om,In,D
Agapornis_canus,Psittaciformes,5.5,7.2,1.15,30,So,Se,Pl,In,D
Agapornis_fischeri,Psittaciformes,7.55,8.85,1.95,48.3,Op,Se,Pl,In,D
Agelaius_phoeniceus,Passeriformes,7.14,7.53,1.69,50.78,Op,Mi,Pl,Ge,D
Ailuroedus_crassirostris,Passeriformes,13.3,17.45,4.01,205.32,De,Se,Pl,In,D
Alcedo_atthis,Coraciiformes,8.3,10.18,0.74,31.09,So,Se,An,In,D
Alcedo_azurea,Coraciiformes,8.8,10.85,0.98,34.9,So,Se,An,In,D
Alcedo_cristata,Coraciiformes,7.3,8.8,0.54,15.7,So,Se,An,In,D
Alcippe_nipalensis,Passeriformes,7.5,8.65,0.93,15.8,De,Se,Om,In,D
Alectoris_chukar,Galliformes,13.5,15.1,2.48,502.1,Op,Se,Pl,Te,D
Alectura_lathami,Galliformes,16,21.1,5.68,2333.06,De,Se,Pl,Te,D
Alethe_diademata,Passeriformes,9.6,10.95,1.04,31.54,De,Se,An,Ge,D
Alisterus_scapularis,Psittaciformes,12.4,14.3,4.48,232.26,De,Se,Pl,In,D
Alle_alle,Charadriiformes,10.49,NA,2.1,180.73,Op,Mi,An,Aq,D
Amadina_fasciata,Passeriformes,5.3,6.45,0.59,18,Op,Se,Pl,Te,D
Amalocichla_incerta,Passeriformes,8,11.35,1.1,32.7,De,Se,An,Te,D
Amandava_amandava,Passeriformes,4.4,5.5,0.38,8.97,So,Se,Pl,Ge,D
Amazilia_tzacatl,Caprimulgiformes,4.13,NA,0.22,4.79,De,Se,Pl,Ae,D
Amazona_albifrons,Psittaciformes,12.2,14.2,5.28,206,So,Se,Pl,In,D
Amazona_ochrocephala,Psittaciformes,15.3,17.65,8.64,476.94,So,Se,Pl,In,D
Amblycercus_holosericeus,Passeriformes,8.5,10.45,2.21,70.42,De,Se,An,In,D
Amblyornis_macgregoriae,Passeriformes,13.1,15.85,3.58,117.47,De,Se,Pl,In,D
Amblyornis_subalaris,Passeriformes,12.6,15.2,3.55,108.88,De,Se,Om,In,D
Amblyramphus_holosericeus,Passeriformes,8.3,9.7,2.33,56.76,So,Se,An,In,D
Amphispiza_bilineata,Passeriformes,6.5,7.65,0.68,13.5,So,Pm,Om,Ge,D
Anas_acuta,Anseriformes,9.99,NA,4.72,944.62,Op,Mi,Pl,Aq,D
Anas_crecca,Anseriformes,10.45,NA,2.7,341.89,Op,Pm,Pl,Aq,D
Anas_platyrhynchos,Anseriformes,13.2,NA,5.44,843.42,Op,Pm,Pl,Aq,D
Andigena_hypoglauca,Piciformes,16.3,19.4,4.65,312.83,De,Se,Pl,In,D
Anisognathus_somptuosus,Passeriformes,8.4,9.85,1.49,44.5,De,Se,Om,In,D
Anodorhynchus_hyacinthinus,Psittaciformes,16.8,19.8,24.73,1331,So,Se,Pl,In,D
Anorrhinus_galeritus,Bucerotiformes,21.8,23.85,9.6,1172,De,Se,Om,In,D
Anser_albifrons,Anseriformes,14.8,NA,9.09,2506.39,Op,Mi,Pl,Te,D
Anthracoceros_coronatus,Bucerotiformes,19.3,22.45,7.98,806.72,So,Se,Pl,In,D
Anthracothorax_dominicus,Caprimulgiformes,4.5,5.9,0.23,5.77,So,Se,Pl,Ae,D
Anthus_berthelotii,Passeriformes,7.3,8.75,0.5,15.86,So,Se,An,Te,D
Anthus_campestris,Passeriformes,7.8,9.4,0.46,23,Op,Mi,An,Te,D
Anthus_novaeseelandiae,Passeriformes,7.8,9.35,0.84,24.07,Op,Se,An,Te,D
Anthus_spinoletta,Passeriformes,6.3,8.25,0.75,23.9,Op,Mi,An,Te,D
Anthus_trivialis,Passeriformes,7.4,8.5,0.6,23.33,So,Mi,Om,Te,D
Anumbius_annumbi,Passeriformes,8.85,10.18,1.18,41.5,Op,Se,An,Ge,D
Apaloderma_narina,Trogoniformes,11.9,13.9,1.52,67.69,De,Se,An,In,D
Aphelocephala_nigricincta,Passeriformes,6.2,6.85,0.47,10.4,So,Se,An,Te,D
Aphelocoma_coerulescens,Passeriformes,11.5,14.05,2.85,77.12,So,Se,Om,In,D
Aphelocoma_ultramarina,Passeriformes,12.3,15.4,3.61,113.33,So,Se,Om,Ge,D
Aphrastura_spinicauda,Passeriformes,6.7,7.75,0.81,11.5,So,Se,An,In,D
Aplonis_atrifusca,Passeriformes,11,12.95,2.29,146,So,Se,Pl,In,D
Aplonis_panayensis,Passeriformes,9.4,11,1.39,56.2,De,Se,Pl,In,D
Aprosmictus_erythropterus,Psittaciformes,8.78,10.49,3.85,136,So,Se,Pl,In,D
Apteryx_australis,Struthioniformes,6.91,7.44,10.86,2320.51,De,Se,An,Te,N
Apteryx_owenii,Struthioniformes,7.3,7.4,7.3,1238.29,De,Se,An,Te,N
Apus_affinis,Caprimulgiformes,6.79,7.95,0.52,22.57,De,Mi,An,Ae,D
Apus_apus,Caprimulgiformes,9.8,11.75,0.67,37.6,De,Mi,An,Ae,D
Apus_pallidus,Caprimulgiformes,10,12.15,0.72,41.9,De,Mi,An,Ae,D
Aquila_chrysaetos,Accipitriformes,29.55,NA,17.19,4247.97,Op,Pm,An,Ae,D
Aquila_pomarina,Accipitriformes,26.8,NA,10.91,1359.41,De,Mi,An,Ge,D
Aquila_rapax,Accipitriformes,27.8,NA,13.31,2236.06,So,Mi,An,Ge,D
Ara_ararauna,Psittaciformes,15.8,19.05,18.08,1125,De,Se,Pl,In,D
Ara_militaris,Psittaciformes,16,19.25,18.83,1134,So,Se,Pl,In,D
Ara_severus,Psittaciformes,12,16.5,10.05,343,De,Se,Pl,In,D
Arachnothera_longirostra,Passeriformes,6,7.7,0.52,12.46,De,Se,Om,In,D
Aratinga_leucophthalma,Psittaciformes,10.9,13.15,5.58,158,So,Se,Pl,In,D
Aratinga_pertinax,Psittaciformes,9.4,10.9,3.49,83.99,So,Se,Pl,In,D
Aratinga_weddellii,Psittaciformes,8.59,NA,4.01,108,De,Se,Pl,In,D
Archilochus_colubris,Caprimulgiformes,3.93,4.7,0.15,3.09,So,Mi,Om,Ge,D
Ardea_cinerea,Pelecaniformes,18.7,NA,7.85,1443,Op,Se,An,Te,D
Ardeotis_australis,Otidiformes,28.6,35.1,11.65,4182.35,Op,Se,Om,Te,D
Ardeotis_kori,Otidiformes,33.15,39.13,12.93,7994.16,Op,Se,Om,Te,D
Arenaria_interpres,Charadriiformes,9.7,NA,1.34,135.98,Op,Mi,An,Te,D
Arenaria_melanocephala,Charadriiformes,8.57,NA,1.53,126.21,Op,Mi,An,Te,D
Argusianus_argus,Galliformes,18.4,22.1,5.68,1959.93,De,Se,Pl,Te,D
Arremonops_conirostris,Passeriformes,8.4,10,1.29,35.89,So,Se,Om,Te,D
Arses_telescophthalmus,Passeriformes,7.7,8.9,0.62,15.26,De,Se,An,In,D
Artamus_cinereus,Passeriformes,8.83,10.28,0.92,35.6,So,Se,An,Ae,D
Artamus_cyanopterus,Passeriformes,8.3,9.75,1,34.6,So,Se,An,Ae,D
Artamus_leucorynchus,Passeriformes,9.9,11.85,1.08,41.69,So,Se,An,Ae,D
Artamus_maximus,Passeriformes,9.8,12.3,1.65,58.2,So,Se,An,Ae,D
Artamus_personatus,Passeriformes,9,10.3,1.03,34.6,So,Se,An,Ae,D
Artamus_superciliosus,Passeriformes,9,10.3,1.04,35.5,So,Mi,An,Ae,D
Ashbyia_lovensis,Passeriformes,7,8.95,0.67,17.5,Op,Pm,An,Te,D
Asio_flammeus,Strigiformes,19,NA,5.3,322.61,Op,Mi,An,Ae,D
Asio_otus,Strigiformes,17.5,NA,5.31,296.57,So,Pm,An,Ae,N
Athene_brama,Strigiformes,18,NA,3.34,112,So,Se,An,In,N
Athene_cunicularia,Strigiformes,18.5,NA,3.78,150.61,Op,Se,An,Ge,D
Athene_noctua,Strigiformes,18.4,NA,3.7,168.92,Op,Se,An,In,N
Attila_spadiceus,Passeriformes,11,12.7,1.18,39.1,De,Se,An,In,D
Aulacorhynchus_sulcatus,Piciformes,13.3,16.25,2.74,167,De,Se,Om,In,D
Auriparus_flaviceps,Passeriformes,5.1,6.25,0.44,6.8,So,Se,An,In,D
Automolus_infuscatus,Passeriformes,8.5,10.1,1.13,32.9,De,Se,An,In,D
Automolus_ochrolaemus,Passeriformes,8.4,9.8,1.14,40.2,De,Se,An,In,D
Aviceda_leuphotes,Accipitriformes,20.8,NA,3.28,193.98,So,Mi,An,In,D
Aviceda_subcristata,Accipitriformes,22.8,NA,4.7,322.65,So,Se,An,In,D
Baeolophus_bicolor,Passeriformes,7.7,8.8,1.01,21.6,De,Se,An,In,D
Balearica_pavonina,Gruiformes,18.93,NA,12.88,3590,Op,Se,Om,Te,D
Bambusicola_thoracicus,Galliformes,10.4,12.4,1.78,264.79,So,Se,Pl,Te,D
Barnardius_zonarius,Psittaciformes,10.5,12.75,3.91,133,So,Se,Pl,In,D
Bartramia_longicauda,Charadriiformes,11.2,NA,1.3,158.92,Op,Mi,An,Te,D
Baryphthengus_ruficapillus,Coraciiformes,15.5,18.9,2.65,141.65,De,Se,An,In,D
Basileuterus_culicivorus,Passeriformes,6.15,7.7,0.58,10.5,De,Se,An,In,D
Batis_capensis,Passeriformes,7.4,8.75,0.68,11.74,So,Se,An,In,D
Bias_musicus,Passeriformes,8.8,10.05,0.84,21.9,De,Pm,An,In,D
Bolbopsittacus_lunulatus,Psittaciformes,8.1,11,2.65,67.6,De,Se,Pl,In,D
Bolborhynchus_lineola,Psittaciformes,7.7,9.25,2.08,56.2,De,Pm,Pl,In,D
Bombycilla_cedrorum,Passeriformes,7.67,9.52,0.89,31.58,So,Mi,Pl,In,D
Bombycilla_garrulus,Passeriformes,8.97,10.67,1.16,54.41,De,Mi,Pl,In,D
Bonasa_bonasia,Galliformes,11.15,14.9,1.82,429,De,Se,Pl,Ge,D
Bonasa_umbellus,Galliformes,10.28,12.61,2.46,530.91,De,Se,Pl,Ge,D
Botaurus_stellaris,Pelecaniformes,13.8,NA,5.89,1319.45,De,Pm,An,Te,D
Brachygalba_lugubris,Piciformes,7.8,8.7,0.43,15.9,So,Se,An,In,D
Brotogeris_versicolurus,Psittaciformes,8.3,9.98,2.39,71.53,So,Se,Pl,In,D
Bubalornis_albirostris,Passeriformes,9.5,11.38,2.13,61.9,Op,Se,Om,Te,D
Bubo_bubo,Strigiformes,35.3,NA,17.09,2668.51,So,Se,An,In,N
Bubo_lacteus,Strigiformes,24.5,NA,16.89,2114.94,Op,Se,An,In,N
Bubo_poensis,Strigiformes,23.5,NA,8.69,654.94,De,Se,An,In,N
Bubo_virginianus,Strigiformes,34.55,NA,14.73,1354.5,So,Se,An,In,N
Bucephala_clangula,Anseriformes,10.8,NA,5.95,918.56,Op,Mi,An,Aq,D
Buceros_bicornis,Bucerotiformes,18.2,21.45,18.25,2790.79,De,Se,Om,In,D
Buceros_hydrocorax,Bucerotiformes,17.5,21.8,17,1409.59,De,Se,Pl,In,D
Bucorvus_abyssinicus,Bucerotiformes,29.3,32.9,23.75,4000,Op,Se,An,Te,D
Bucorvus_cafer,Bucerotiformes,30.6,34.55,26.15,3743.62,Op,Se,An,Te,D
Burhinus_bistriatus,Charadriiformes,22,25.95,4.66,787,Op,Se,An,Te,N
Burhinus_capensis,Charadriiformes,19.55,25.03,3.67,422.99,Op,Se,An,Te,N
Burhinus_oedicnemus,Charadriiformes,19.3,23.35,3.65,459,Op,Mi,An,Te,N
Burhinus_superciliaris,Charadriiformes,21.8,25.95,3.3,480,Op,Se,An,Te,N
Busarellus_nigricollis,Accipitriformes,20.8,NA,8.75,766.14,De,Se,An,In,D
Butastur_teesa,Accipitriformes,18.9,NA,4.73,325,Op,Se,An,In,D
Buteo_buteo,Accipitriformes,20.8,NA,7.94,759.1,Op,Pm,An,In,D
Buteo_galapagoensis,Accipitriformes,23.6,NA,8.3,1137.44,De,Se,An,Ae,D
Buteo_jamaicensis,Accipitriformes,22.8,NA,9.18,1101.16,So,Mi,An,In,D
Buteo_lagopus,Accipitriformes,27.1,NA,9.2,949.76,Op,Mi,An,In,D
Buteo_lineatus,Accipitriformes,23.05,NA,7.19,603.72,De,Mi,An,Ae,D
Buteo_magnirostris,Accipitriformes,19.9,NA,4.56,269,De,Se,An,In,D
Buteo_platypterus,Accipitriformes,20.25,NA,5.12,453.65,So,Mi,An,In,D
Buteo_rufofuscus,Accipitriformes,20.1,NA,9.17,1530,Op,Pm,An,Ge,D
Buteogallus_anthracinus,Accipitriformes,21,NA,7.17,975.09,So,Se,An,In,D
Buteogallus_urubitinga,Accipitriformes,23.5,NA,10.17,1152.87,So,Se,An,In,D
Bycanistes_cylindricus,Bucerotiformes,18.9,23.2,10.13,921,De,Se,Pl,In,D
Cacatua_alba,Psittaciformes,15.3,19.05,14.16,570,De,Se,Pl,In,D
Cacatua_ducorpsii,Psittaciformes,12.4,14.4,8.7,394,De,Se,Pl,In,D
Cacatua_galerita,Psittaciformes,14,17.15,14.24,720.43,De,Se,Pl,In,D
Cacatua_haematuropygia,Psittaciformes,12.6,15.2,8.5,288,So,Se,Pl,In,D
Cacatua_leadbeateri,Psittaciformes,12.2,15.2,8.47,396.83,So,Se,Pl,In,D
Cacatua_roseicapilla,Psittaciformes,12.1,12.9,6.43,328,Op,Se,Pl,Te,D
Cacatua_sanguinea,Psittaciformes,12.2,13.9,8.91,523.69,So,Se,Pl,Te,D
Cacicus_cela,Passeriformes,10.9,12.8,2.43,85.45,De,Se,Om,In,D
Cacomantis_castaneiventris,Cuculiformes,9.5,12.8,0.95,33.2,De,Se,An,In,D
Cacomantis_flabelliformis,Cuculiformes,11,13.4,1.09,49.8,So,Se,An,In,D
Cacomantis_variolosus,Cuculiformes,9.1,12.4,0.97,35.75,De,Se,An,In,D
Calamanthus_fuliginosus,Passeriformes,7.6,8.8,0.7,20.81,So,Se,An,Te,D
Calamospiza_melanocorys,Passeriformes,8.4,9.5,1.18,37.6,Op,Mi,Om,Ge,D
Calandrella_cinerea,Passeriformes,7,8.15,0.67,23.7,Op,Pm,Om,Te,D
Calidris_alba,Charadriiformes,7.1,NA,1.01,51.71,Op,Mi,An,Te,D
Calidris_alpina,Charadriiformes,6.7,NA,1,51.89,Op,Mi,An,Te,D
Calidris_bairdii,Charadriiformes,7.2,NA,0.73,40.97,Op,Mi,An,Te,D
Calidris_canutus,Charadriiformes,8.8,NA,1.32,141.87,Op,Mi,An,Te,D
Calidris_fuscicollis,Charadriiformes,6.6,NA,0.78,43.01,Op,Mi,An,Te,D
Calidris_mauri,Charadriiformes,6,NA,0.64,27.82,Op,Mi,An,Te,D
Calidris_melanotos,Charadriiformes,8.7,NA,1.02,79.73,Op,Mi,An,Te,D
Calidris_minutilla,Charadriiformes,6.13,NA,0.55,22.88,Op,Mi,An,Te,D
Calidris_pusilla,Charadriiformes,6.6,NA,0.51,27.5,Op,Mi,An,Te,D
Calidris_tenuirostris,Charadriiformes,9.8,NA,1.54,192,Op,Mi,An,Te,D
Callipepla_gambelii,Galliformes,9.3,11.6,1.32,165.95,So,Se,Pl,Te,D
Callipepla_squamata,Galliformes,10,11.15,1.45,183.86,Op,Se,Pl,Te,D
Callocephalon_fimbriatum,Psittaciformes,12.3,14.9,7.48,256,So,Pm,Pl,In,D
Caloenas_nicobarica,Columbiformes,14.2,17.2,3.06,537.86,De,Pm,Pl,Te,D
Calorhamphus_fuliginosus,Piciformes,9.05,10.6,1.1,42.6,De,Se,Pl,In,D
Calyptorhynchus_banksii,Psittaciformes,15.8,18.05,11.95,721.9,So,Se,Pl,In,D
Calyptorhynchus_funereus,Psittaciformes,16.6,18.9,15.08,674.72,So,Se,Pl,In,D
Campephaga_phoenicea,Passeriformes,9.5,12.3,1.05,27.1,So,Se,An,In,D
Campethera_nivosa,Piciformes,7.8,9.75,1.58,37.8,De,Se,An,In,D
Camptostoma_obsoletum,Passeriformes,5.4,6.75,0.36,8.1,So,Se,An,In,D
Campylopterus_largipennis,Caprimulgiformes,5.4,6.6,0.31,8.3,De,Se,Pl,Ae,D
Campylorhynchus_brunneicapillus,Passeriformes,9,10.63,1.34,38.9,Op,Se,An,In,D
Campylorhynchus_griseus,Passeriformes,8.8,10.2,1.31,42.4,So,Se,An,In,D
Caprimulgus_carolinensis,Caprimulgiformes,16,NA,1.36,109,So,Mi,An,Ae,N
Caprimulgus_europaeus,Caprimulgiformes,11.6,NA,0.88,67,So,Mi,An,Ae,N
Caprimulgus_macrurus,Caprimulgiformes,12.95,NA,1.01,66.2,So,Se,An,Ge,N
Caprimulgus_vociferus,Caprimulgiformes,12.8,NA,0.82,53.3,De,Mi,An,Ge,N
Cardellina_rubrifrons,Passeriformes,6.4,7.2,0.43,8.1,So,Mi,An,In,D
Cardinalis_cardinalis,Passeriformes,8.8,10.78,1.52,42.64,So,Se,Pl,In,D
Carduelis_carduelis,Passeriformes,5.6,6.7,0.65,16,So,Se,Pl,In,D
Carduelis_chloris,Passeriformes,6.8,8,0.86,26,So,Se,Pl,Ge,D
Carduelis_flammea,Passeriformes,5,6.05,0.59,13,De,Pm,Pl,Ge,D
Carduelis_tristis,Passeriformes,5.2,6.4,0.54,12.79,De,Se,Pl,In,D
Cariama_cristata,Cariamiformes,19.66,23.91,11.15,1400,So,Se,An,Te,D
Carpodacus_mexicanus,Passeriformes,5.7,7.65,0.78,21.4,So,Pm,Pl,In,D
Carpodacus_purpureus,Passeriformes,6.9,8.4,0.9,23.3,So,Pm,Pl,In,D
Casuarius_bennetti,Struthioniformes,28.2,34.9,23.65,34999.99,De,Se,Pl,Te,D
Casuarius_casuarius,Struthioniformes,32.8,41.55,36.35,44000,De,Se,Pl,Te,D
Cathartes_aura,Cathartiformes,18.65,NA,9.98,1518.24,Op,Pm,Ca/Re,Te,D
Catharus_fuscescens,Passeriformes,8.7,10.65,0.92,31.9,De,Mi,An,Te,D
Catharus_guttatus,Passeriformes,9.05,10.85,0.79,30.1,De,Mi,Om,Ge,D
Catharus_minimus,Passeriformes,8.8,10.63,0.77,31.58,So,Mi,An,Te,D
Catoptrophorus_semipalmatus,Charadriiformes,11.3,NA,2.33,245.7,Op,Mi,An,Te,D
Celeus_castaneus,Piciformes,9.4,11.45,2.11,85.59,De,Se,An,In,D
Centropus_phasianinus,Cuculiformes,14.4,18.05,4.12,381.98,So,Se,An,Te,D
Centropus_senegalensis,Cuculiformes,12.7,15.25,2.61,169,So,Se,An,Te,D
Centropus_sinensis,Cuculiformes,15.6,18.95,4.59,280.7,So,Se,An,Te,D
Ceratogymna_atrata,Bucerotiformes,19,21.9,13.5,1194.79,De,Se,Pl,In,D
Ceratogymna_elata,Bucerotiformes,21.8,25.7,14.29,1917.02,De,Se,Pl,In,D
Cercomacra_tyrannina,Passeriformes,7.8,9.05,0.74,16.3,De,Se,An,In,D
Certhia_familiaris,Passeriformes,5.23,6.65,0.39,9,De,Se,Om,In,D
Certhiaxis_cinnamomeus,Passeriformes,7.2,7.4,0.69,15.2,So,Se,An,In,D
Certhionyx_niger,Passeriformes,5.8,6.4,0.37,9.9,So,Mi,Om,In,D
Ceryle_rudis,Coraciiformes,11.3,14.8,1.59,84.37,Op,Se,An,In,D
Cettia_cetti,Passeriformes,6.6,7.9,0.58,13.22,So,Se,An,Ge,D
Ceuthmochares_aereus,Cuculiformes,12.15,14.25,1.33,65.8,De,Se,An,In,D
Ceyx_lepidus,Coraciiformes,7.45,9.18,0.56,21.32,De,Se,An,In,D
Ceyx_pictus,Coraciiformes,6.8,8.45,0.43,12.72,De,Se,An,In,D
Chaetura_pelagica,Caprimulgiformes,9,10.2,0.46,23.6,De,Mi,An,Ae,N
Chalcophaps_indica,Columbiformes,9.83,12.45,1.25,136.54,De,Se,Pl,Ge,D
Chalcopsitta_atra,Psittaciformes,10.5,12.9,5.4,195,Op,Se,Pl,In,D
Chamaea_fasciata,Passeriformes,7.2,8.55,0.77,14.73,So,Se,Om,In,D
Chamaeza_campanisona,Passeriformes,11.3,14.95,1.83,90.58,De,Se,An,Te,D
Charadrius_alexandrinus,Charadriiformes,10,NA,0.89,42.3,Op,Pm,An,Te,D
Charadrius_collaris,Charadriiformes,8.2,NA,0.77,28.3,Op,Pm,An,Te,D
Charadrius_dubius,Charadriiformes,8.5,NA,0.97,38.7,Op,Mi,An,Te,D
Charadrius_melodus,Charadriiformes,7.45,NA,0.99,54.39,Op,Mi,An,Te,D
Charadrius_modestus,Charadriiformes,11.1,NA,1.24,78,Op,Mi,An,Te,D
Charadrius_semipalmatus,Charadriiformes,9.1,NA,0.96,46.74,Op,Mi,An,Te,D
Charadrius_vociferus,Charadriiformes,10.6,NA,1.12,96.44,Op,Mi,An,Te,D
Charmosyna_papou,Psittaciformes,9.3,10.8,3.45,82.89,De,Se,Pl,In,D
Chelidoptera_tenebrosa,Piciformes,8.65,9.93,0.85,35.9,Op,Se,An,In,D
Cheramoeca_leucosterna,Passeriformes,7.7,8.25,0.41,14.1,Op,Se,An,Ae,D
Chersomanes_albofasciata,Passeriformes,8.2,9.65,0.94,24.61,Op,Se,An,Te,D
Chiroxiphia_caudata,Passeriformes,8.1,10.25,0.8,25.6,De,Se,Om,In,D
Chiroxiphia_lanceolata,Passeriformes,7.3,9.05,0.57,18.5,De,Se,Pl,In,D
Chiroxiphia_linearis,Passeriformes,7.8,9.15,0.68,17.44,De,Se,Pl,In,D
Chlamydera_maculata,Passeriformes,13,15.85,3.8,139.99,So,Se,Pl,In,D
Chlamydera_nuchalis,Passeriformes,13.6,15.35,5.01,200.43,So,Se,Pl,In,D
Chlamydotis_undulata,Otidiformes,21.3,27.7,5.31,1501.33,Op,Se,Pl,Te,D
Chloroceryle_amazona,Coraciiformes,12.8,15.4,1.95,126.38,Op,Se,An,In,D
Chloroceryle_americana,Coraciiformes,9.8,11.65,0.92,33.73,Op,Se,An,In,D
Chloropsis_hardwickii,Passeriformes,7.5,9.9,0.73,32.29,De,Mi,Om,In,D
Chlorospingus_ophthalmicus,Passeriformes,7.2,8.3,0.98,19.98,De,Se,An,In,D
Chlorothraupis_carmioli,Passeriformes,9.65,11.18,1.3,37.6,De,Se,An,In,D
Chordeiles_minor,Caprimulgiformes,12.3,NA,0.85,79.3,Op,Mi,An,Ae,N
Chrysococcyx_basalis,Cuculiformes,8.5,9.2,0.62,23.12,So,Se,An,Ge,D
Chrysococcyx_caprius,Cuculiformes,9,10.5,0.77,32.79,So,Se,An,In,D
Chrysococcyx_lucidus,Cuculiformes,8.3,10.3,0.69,24.44,So,Se,An,In,D
Chrysocolaptes_lucidus,Piciformes,10.97,13.77,4.75,142,So,Se,An,In,D
Chrysolophus_amherstiae,Galliformes,14.4,18.05,3.76,732.47,De,Se,Om,Te,D
Chthonicola_sagittatus,Passeriformes,6.9,8.2,0.6,13.29,So,Se,An,Te,D
Chunga_burmeisteri,Cariamiformes,19.9,23.4,7.24,1298,So,Se,An,Te,D
Cicinnurus_regius,Passeriformes,9.55,11.1,1.74,51.63,De,Se,Om,In,D
Ciconia_ciconia,Ciconiiformes,22.2,NA,14.67,3445.8,Op,Mi,An,Te,D
Ciconia_nigra,Ciconiiformes,19.8,NA,11.39,2926,So,Mi,An,Te,D
Cinclidium_leucurum,Passeriformes,8.4,11.15,0.89,26.83,So,Se,Om,Ge,D
Cinclodes_fuscus,Passeriformes,7.8,9.6,0.88,30,Op,Mi,An,Te,D
Cincloramphus_cruralis,Passeriformes,10.05,12.05,1.12,49.22,Op,Mi,An,Te,D
Cinclosoma_cinnamomeum,Passeriformes,9.1,11.65,1.47,56.14,So,Se,An,Te,D
Cinclus_cinclus,Passeriformes,7.5,9.6,1.32,61.47,Op,Se,An,Ge,D
Cinclus_mexicanus,Passeriformes,8.1,9.75,1.4,56.68,Op,Se,An,Ge,D
Cinnyricinclus_leucogaster,Passeriformes,8.9,10.25,1.18,44,So,Mi,Pl,In,D
Circaetus_gallicus,Accipitriformes,32.5,NA,13,1699.12,Op,Mi,An,Ae,D
Circus_aeruginosus,Accipitriformes,20.3,NA,5.48,704.07,Op,Pm,An,Ae,D
Circus_cyaneus,Accipitriformes,18.5,NA,4.78,392.98,Op,Mi,An,Ae,D
Cissa_chinensis,Passeriformes,14.6,16.4,3.45,126.64,De,Se,An,Ge,D
Cissopis_leverianus,Passeriformes,9.8,11.4,1.71,76,So,Se,Om,In,D
Cistothorus_palustris,Passeriformes,5.9,7.45,0.52,10.8,Op,Pm,An,In,D
Clamator_glandarius,Cuculiformes,12.5,14.5,1.9,143,So,Mi,An,In,D
Clangula_hyemalis,Anseriformes,13.5,NA,4.88,871,Op,Mi,An,Aq,D
Claravis_pretiosa,Columbiformes,7.8,10.55,0.9,68.2,De,Pm,Pl,Ge,D
Climacteris_erythrops,Passeriformes,6.4,8.05,0.88,23.3,So,Se,An,In,D
Climacteris_melanurus,Passeriformes,7.2,8.6,0.86,31.85,So,Se,An,In,D
Climacteris_picumnus,Passeriformes,7.65,9.75,1,28.94,So,Se,An,In,D
Climacteris_rufus,Passeriformes,8.4,9.8,1.03,32.64,So,Se,An,In,D
Clytorhynchus_pachycephaloides,Passeriformes,8,9.55,1.05,26.3,De,Se,An,In,D
Cnemophilus_loriae,Passeriformes,10.93,13.9,2.15,83.97,De,Se,Pl,In,D
Cnemotriccus_fuscatus,Passeriformes,7.05,8.53,0.46,13.6,So,Pm,An,In,D
Coccothraustes_coccothraustes,Passeriformes,8.5,10,1.42,56.63,De,Pm,Pl,In,D
Coccothraustes_vespertinus,Passeriformes,8,9.7,1.7,57.3,De,Pm,Pl,In,D
Coccyzus_americanus,Cuculiformes,9.33,11.49,1.17,64,De,Mi,An,In,D
Coccyzus_erythropthalmus,Cuculiformes,8.73,10.92,1.01,50.9,De,Mi,An,In,D
Coccyzus_minor,Cuculiformes,12.1,13.9,1.16,63.89,So,Pm,An,In,D
Coccyzus_vetula,Cuculiformes,12.2,14.9,2,96,De,Se,An,In,D
Coereba_flaveola,Passeriformes,4.9,6.43,0.44,10.01,So,Se,Pl,In,D
Colaptes_auratus,Piciformes,10.7,12.8,3.06,131.46,So,Pm,An,Ge,D
Colaptes_rubiginosus,Piciformes,8.8,10.6,2.19,55.79,So,Se,An,In,D
Colinus_virginianus,Galliformes,9.9,11.95,1.3,171.89,So,Se,Pl,Te,D
Colius_striatus,Coliiformes,7.6,9.46,1.14,51.1,So,Se,Pl,In,D
Collocalia_esculenta,Caprimulgiformes,4.98,5.9,0.2,6.29,De,Se,An,Ae,D
Collocalia_spodiopygia,Caprimulgiformes,7.6,8.25,0.24,8.03,De,Se,An,Ae,D
Colluricincla_harmonica,Passeriformes,11,12.9,2,65.8,So,Se,An,In,D
Colluricincla_megarhyncha,Passeriformes,8.9,10.95,1.34,32.34,De,Se,An,In,D
Colonia_colonus,Passeriformes,7.8,8.9,0.47,18.3,De,Se,An,In,D
Columba_livia,Columbiformes,11.13,13.9,2.04,354.2,Op,Se,Pl,Te,D
Columba_palumbus,Columbiformes,12.4,NA,2.51,490,So,Se,Pl,Te,D
Columbina_inca,Columbiformes,6.9,9.35,0.73,47.5,Op,Se,Pl,Te,D
Columbina_minuta,Columbiformes,7.45,9,0.56,32.59,So,Se,Pl,Te,D
Columbina_picui,Columbiformes,7.8,9.7,0.75,47,Op,Mi,Pl,Te,D
Columbina_talpacoti,Columbiformes,7.25,9.6,0.72,46.04,Op,Pm,Pl,Te,D
Conopophaga_lineata,Passeriformes,9.33,11.05,0.7,25.21,De,Se,An,In,D
Conopophila_albogularis,Passeriformes,5.6,6.65,0.55,11.8,So,Se,Om,In,D
Conopophila_rufogularis,Passeriformes,5.6,6.55,0.44,10.8,So,Se,Om,In,D
Contopus_cooperi,Passeriformes,9.2,11,0.64,32.1,De,Mi,An,In,D
Contopus_latirostris,Passeriformes,7.1,8.2,0.38,11.2,De,Se,An,In,D
Contopus_sordidulus,Passeriformes,7.8,8.6,0.34,13.1,De,Mi,An,In,D
Contopus_virens,Passeriformes,7.6,8.9,0.45,13.9,De,Mi,An,In,D
Copsychus_malabaricus,Passeriformes,9.5,11.1,0.87,29.23,De,Se,An,In,D
Copsychus_saularis,Passeriformes,9.2,11.1,1.1,36,De,Se,An,Te,D
Coracias_caudatus,Coraciiformes,13.8,15.7,2.06,110,So,Pm,An,In,D
Coracias_garrulus,Coraciiformes,12.95,16.1,2.32,146,So,Mi,An,In,D
Coracina_maxima,Passeriformes,13.3,15.75,2.2,127,Op,Se,An,Te,D
Coracina_novaehollandiae,Passeriformes,15.7,18.45,2.4,118,So,Se,An,In,D
Coracina_papuensis,Passeriformes,12.6,15,2.03,63.45,So,Se,An,In,D
Coracopsis_vasa,Psittaciformes,14.6,17.5,8.68,525,De,Se,Pl,In,D
Coragyps_atratus,Cathartiformes,16.8,NA,11.99,1881.69,Op,Pm,Om,Te,D
Corcorax_melanorhamphos,Passeriformes,13.77,15.87,5.2,364,So,Se,Om,Te,D
Cormobates_leucophaea,Passeriformes,7,8,0.81,22,So,Se,An,In,D
Corvus_albus,Passeriformes,16.3,19.55,8.75,524,Op,Pm,An,Te,D
Corvus_bennetti,Passeriformes,15.7,18.75,6.44,389,So,Se,Om,Ge,D
Corvus_brachyrhynchos,Passeriformes,13.81,15.05,7.17,448.76,So,Pm,Om,Te,D
Corvus_corax,Passeriformes,19.45,23.2,14.45,927.97,Op,Pm,Om,Te,D
Corvus_corone,Passeriformes,15.63,18.7,8.51,570,Op,Se,An,Te,D
Corvus_coronoides,Passeriformes,17.4,20.6,9.83,644.3,So,Se,Om,Ge,D
Corvus_cryptoleucus,Passeriformes,17.8,20.35,8.95,533.54,Op,Se,An,Te,D
Corvus_frugilegus,Passeriformes,15,17.85,7.61,452.1,Op,Se,Om,Te,D
Corvus_macrorhynchos,Passeriformes,15.85,19.03,12.66,513.14,So,Se,Om,Ge,D
Corvus_mellori,Passeriformes,17.2,20.1,8.5,540.37,So,Se,Om,Ge,D
Corvus_monedula,Passeriformes,12.6,14.7,5.15,246,Op,Pm,Om,Te,D
Corvus_moneduloides,Passeriformes,13.1,16.5,7.23,277.38,So,Se,Om,Ge,D
Corvus_orru,Passeriformes,16.4,19.5,8.91,507.96,So,Se,Om,Ge,D
Corvus_ruficollis,Passeriformes,18.3,21.4,10.14,573.5,Op,Se,Om,Te,D
Corvus_splendens,Passeriformes,14.5,16.35,5.91,292.55,Op,Se,Om,Te,D
Corydon_sumatranus,Passeriformes,14,16.6,2.4,140,De,Se,An,In,D
Coryphistera_alaudina,Passeriformes,8.3,9.8,0.94,30,So,Se,An,Te,D
Coryphospingus_cucullatus,Passeriformes,6.3,7.63,0.67,14.28,De,Se,Pl,Ge,D
Corythaeola_cristata,Musophagiformes,15.4,20.1,5.98,964.99,De,Se,Pl,In,D
Corythaixoides_concolor,Musophagiformes,13.3,16.15,3.78,258,So,Se,Pl,In,D
Coturnix_chinensis,Galliformes,5.55,7.45,0.56,40.41,So,Se,Pl,Te,D
Coturnix_coturnix,Galliformes,8.3,10.05,0.94,96.28,Op,Mi,Pl,Te,D
Coua_caerulea,Cuculiformes,15.8,18,4.05,244,De,Se,An,In,D
Cracticus_nigrogularis,Passeriformes,13.15,16.35,3.02,128,So,Se,An,In,D
Cracticus_quoyi,Passeriformes,13.8,16.6,3.55,168,De,Se,An,In,D
Cracticus_torquatus,Passeriformes,12.85,15.18,2.78,82.88,So,Se,Om,In,D
Crax_alector,Galliformes,20.2,24.73,6.76,2872,De,Se,Pl,Te,D
Crax_rubra,Galliformes,20.3,26,9.56,4133,De,Se,Pl,Te,D
Crinifer_piscator,Musophagiformes,15.3,18.45,4.7,370,Op,Se,Pl,In,D
Crossoptilon_auritum,Galliformes,16.2,20.2,5.69,1768.33,De,Se,Pl,Te,D
Crotophaga_ani,Cuculiformes,10.35,13.2,1.56,110.09,Op,Se,An,In,D
Crypturellus_soui,Struthioniformes,11.4,13.7,1.49,216.16,De,Se,Pl,Te,D
Crypturellus_tataupa,Struthioniformes,9.45,12.25,1.26,218.8,So,Se,Pl,Te,D
Cuculus_canorus,Cuculiformes,11.5,15.25,1.57,111.36,So,Mi,An,In,D
Cuculus_pallidus,Cuculiformes,11.7,15.15,1.43,87.69,So,Se,An,In,D
Cuculus_saturatus,Cuculiformes,11.8,14.8,1.58,87,De,Mi,An,In,D
Cursorius_cursor,Charadriiformes,12.8,16.3,1.44,138,Op,Pm,An,Te,D
Cursorius_temminckii,Charadriiformes,10.3,13.2,1.25,69.2,Op,Se,An,Te,D
Cyanerpes_cyaneus,Passeriformes,6.1,7.1,0.55,14,De,Se,Om,In,D
Cyanocitta_cristata,Passeriformes,11.63,13.93,2.92,88,So,Se,Om,Te,D
Cyanocitta_stelleri,Passeriformes,12.3,14.1,3.54,128,De,Se,Om,In,D
Cyanocorax_affinis,Passeriformes,12.8,16.25,4.36,212,De,Se,Om,In,D
Cyanocorax_chrysops,Passeriformes,9.35,10.6,4.15,166,De,Se,An,In,D
Cyanocorax_morio,Passeriformes,14.5,16.8,4.8,204,So,Se,Om,In,D
Cyanocorax_yncas,Passeriformes,11.5,13.7,2.32,78.5,So,Se,Om,In,D
Cyanoliseus_patagonus,Psittaciformes,11.4,13.1,8.23,277.88,So,Pm,Pl,In,D
Cyanopica_cyanus,Passeriformes,11,13.05,2.8,95.91,So,Se,Om,Ge,D
Cyanoramphus_unicolor,Psittaciformes,9.3,11.1,4.03,149.03,So,Se,Pl,Te,D
Cyclarhis_gujanensis,Passeriformes,8.78,10.39,1.26,28.8,So,Se,An,In,D
Cyclopsitta_diophthalma,Psittaciformes,8.2,9.35,1.7,41.84,De,Se,Pl,In,D
Cygnus_cygnus,Anseriformes,18.45,NA,19.5,9349.99,Op,Mi,Pl,Aq,D
Cygnus_olor,Anseriformes,16.9,NA,16.64,10682.04,Op,Mi,Pl,Aq,D
Cymbilaimus_lineatus,Passeriformes,9.6,11.8,1.22,35.8,De,Se,An,In,D
Cyornis_rubeculoides,Passeriformes,8,9.55,0.55,14.2,So,Se,An,In,D
Cyphorhinus_arada,Passeriformes,7.3,8.7,0.91,20.9,De,Se,An,Ge,D
Cypsiurus_parvus,Caprimulgiformes,7.93,9.03,0.3,13.6,De,Se,An,Ae,D
Cyrtonyx_montezumae,Galliformes,9.8,12.4,1.46,185.38,So,Se,Pl,Te,D
Dacelo_gaudichaud,Coraciiformes,15.8,18.6,2.15,143,De,Se,An,In,D
Dacelo_leachii,Coraciiformes,20.3,22.55,4.23,307.98,So,Se,An,In,D
Dacelo_novaeguineae,Coraciiformes,19.8,23.05,4.31,333.8,So,Se,An,In,D
Dacnis_cayana,Passeriformes,6.3,7.55,0.55,13,So,Se,Pl,In,D
Daphoenositta_chrysoptera,Passeriformes,5.93,6.97,0.61,11.7,So,Se,An,In,D
Daptrius_ater,Falconiformes,17.8,NA,5.28,351.75,So,Pm,An,Te,D
Dasyornis_broadbenti,Passeriformes,9.9,11.98,1.88,67.9,So,Se,Om,Ge,D
Delichon_urbicum,Passeriformes,7.8,8.55,0.48,14.5,Op,Mi,An,Ae,D
Dendragapus_canadensis,Galliformes,13.3,16.15,2.44,473.65,De,Se,Pl,Te,D
Dendrocincla_fuliginosa,Passeriformes,8.95,10.63,1.06,38.7,De,Se,An,In,D
Dendrocitta_formosae,Passeriformes,11.7,14.2,2.49,102.74,So,Se,Om,In,D
Dendrocitta_vagabunda,Passeriformes,12.5,14.6,2.7,100,So,Se,An,Te,D
Dendrocolaptes_certhia,Passeriformes,11.65,13.93,1.74,68.7,De,Se,An,In,D
Dendrocolaptes_platyrostris,Passeriformes,11.2,13,1.32,61.7,De,Se,An,In,D
Dendrocopos_maculatus,Piciformes,6.4,8.45,1.02,24.5,De,Se,An,In,D
Dendrocopos_major,Piciformes,9.8,NA,2.7,74.94,De,Se,Om,In,D
Dendrocopos_minor,Piciformes,7,8.9,1.16,19.8,De,Se,An,In,D
Dendroica_caerulescens,Passeriformes,6,7.65,0.43,10.14,De,Mi,An,In,D
Dendroica_coronata,Passeriformes,6.4,7.7,0.51,11.94,De,Mi,An,In,D
Dendroica_magnolia,Passeriformes,6.2,7.05,0.37,8.14,De,Mi,An,In,D
Dendroica_petechia,Passeriformes,6.7,7.8,0.52,10.22,De,Mi,An,In,D
Dendropicos_fuscescens,Piciformes,6.7,8.1,1.22,26,So,Se,An,In,D
Dendroplex_picus,Passeriformes,6.8,8.65,1.3,41.34,So,Se,An,In,D
Deroptyus_accipitrinus,Psittaciformes,13.2,16.45,7.74,246,De,Se,Pl,In,D
Dicrurus_hottentottus,Passeriformes,11.3,14.25,1.96,79.19,De,Se,An,In,D
Dicrurus_remifer,Passeriformes,10.6,12.2,1.16,43.1,De,Se,An,In,D
Didunculus_strigirostris,Columbiformes,12.5,15.25,2.69,400,De,Se,Pl,In,D
Dinopium_benghalense,Piciformes,9.8,12.05,2.8,100,So,Se,An,In,D
Dolichonyx_oryzivorus,Passeriformes,7,8.42,1.07,31.46,De,Mi,Om,Ge,D
Donacobius_atricapilla,Passeriformes,9.4,10.7,1.15,36.8,Op,Se,An,In,D
Dromaius_novaehollandiae,Struthioniformes,25.4,30.1,28.88,34093.25,Op,Se,Pl,Te,D
Dromas_ardeola,Charadriiformes,16.6,NA,3.76,325,Op,Se,An,Te,D
Drymodes_brunneopygia,Passeriformes,8.2,10.6,0.95,32.95,So,Se,An,Ge,D
Dryocopus_javensis,Piciformes,11.8,15.78,6.07,271.4,De,Se,An,In,D
Dryocopus_martius,Piciformes,10.7,13,7.43,321,De,Se,An,In,D
Dryocopus_pileatus,Piciformes,12.8,16.25,6.8,286.59,De,Se,An,In,D
Dryoscopus_cubla,Passeriformes,8.7,10.25,1.13,26.23,So,Se,An,In,D
Ducula_aenea,Columbiformes,13.4,16.5,3.06,545,De,Se,Pl,In,D
Ducula_badia,Columbiformes,13.9,17.3,3.05,485.99,So,Se,Pl,In,D
Dulus_dominicus,Passeriformes,8.07,9.98,1.27,48.4,So,Se,Pl,In,D
Dumetella_carolinensis,Passeriformes,7.68,9.2,1.14,35.3,De,Mi,Om,In,D
Dysithamnus_mentalis,Passeriformes,8.05,9.38,0.7,14.87,De,Se,An,In,D
Eclectus_roratus,Psittaciformes,13.8,16.6,7.36,480.76,De,Se,Pl,In,D
Elaenia_albiceps,Passeriformes,6.78,8.33,0.51,15.5,So,Pm,Om,In,D
Elaenia_frantzii,Passeriformes,6.8,8,0.61,19.6,Op,Se,Pl,In,D
Elaenia_martinica,Passeriformes,8.2,9.38,0.65,20.79,So,Se,Om,In,D
Elanus_caeruleus,Accipitriformes,18.1,NA,3.43,259.76,Op,Pm,An,Ae,D
Elanus_leucurus,Accipitriformes,21.05,NA,2.96,346,Op,Pm,An,Ae,D
Empidonax_minimus,Passeriformes,7.03,8.47,0.37,10,De,Mi,An,In,D
Empidonax_oberholseri,Passeriformes,7.47,8.57,0.41,10.4,So,Mi,An,In,D
Empidonax_virescens,Passeriformes,7.43,7.63,0.43,12.6,So,Mi,An,In,D
Enicognathus_ferrugineus,Psittaciformes,10.4,13.1,5.32,160,So,Se,Pl,In,D
Enicurus_scouleri,Passeriformes,6.8,7.95,0.76,17.8,Op,Se,An,Te,D
Entomyzon_cyanotis,Passeriformes,10.7,12.55,2.23,105.26,So,Se,Om,In,D
Eopsaltria_australis,Passeriformes,8,10.85,0.86,20.15,So,Se,An,In,D
Eopsaltria_griseogularis,Passeriformes,9.1,10.95,0.83,19.38,So,Se,An,In,D
Eopsaltria_pulverulenta,Passeriformes,7.8,9.35,0.83,19.19,So,Pm,An,In,D
Eos_bornea,Psittaciformes,10.4,12.2,4.78,156,De,Se,Pl,In,D
Eos_cyanogenia,Psittaciformes,10,12.4,4.85,167,De,Se,Pl,In,D
Epinecrophylla_fulviventris,Passeriformes,5.7,7,0.48,10.4,De,Se,An,In,D
Epthianura_albifrons,Passeriformes,5.7,7.45,0.53,13.3,Op,Se,An,Ge,D
Epthianura_aurifrons,Passeriformes,6,7.3,0.43,10.5,So,Se,An,Ge,D
Epthianura_tricolor,Passeriformes,6,7.15,0.44,10.7,So,Se,An,Ge,D
Eremophila_alpestris,Passeriformes,7.38,8.44,0.89,33.33,Op,Mi,Om,Te,D
Eremophila_bilopha,Passeriformes,7.3,8.8,0.82,38.5,Op,Pm,Pl,Te,D
Erithacus_rubecula,Passeriformes,7.3,9.15,0.64,17.7,De,Mi,An,Ge,D
Erythrura_gouldiae,Passeriformes,5.2,6.4,0.53,13.8,Op,Se,Pl,Ge,D
Erythrura_trichroa,Passeriformes,5.2,6.95,0.58,14.39,So,Se,Pl,In,D
Esacus_giganteus,Charadriiformes,22.7,27.45,5.35,1015.87,Op,Pm,An,Te,D
Estrilda_astrild,Passeriformes,4.8,5.4,0.34,8.29,Op,Se,Pl,Ge,D
Estrilda_caerulescens,Passeriformes,5.2,6.05,0.41,9.4,So,Se,Pl,Ge,D
Estrilda_melpoda,Passeriformes,5,5.6,0.38,7.6,Op,Se,Om,Ge,D
Eubucco_bourcierii,Piciformes,7.9,9.3,1.03,37,De,Se,Pl,In,D
Eudromia_elegans,Struthioniformes,11.8,17,2.49,702.9,So,Se,Pl,Te,D
Eudynamys_scolopaceus,Cuculiformes,12.5,14.45,2.46,194.92,So,Pm,Pl,In,D
Eudynamys_taitensis,Cuculiformes,12,14.3,2,117,De,Mi,An,In,D
Eudyptes_chrysocome,Sphenisciformes,22.7,NA,12.42,2327.85,Op,Pm,An,Aq,D
Eulampis_holosericeus,Caprimulgiformes,4.5,5.55,0.24,5.7,So,Se,Pl,Ae,D
Eulampis_jugularis,Caprimulgiformes,5.1,6.35,0.32,8.85,De,Se,Pl,Ae,D
Euneornis_campestris,Passeriformes,3.1,7.6,0.7,16,So,Se,Pl,In,D
Eunymphicus_cornutus,Psittaciformes,11.5,12.95,3.33,130,De,Se,Pl,In,D
Euphagus_carolinus,Passeriformes,8.3,10,1.51,59.57,So,Mi,Om,Te,D
Euplectes_orix,Passeriformes,6.4,7.5,0.76,22.97,Op,Se,Om,Te,D
Eupodotis_afra,Otidiformes,14.7,17.38,3.76,689.99,Op,Se,Om,Te,D
Eurocephalus_anguitimens,Passeriformes,10.3,11.93,1.73,69.04,So,Se,An,In,D
Eurostopodus_macrotis,Caprimulgiformes,17.45,NA,1.46,140.64,De,Se,An,Ae,N
Eurypyga_helias,Eurypygiformes,12.87,15.92,2.48,210,So,Se,An,Te,D
Eurystomus_glaucurus,Coraciiformes,14.15,17,1.74,110,So,Se,An,Ge,D
Eurystomus_orientalis,Coraciiformes,14.8,17.63,1.98,143.02,So,Mi,An,Ae,D
Falco_berigora,Falconiformes,20.4,NA,6.24,587.01,Op,Se,An,Ge,D
Falco_biarmicus,Falconiformes,18.8,NA,6.08,606.09,Op,Pm,An,Ae,D
Falco_cenchroides,Falconiformes,15.3,NA,3.14,170.47,Op,Pm,An,Ge,D
Falco_eleonorae,Falconiformes,16.4,NA,4.04,390,Op,Mi,An,Ae,D
Falco_naumanni,Falconiformes,11.9,NA,2.71,152.06,Op,Mi,An,Ge,D
Falco_novaeseelandiae,Falconiformes,17.8,NA,5.5,418.6,Op,Pm,An,Ae,D
Falco_peregrinus,Falconiformes,20.5,NA,6.19,759.95,Op,Pm,An,Ae,D
Falco_rufigularis,Falconiformes,15.7,NA,3.18,163.64,So,Se,An,Ae,D
Falco_rusticolus,Falconiformes,22.9,NA,9.43,1431.72,Op,Mi,An,Ae,D
Falco_sparverius,Falconiformes,11.95,NA,2.49,114.61,Op,Mi,An,In,D
Falco_subbuteo,Falconiformes,14.7,NA,3.59,208.17,Op,Mi,An,Ae,D
Falco_tinnunculus,Falconiformes,16.6,NA,3.87,183.21,Op,Mi,An,Ae,D
Falco_vespertinus,Falconiformes,13.5,NA,2.7,151.49,Op,Mi,An,Ae,D
Falcunculus_frontatus,Passeriformes,7.5,9.28,1.24,27.94,De,Se,An,In,D
Ficedula_westermanni,Passeriformes,6.5,8.25,0.33,7.8,De,Se,An,In,D
Florisuga_mellivora,Caprimulgiformes,4.7,5.9,0.26,7.4,De,Se,Pl,Ae,D
Formicarius_analis,Passeriformes,10.3,12.55,1.3,62.19,De,Se,An,Te,D
Formicarius_colma,Passeriformes,9.4,11.45,1.08,47,De,Se,An,Te,D
Formicivora_grisea,Passeriformes,6.6,7.95,0.45,10.36,So,Se,An,In,D
Forpus_passerinus,Psittaciformes,6.3,7.4,1.1,23,So,Se,Pl,Ge,D
Foudia_madagascariensis,Passeriformes,6.2,7.4,0.75,16.59,Op,Se,Pl,In,D
Foulehaio_carunculatus,Passeriformes,7.4,8.85,0.98,37,De,Se,Pl,In,D
Francolinus_leucoscepus,Galliformes,13,16.3,3.2,640.61,So,Se,Pl,Te,D
Francolinus_sephaena,Galliformes,10.6,13.75,2.25,340.47,So,Se,Om,Te,D
Fregata_aquila,Suliformes,19.66,NA,9.12,1620,Op,Mi,An,Ae,D
Fringilla_coelebs,Passeriformes,6.75,8.13,0.81,23.81,So,Pm,Om,Ge,D
Fringilla_montifringilla,Passeriformes,6.2,8.13,0.75,23.19,De,Mi,Pl,Ge,D
Fulica_atra,Gruiformes,11.6,NA,2.85,717.12,Op,Se,Pl,Ge,D
Fulmarus_glacialis,Procellariiformes,16.1,NA,6.33,611.94,Op,Mi,An,Aq,D
Furnarius_rufus,Passeriformes,8.12,9.61,1.33,46.42,Op,Se,An,Te,D
Galbula_albirostris,Piciformes,8.5,10.85,0.61,22.1,De,Se,An,In,D
Galbula_galbula,Piciformes,8.8,10.05,0.58,23,So,Se,An,In,D
Galerida_cristata,Passeriformes,7.3,9.18,1.17,42.68,Op,Se,Om,Te,D
Gallicolumba_rubescens,Columbiformes,8.2,10.95,1.03,60,De,Se,Pl,In,D
Gallinago_gallinago,Charadriiformes,9.3,NA,1.41,112.94,Op,Mi,An,Te,D
Gallinago_nobilis,Charadriiformes,10.2,NA,2.09,192.44,Op,Se,An,Te,D
Gallinago_stenura,Charadriiformes,10,NA,1.5,113,Op,Mi,An,Te,D
Gallus_gallus,Galliformes,8.55,10.95,3.53,751.72,De,Se,Pl,Te,D
Garrulax_leucolophus,Passeriformes,11.1,12.95,2.46,123.44,So,Se,An,Te,D
Garrulus_glandarius,Passeriformes,14.05,16.53,3.91,159.46,De,Pm,Om,In,D
Garrulus_lanceolatus,Passeriformes,11.8,14.35,2.54,97.7,De,Pm,Om,In,D
Gavia_stellata,Gaviiformes,16.1,NA,5.54,1486,Op,Mi,An,Aq,D
Geococcyx_californianus,Cuculiformes,15.9,18.85,3.49,376,So,Se,An,Te,D
Geoffroyus_geoffroyi,Psittaciformes,11.9,14.5,4.26,164,De,Se,Pl,In,D
Geopelia_cuneata,Columbiformes,6.1,8.75,0.59,31.6,So,Se,Pl,Te,D
Geopelia_humeralis,Columbiformes,9.3,12,1.26,128.42,So,Se,Pl,Te,D
Geophaps_smithii,Columbiformes,8.3,12.45,1.39,194,De,Pm,Pl,Te,D
Geositta_cunicularia,Passeriformes,8.4,9.95,0.97,28.5,Op,Se,An,Te,D
Geothlypis_trichas,Passeriformes,5.6,7.45,0.52,9.54,De,Mi,An,In,D
Geotrygon_montana,Columbiformes,10,12.95,1.14,133.86,De,Se,Pl,Te,D
Gerygone_flavolateralis,Passeriformes,5.8,7,0.34,6.3,De,Se,An,In,D
Gerygone_fusca,Passeriformes,5.1,6.15,0.34,5.4,So,Se,An,In,D
Glareola_nuchalis,Charadriiformes,8.8,12.1,0.85,62.7,Op,Pm,An,Ae,D
Glaucidium_brasilianum,Strigiformes,12.3,NA,2.51,63.3,So,Se,An,In,D
Glaucidium_gnoma,Strigiformes,11.3,NA,3.6,61.25,So,Se,An,In,D
Glaucidium_passerinum,Strigiformes,12.6,NA,2.59,57.87,De,Pm,An,In,D
Glaucis_hirsutus,Caprimulgiformes,4.75,5.93,0.25,6.76,De,Se,Pl,Ae,D
Glossopsitta_concinna,Psittaciformes,8.1,10.05,2.87,70.54,So,Se,Pl,In,D
Glossopsitta_porphyrocephala,Psittaciformes,6.8,8.05,1.89,44.7,So,Se,Pl,In,D
Glossopsitta_pusilla,Psittaciformes,6.6,8,1.59,39.4,So,Se,Pl,In,D
Glyphorynchus_spirurus,Passeriformes,5.9,7.63,0.62,14.6,De,Se,An,In,D
Gnorimopsar_chopi,Passeriformes,8.4,9.28,1.8,65.9,So,Se,Om,Te,D
Goura_cristata,Columbiformes,18,22.7,5.27,2000,So,Se,Pl,Te,D
Goura_scheepmakeri,Columbiformes,18,21.1,5.75,2235,So,Se,Pl,Te,D
Goura_victoria,Columbiformes,17.4,22.6,5.43,2384,So,Se,Pl,Te,D
Gracula_religiosa,Passeriformes,11.7,14.2,3.68,192,De,Se,Pl,In,D
Grallina_bruijni,Passeriformes,8.4,9.7,1,38.4,So,Pm,An,Te,D
Grallina_cyanoleuca,Passeriformes,10.56,12.43,1.68,82.57,So,Se,An,Te,D
Graydidascalus_brachyurus,Psittaciformes,11.6,12.9,5.3,159,De,Se,Pl,In,D
Grus_canadensis,Gruiformes,18.58,NA,14.82,4296.22,Op,Mi,Om,Te,D
Grus_grus,Gruiformes,21.4,NA,19.96,5499.99,Op,Mi,Pl,Te,D
Guira_guira,Cuculiformes,10.93,13.05,1.92,141,Op,Se,An,Te,D
Guttera_pucherani,Galliformes,15.6,18.95,4.9,1149,De,Se,Om,Te,D
Gymnobucco_calvus,Piciformes,8.35,9.68,1.25,54.51,De,Pm,Pl,In,D
Gymnocichla_nudiceps,Passeriformes,8.5,10.6,1.06,30.5,De,Se,An,In,D
Gymnoderus_foetidus,Passeriformes,15.6,17.55,3.53,275.49,So,Se,Pl,In,D
Gymnogyps_californianus,Cathartiformes,25.5,NA,27.25,8442.74,Op,Se,Ca/Re,Te,D
Gymnophaps_albertisii,Columbiformes,12.5,15.85,2.1,259,De,Se,Pl,In,D
Gymnopithys_leucaspis,Passeriformes,8.5,9.7,0.76,27.2,De,Se,An,In,D
Gymnorhina_tibicen,Passeriformes,15.85,18.6,4.65,284.87,So,Se,An,Te,D
Gymnorhinus_cyanocephalus,Passeriformes,10.2,13.1,3.51,104.82,So,Pm,Om,Ge,D
Gypaetus_barbatus,Accipitriformes,30.95,NA,22.25,5694.98,Op,Pm,Ca/Re,Te,D
Gypohierax_angolensis,Accipitriformes,21.7,NA,10.13,1600,So,Se,Pl,In,D
Gyps_africanus,Accipitriformes,20.1,NA,18.25,5432.99,So,Se,Ca/Re,Te,D
Haematopus_ater,Charadriiformes,13.6,NA,5.15,724,Op,Se,An,Te,D
Haematopus_leucopodus,Charadriiformes,13,NA,4.55,617.99,Op,Se,An,Te,D
Haematopus_ostralegus,Charadriiformes,14.1,NA,4.52,526,Op,Se,An,Te,D
Halcyon_leucocephala,Coraciiformes,10.3,13.05,1.08,41.8,So,Pm,An,In,D
Halcyon_senegalensis,Coraciiformes,10.9,13.25,1.45,73.44,So,Se,An,In,D
Halcyon_smyrnensis,Coraciiformes,11.8,14.53,1.84,91.4,So,Pm,An,In,D
Haliaeetus_albicilla,Accipitriformes,30.2,NA,16.5,4729.27,Op,Pm,An,Ae,D
Haliaeetus_leucocephalus,Accipitriformes,28.15,NA,18.04,4700.58,Op,Mi,An,Ge,D
Haliaeetus_vocifer,Accipitriformes,21.6,NA,12.19,3400,So,Se,An,In,D
Harpactes_ardens,Trogoniformes,13.3,15.95,1.77,96.29,De,Se,An,In,D
Harpactes_erythrocephalus,Trogoniformes,12.87,15,1.92,80.29,De,Se,An,In,D
Harpagus_bidentatus,Accipitriformes,18.1,NA,3.83,215.25,So,Se,An,In,D
Heliothryx_barroti,Caprimulgiformes,4.6,5.7,0.23,5.5,De,Se,Pl,Ae,D
Helmitheros_vermivorum,Passeriformes,5.8,6.85,0.59,14.16,De,Mi,An,In,D
Hemiphaga_novaeseelandiae,Columbiformes,13.5,16.25,2.97,653,So,Se,Pl,In,D
Hemiprocne_comata,Caprimulgiformes,9.3,10.18,0.42,20.63,De,Se,An,In,D
Hemiprocne_mystacea,Caprimulgiformes,11.37,15.35,1.1,70.1,So,Se,An,Ae,D
Hemitriccus_margaritaceiventer,Passeriformes,6.58,7.7,0.45,8.4,So,Se,An,In,D
Henicophaps_albifrons,Columbiformes,11.4,14.65,2.1,247,Op,Se,Om,Te,D
Henicorhina_leucosticta,Passeriformes,6.4,8.05,0.78,14.18,De,Se,An,Ge,D
Herpetotheres_cachinnans,Falconiformes,21.25,NA,6.55,623.58,So,Se,An,In,D
Heteromyias_albispecularis,Passeriformes,10,12.8,1.05,36.3,De,Se,An,In,D
Heteroscelus_incanus,Charadriiformes,10.1,NA,1.29,108.24,Op,Mi,An,Te,D
Hieraaetus_morphnoides,Accipitriformes,23.4,NA,7.81,775.05,So,Se,An,Ge,D
Hieraaetus_pennatus,Accipitriformes,22.6,NA,5.31,823.75,De,Mi,An,Ge,D
Himantopus_himantopus,Charadriiformes,11.75,NA,1.9,176.82,Op,Pm,An,Te,D
Himatione_sanguinea,Passeriformes,5.8,6.77,0.67,15.17,De,Se,Pl,In,D
Hirundapus_caudacutus,Caprimulgiformes,12.8,13.85,1.29,95.5,De,Mi,An,Ae,D
Hirundo_ariel,Passeriformes,7.3,7.95,0.36,10.84,Op,Pm,An,Ae,D
Hirundo_nigricans,Passeriformes,7.6,8.7,0.52,15.4,So,Pm,An,Ae,D
Hirundo_rustica,Passeriformes,8,9.35,0.55,17.91,Op,Mi,An,Ae,D
Hirundo_senegalensis,Passeriformes,9,10.4,0.51,45.35,Op,Se,An,Ae,D
Hydrophasianus_chirurgus,Charadriiformes,9.4,NA,1.4,160.03,Op,Pm,Om,Te,D
Hylacola_cauta,Passeriformes,7,9.1,0.81,15.21,So,Se,An,Te,D
Hylocichla_mustelina,Passeriformes,8.26,9.84,1.25,50.09,De,Mi,Om,Ge,D
Hylophylax_naevius,Passeriformes,7.65,9.18,0.59,14.2,De,Se,An,In,D
Hymenops_perspicillatus,Passeriformes,8.4,9.85,0.76,22.9,Op,Mi,An,Te,D
Hypocnemis_cantator,Passeriformes,6.55,8.28,0.63,12.29,De,Se,An,In,D
Hypothymis_azurea,Passeriformes,7,8.65,0.52,11.1,De,Se,An,In,D
Ibidorhyncha_struthersii,Charadriiformes,11.65,NA,2.3,294,Op,Pm,An,Te,D
Icteria_virens,Passeriformes,8.3,9.95,0.91,24.89,So,Se,An,In,D
Icterus_cayanensis,Passeriformes,7.4,8.6,1.29,35.44,So,Se,An,In,D
Icterus_galbula,Passeriformes,8.4,9.7,1.13,32.83,De,Mi,Om,In,D
Icterus_spurius,Passeriformes,7.1,8.8,0.86,19.44,So,Mi,An,In,D
Ifrita_kowaldi,Passeriformes,8.6,10,1.25,32.1,De,Se,An,In,D
Illadopsis_fulvescens,Passeriformes,8.9,10.45,1.19,27.9,De,Se,An,In,D
Indicator_minor,Piciformes,5.8,7.75,0.67,28.2,So,Se,An,In,D
Irena_puella,Passeriformes,9.55,11.58,1.36,64.9,De,Se,Pl,In,D
Ithaginis_cruentus,Galliformes,12.3,14.25,3.18,530.67,So,Se,Pl,Te,D
Ixos_philippinus,Passeriformes,9,10.5,1.12,38.6,De,Se,Pl,In,D
Jacamerops_aureus,Piciformes,11.7,13.6,1.11,62.9,De,Se,An,In,D
Jacana_jacana,Charadriiformes,7.12,NA,1.29,106.24,Op,Se,Om,Te,D
Jacana_spinosa,Charadriiformes,8.9,NA,1.38,94,Op,Se,An,Te,D
Junco_hyemalis,Passeriformes,7.6,8.95,0.83,19.5,So,Mi,Pl,Ge,D
Jynx_torquilla,Piciformes,7.5,9.43,0.94,34.96,De,Mi,An,Te,D
Kaupifalco_monogrammicus,Accipitriformes,19.3,NA,4.03,278.94,Op,Se,An,In,D
Ketupa_ketupu,Strigiformes,32.1,NA,12.75,1293,So,Se,An,In,N
Lagonosticta_senegala,Passeriformes,4.5,6.05,0.39,9.21,So,Se,Pl,Te,D
Lagopus_lagopus,Galliformes,12.8,15.8,2.38,566.86,Op,Se,Pl,Te,D
Lagopus_muta,Galliformes,12.4,15.55,2.5,535.3,Op,Se,Pl,Te,D
Lamprotornis_superbus,Passeriformes,10,12.3,1.72,64.9,So,Se,An,Te,D
Lanius_collaris,Passeriformes,8.5,10.9,1.07,36.44,Op,Se,An,In,D
Lanius_collurio,Passeriformes,9,11,0.96,28.44,Op,Mi,An,In,D
Lanius_cristatus,Passeriformes,9.3,11.9,1.05,32.18,Op,Mi,An,In,D
Lanius_excubitor,Passeriformes,8.78,10.04,1.43,63.41,Op,Mi,An,In,D
Lanius_ludovicianus,Passeriformes,11.2,13.05,1.53,51.59,Op,Mi,An,In,D
Lanius_senator,Passeriformes,9,11.4,1.07,35.97,So,Mi,An,In,D
Lanius_tigrinus,Passeriformes,9.9,11.8,1.1,30.14,So,Mi,An,In,D
Lanius_vittatus,Passeriformes,9,10.4,0.82,20.8,So,Pm,An,In,D
Larus_argentatus,Charadriiformes,18.7,NA,6.69,1090.99,Op,Pm,An,Ge,D
Larus_canus,Charadriiformes,17.4,NA,4.07,412.53,Op,Mi,An,Te,D
Larus_delawarensis,Charadriiformes,17.23,NA,4.44,516.31,Op,Pm,An,Te,D
Larus_marinus,Charadriiformes,19.8,NA,8.2,1649.71,Op,Pm,Om,Te,D
Larus_philadelphia,Charadriiformes,12.25,NA,2.26,210.71,Op,Pm,An,Ae,D
Larus_ridibundus,Charadriiformes,11.5,NA,3.05,284,Op,Pm,An,Ge,D
Lathamus_discolor,Psittaciformes,8.05,9.73,2.37,64.7,So,Mi,Pl,In,D
Legatus_leucophaius,Passeriformes,7.9,9.75,0.66,22.2,De,Se,Pl,In,D
Leiothrix_argentauris,Passeriformes,8,9.5,0.94,28.4,De,Se,An,In,D
Leiothrix_lutea,Passeriformes,8.3,9.5,0.92,21.39,De,Se,An,In,D
Lepidothrix_coronata,Passeriformes,6,7.3,0.36,8.34,De,Se,Pl,In,D
Leptosomus_discolor,Leptosomiformes,18.9,22.61,4.11,255,De,Se,An,In,D
Leptotila_cassini,Columbiformes,10.5,13.35,1.3,159,De,Se,Pl,Te,D
Leptotila_rufaxilla,Columbiformes,9.8,13.15,1.27,157,De,Se,Pl,Te,D
Leptotila_verreauxi,Columbiformes,11.6,13.73,1.42,146.88,De,Se,Pl,Te,D
Lessonia_rufa,Passeriformes,6.7,7.8,0.43,13.4,Op,Mi,An,Te,D
Lichenostomus_ornatus,Passeriformes,6.5,7.95,0.75,17.63,So,Se,Om,In,D
Lichenostomus_unicolor,Passeriformes,7.2,8.75,0.82,30.7,So,Se,Pl,In,D
Lichmera_indistincta,Passeriformes,5.2,6.15,0.51,11.18,So,Se,Pl,In,D
Limicola_falcinellus,Charadriiformes,6.5,NA,0.72,37.1,Op,Mi,An,Te,D
Limnodromus_griseus,Charadriiformes,8.8,NA,1.38,110.53,Op,Mi,An,Te,D
Limnodromus_scolopaceus,Charadriiformes,8.3,NA,1.37,104.4,Op,Mi,An,Te,D
Limnothlypis_swainsonii,Passeriformes,6.3,7.65,0.67,18.9,De,Mi,An,Te,D
Limosa_lapponica,Charadriiformes,9.4,NA,2.77,291.65,Op,Mi,An,Te,D
Limosa_limosa,Charadriiformes,9.8,NA,2.7,288.37,Op,Mi,An,Te,D
Lipaugus_vociferans,Passeriformes,12.1,14.4,1.63,75.42,De,Se,Om,In,D
Lonchura_bicolor,Passeriformes,4.75,5.5,0.42,9.9,So,Se,Pl,In,D
Lonchura_punctulata,Passeriformes,5.2,6.25,0.46,13.6,So,Se,Pl,Ge,D
Lonchura_striata,Passeriformes,5.5,6.8,0.74,12.3,Op,Se,Pl,In,D
Lophophorus_impejanus,Galliformes,9.33,11.75,6.2,2066.51,Op,Se,Pl,Te,D
Lophorina_superba,Passeriformes,10.2,12.1,2.6,76.66,De,Se,Om,In,D
Lophura_swinhoii,Galliformes,7,9.8,4.25,1100,De,Se,Pl,Te,D
Lorius_garrulus,Psittaciformes,10.2,12.7,5.17,143,De,Se,Pl,In,D
Lorius_lory,Psittaciformes,10.3,12.65,5.12,176.89,De,Se,Pl,In,D
Loxia_leucoptera,Passeriformes,6.4,7.25,1.38,28.69,De,Mi,Pl,In,D
Loxigilla_violacea,Passeriformes,7.55,9.45,1.16,22.17,So,Se,Pl,In,D
Lullula_arborea,Passeriformes,7.8,9.4,0.82,26.9,Op,Pm,Om,Te,D
Luscinia_megarhynchos,Passeriformes,7.6,9.2,0.7,19.6,De,Mi,An,Ge,D
Machetornis_rixosa,Passeriformes,8.7,10.15,0.96,29.6,Op,Se,An,Te,D
Macronous_gularis,Passeriformes,6.4,7.4,0.65,11.83,So,Se,An,In,D
Macropygia_phasianella,Columbiformes,9.4,11.95,1.46,237,De,Pm,Pl,In,D
Macropygia_unchall,Columbiformes,10.8,13.3,1.48,168,De,Se,Pl,In,D
Malaconotus_cruentus,Passeriformes,11.85,14.6,2.28,76.69,De,Se,An,In,D
Malacoptila_panamensis,Piciformes,10.7,13.6,1.15,42.6,De,Se,An,In,D
Malurus_cyaneus,Passeriformes,6,7.35,0.47,10.33,So,Se,An,Te,D
Malurus_lamberti,Passeriformes,6.3,7.45,0.46,8.04,So,Se,An,In,D
Malurus_melanocephalus,Passeriformes,5.7,7.05,0.45,7.9,De,Se,An,Te,D
Manacus_manacus,Passeriformes,7.25,8.58,0.59,16.7,De,Se,Pl,In,D
Manacus_vitellinus,Passeriformes,7.1,8.55,0.62,18.16,De,Se,Pl,In,D
Manorina_flavigula,Passeriformes,8.8,10.95,1.37,55.9,So,Se,An,In,D
Manorina_melanophrys,Passeriformes,7.2,8.8,1.14,30.39,So,Se,An,In,D
Margarops_fuscatus,Passeriformes,11.3,13.35,2.35,98.43,So,Se,Om,In,D
Margarops_fuscus,Passeriformes,10.3,12.1,1.54,67.07,De,Se,Om,In,D
Mecocerculus_leucophrys,Passeriformes,6.6,7.8,0.48,10.98,De,Se,An,In,D
Megaceryle_alcyon,Coraciiformes,13.5,16.33,2.46,148,Op,Pm,An,In,D
Megaceryle_torquata,Coraciiformes,16.6,20.2,3.57,317,Op,Se,An,In,D
Megalaima_asiatica,Piciformes,10.9,13.1,1.53,90.5,De,Se,Pl,In,D
Megalaima_haemacephala,Piciformes,8.9,11.45,0.97,44.49,So,Se,Om,In,D
Megalaima_oorti,Piciformes,10.7,12.7,1.45,87.69,De,Se,Pl,In,D
Megalaima_virens,Piciformes,12.6,15.35,2.12,202,De,Se,Pl,In,D
Megalaima_zeylanica,Piciformes,11.9,14.65,1.9,119,De,Se,Pl,In,D
Megapodius_freycinet,Galliformes,12.23,15.5,3.78,642.48,So,Se,Pl,Te,D
Megarynchus_pitangua,Passeriformes,10.65,12.75,1.17,69.91,So,Se,An,In,D
Melampitta_lugubris,Passeriformes,11.7,13.4,2.1,42.67,De,Se,An,Te,D
Melanerpes_aurifrons,Piciformes,9.5,11.7,2.2,80.77,So,Se,Om,In,D
Melanerpes_carolinus,Piciformes,9.8,11.95,2.16,69.5,De,Se,Om,In,D
Melanerpes_erythrocephalus,Piciformes,9,10.83,1.78,71.6,De,Se,An,In,D
Melanerpes_formicivorus,Piciformes,9.1,11.75,1.99,79.62,So,Se,Pl,In,D
Melanerpes_lewis,Piciformes,9.9,12.85,2.22,105.76,So,Mi,Om,In,D
Melanocharis_nigra,Passeriformes,6.7,8,0.54,14.16,De,Se,Om,In,D
Melanodryas_cucullata,Passeriformes,8.5,10.3,0.8,21.1,So,Se,An,In,D
Melanoptila_glabrirostris,Passeriformes,9.3,11.2,1.2,35.4,So,Se,Om,In,D
Meleagris_gallopavo,Galliformes,17.5,21.17,8.21,5791.37,So,Se,Pl,Te,D
Meleagris_ocellata,Galliformes,19.2,23.6,5.84,5525,So,Se,Pl,Te,D
Melidectes_torquatus,Passeriformes,8.3,10.6,1.45,44.93,So,Se,Om,In,D
Melidora_macrorrhina,Coraciiformes,15.2,18.18,2.3,97,De,Se,An,In,N
Melilestes_megarhynchus,Passeriformes,8.2,9.8,1.27,43.76,De,Se,Om,In,D
Meliphaga_lewinii,Passeriformes,7.8,9.9,1.17,33.58,De,Se,Pl,In,D
Melipotes_fumigatus,Passeriformes,9.1,11.5,1.55,58.6,De,Se,Pl,In,D
Melithreptus_brevirostris,Passeriformes,5.6,6.85,0.68,12.6,So,Se,Om,In,D
Melithreptus_lunatus,Passeriformes,5.4,7.4,0.6,14.01,So,Se,An,In,D
Mellisuga_minima,Caprimulgiformes,3.4,4.5,0.13,2.4,So,Se,Pl,Ae,D
Melopsittacus_undulatus,Psittaciformes,6.9,7.5,1.5,28.99,Op,Pm,Pl,Ge,D
Melospiza_georgiana,Passeriformes,6.9,7.95,0.81,16.1,So,Mi,Om,Ge,D
Melospiza_melodia,Passeriformes,6.8,8.45,1.06,21.91,So,Pm,Om,Ge,D
Menura_novaehollandiae,Passeriformes,17.6,22.28,10.71,972.62,De,Se,An,Te,D
Mergus_serrator,Anseriformes,11.73,NA,4.83,1015.17,Op,Mi,An,Aq,D
Merops_albicollis,Coraciiformes,8,9.8,0.51,25.9,Op,Pm,An,In,D
Merops_nubicus,Coraciiformes,9.6,11.8,0.87,42.4,So,Pm,An,In,D
Merops_orientalis,Coraciiformes,7.2,8.65,0.48,14.8,So,Se,An,In,D
Merops_pusillus,Coraciiformes,6.4,8,0.41,15.1,So,Se,An,In,D
Microeca_fascinans,Passeriformes,6.9,8.4,0.54,14.47,So,Mi,An,In,D
Microeca_flavigaster,Passeriformes,7,8.7,0.51,12.1,So,Se,An,In,D
Microhierax_erythrogenys,Falconiformes,10.95,NA,1.4,49.96,So,Se,An,In,D
Microhierax_fringillarius,Falconiformes,9.5,NA,1.16,42.9,So,Se,An,In,D
Micropsitta_pusio,Psittaciformes,5.7,7.25,0.98,14,So,Se,Pl,In,D
Milvus_migrans,Accipitriformes,20,NA,5.82,734.1,Op,Mi,Om,Ae,D
Milvus_milvus,Accipitriformes,20.3,NA,7.72,1071.77,So,Pm,Om,Ge,D
Mimus_polyglottos,Passeriformes,8.9,11.7,1.38,48.5,So,Mi,Om,Ge,D
Minla_ignotincta,Passeriformes,6.4,7.5,0.71,14.3,So,Se,An,In,D
Mino_dumontii,Passeriformes,12.3,14.6,2.98,217,De,Se,Pl,In,D
Mionectes_oleagineus,Passeriformes,6.57,7.6,0.45,11.17,De,Se,Pl,In,D
Mirafra_javanica,Passeriformes,6,8.6,0.73,23,Op,Se,Om,Te,D
Mitrephanes_phaeocercus,Passeriformes,6.2,7.5,0.32,8.59,De,Se,An,In,D
Mitrospingus_cassinii,Passeriformes,8.4,10.35,1.31,40.4,So,Se,Om,In,D
Mniotilta_varia,Passeriformes,5.8,7.1,0.44,10.9,De,Mi,An,In,D
Molothrus_ater,Passeriformes,8.2,9.15,1.15,40.26,So,Mi,An,Te,D
Molothrus_oryzivorus,Passeriformes,11.7,13.3,3.14,181.85,De,Se,Om,Te,D
Momotus_momota,Coraciiformes,14,17.65,2.19,114.96,De,Se,An,In,D
Monachella_muelleriana,Passeriformes,7.9,9.6,0.75,24.5,Op,Se,An,In,D
Monarcha_trivirgatus,Passeriformes,7.7,9.5,0.63,12.7,De,Se,An,In,D
Monias_benschi,Mesitornithiformes,10.1,12.45,2,137.94,De,Se,An,Te,D
Monticola_solitarius,Passeriformes,9.4,13.3,1.27,53.65,Op,Pm,An,In,D
Montifringilla_nivalis,Passeriformes,6.7,8.55,1.05,36.9,Op,Pm,Pl,Te,D
Motacilla_alba,Passeriformes,7.1,8.25,0.6,23.93,Op,Mi,An,Te,D
Motacilla_cinerea,Passeriformes,6.2,7.75,0.51,17.15,Op,Pm,An,Te,D
Motacilla_flava,Passeriformes,7.2,8.6,0.55,17.68,Op,Mi,An,Te,D
Mulleripicus_fulvus,Piciformes,12.8,14.55,4.43,312.25,De,Se,An,In,D
Muscisaxicola_alpinus,Passeriformes,7.3,9.8,0.78,26.1,Op,Pm,An,Te,D
Musophaga_rossae,Musophagiformes,14.9,17.75,4.05,361.42,So,Se,Pl,In,D
Musophaga_violacea,Musophagiformes,13.8,17.15,3.57,360,So,Se,Pl,In,D
Myiagra_inquieta,Passeriformes,7.9,9.5,0.76,20.9,So,Pm,An,In,D
Myiagra_rubecula,Passeriformes,7.3,8.9,0.54,12.05,So,Se,An,In,D
Myiarchus_cinerascens,Passeriformes,9.1,10.5,0.77,28.2,So,Mi,An,In,D
Myiarchus_crinitus,Passeriformes,8.38,8.01,0.91,32.1,De,Mi,Om,In,D
Myiarchus_stolidus,Passeriformes,8.6,10.35,0.65,20.8,De,Se,An,In,D
Myiarchus_tuberculifer,Passeriformes,8.5,9.8,0.66,17.7,De,Se,An,In,D
Myiarchus_tyrannulus,Passeriformes,9.1,11.03,0.98,35.45,So,Pm,An,In,D
Myiobius_barbatus,Passeriformes,6.9,8.7,0.35,11,De,Se,An,In,D
Myiodynastes_maculatus,Passeriformes,9.73,11.84,1.13,43.2,So,Mi,An,In,D
Myiophobus_fasciatus,Passeriformes,6.7,8.15,0.37,9.9,So,Mi,An,In,D
Myiopsitta_monachus,Psittaciformes,8.7,10.2,4.08,120,So,Se,Pl,In,D
Myiozetetes_similis,Passeriformes,8,10.05,0.82,28,So,Pm,An,In,D
Myrmeciza_exsul,Passeriformes,9.8,10.4,1.03,26.5,De,Se,An,In,D
Myrmeciza_ferruginea,Passeriformes,6.6,9.3,0.82,26.1,De,Se,An,Te,D
Myrmotherula_axillaris,Passeriformes,5.3,6.9,0.39,8.09,De,Se,An,In,D
Myzomela_obscura,Passeriformes,5.7,6.35,0.51,11.88,So,Se,Pl,In,D
Nandayus_nenday,Psittaciformes,9.9,11.65,4.55,128,So,Se,Pl,In,D
Necrosyrtes_monachus,Accipitriformes,21,NA,12.25,2043,So,Se,Ca/Re,Te,D
Nectarinia_jugularis,Passeriformes,4.8,6.45,0.4,8.99,So,Se,Om,In,D
Nectarinia_olivacea,Passeriformes,6,7.4,0.46,9.65,De,Se,Om,In,D
Neochmia_phaeton,Passeriformes,5.5,6.85,0.5,10,So,Se,Pl,Ge,D
Neochmia_temporalis,Passeriformes,4.8,6,0.52,11.4,So,Se,Pl,Te,D
Neophema_splendida,Psittaciformes,6.8,NA,1.28,38.6,So,Se,Pl,Te,D
Neophron_percnopterus,Accipitriformes,22.05,NA,10.62,2082,Op,Mi,Om,Ge,D
Neopsephotus_bourkii,Psittaciformes,6.63,8.54,1.25,44.4,So,Se,Pl,Te,D
Neopsittacus_musschenbroekii,Psittaciformes,7.6,8.9,2.45,50.9,De,Se,Pl,In,D
Neotis_denhami,Otidiformes,18.1,21.2,12.25,3970.2,Op,Se,An,Te,D
Nestor_meridionalis,Psittaciformes,12.7,14.7,13,428.01,De,Se,Pl,In,D
Nestor_notabilis,Psittaciformes,14.3,16.68,14.4,862.97,So,Se,Pl,In,D
Nicator_chloris,Passeriformes,9.8,12.2,1.28,46.1,De,Se,An,In,D
Niltava_grandis,Passeriformes,10.8,13.35,0.95,30.3,De,Se,An,In,D
Ninox_connivens,Strigiformes,25.3,NA,6.4,577.99,So,Se,An,In,N
Ninox_jacquinoti,Strigiformes,19.1,NA,4.38,200.81,De,Se,An,In,N
Ninox_novaeseelandiae,Strigiformes,22.3,NA,5.53,183.37,De,Pm,An,In,N
Notharchus_macrorhynchos,Piciformes,15.2,17.48,1.7,95.89,So,Se,An,In,D
Nothoprocta_ornata,Struthioniformes,12.1,15.9,2.85,619.27,So,Se,Pl,Te,D
Nothoprocta_perdicaria,Struthioniformes,10.23,12.04,1.88,458,So,Se,Pl,Te,D
Nothura_maculosa,Struthioniformes,11,13.85,1.58,257.48,So,Se,Pl,Te,D
Nucifraga_caryocatactes,Passeriformes,14,17.2,5.32,182.51,De,Pm,Om,In,D
Numenius_arquata,Charadriiformes,14.7,NA,4.63,802.99,Op,Mi,An,Te,D
Numenius_phaeopus,Charadriiformes,13.4,NA,3.13,364.57,Op,Mi,An,Te,D
Numenius_tahitiensis,Charadriiformes,13.1,NA,3.42,400.08,Op,Mi,Om,Te,D
Numida_meleagris,Galliformes,14.3,18.7,4.08,1299,So,Se,Pl,Te,D
Nyctibius_griseus,Caprimulgiformes,20.4,NA,1.98,172.04,De,Se,An,In,N
Nyctidromus_albicollis,Caprimulgiformes,13.4,NA,0.91,57.84,So,Se,An,In,N
Nyctiphrynus_ocellatus,Caprimulgiformes,10.33,NA,0.74,39.6,De,Se,An,In,N
Nyctiprogne_leucopyga,Caprimulgiformes,9.8,NA,0.51,27.3,De,Se,An,Ae,N
Nymphicus_hollandicus,Psittaciformes,7.54,9.19,2.39,94.61,Op,Pm,Pl,Te,D
Ocyphaps_lophotes,Columbiformes,11.2,13.25,1.7,204,Op,Se,Pl,Te,D
Oena_capensis,Columbiformes,7.8,9.25,0.61,40.6,Op,Pm,Pl,Te,D
Oenanthe_oenanthe,Passeriformes,7.2,9.7,0.78,25.39,Op,Mi,An,In,D
Onychorhynchus_coronatus,Passeriformes,8.15,9.43,0.47,14,De,Pm,An,In,D
Opisthocomus_hoazin,Opisthocomiformes,10.73,13.18,3.89,696,So,Se,Pl,In,D
Oreocharis_arfaki,Passeriformes,7.2,8.2,0.68,19.7,De,Se,Pl,In,D
Oreoica_gutturalis,Passeriformes,9.6,12.25,1.67,62.8,So,Se,An,Te,D
Oreopsittacus_arfaki,Psittaciformes,5.8,6.93,1.15,20.2,De,Se,Pl,In,D
Oreortyx_pictus,Galliformes,10.1,12.95,1.68,233,So,Se,Pl,Te,D
Origma_solitaria,Passeriformes,6.8,8.4,0.85,14.34,Op,Se,An,Ge,D
Oriolus_chinensis,Passeriformes,11.26,13.73,1.8,82.6,So,Pm,Om,In,D
Oriolus_flavocinctus,Passeriformes,11.3,13.5,2.1,109,De,Se,Pl,In,D
Oriolus_oriolus,Passeriformes,10.35,12.53,1.45,79,De,Mi,Om,In,D
Oriolus_sagittatus,Passeriformes,11.2,14.05,1.96,95.2,So,Pm,Pl,In,D
Ortalis_vetula,Galliformes,14.9,18.8,3.23,562.6,De,Se,Pl,In,D
Orthonyx_spaldingii,Passeriformes,11.4,13.3,2.9,149.91,De,Se,An,Te,D
Orthonyx_temminckii,Passeriformes,8,9.88,1.76,58.06,De,Se,An,Te,D
Orthorhyncus_cristatus,Caprimulgiformes,3.5,4.7,0.14,3.02,So,Se,Pl,Ae,D
Ortygospiza_atricollis,Passeriformes,3.7,5.85,0.34,10.6,Op,Se,Pl,Te,D
Oryzoborus_angolensis,Passeriformes,6.2,7.35,0.68,13,So,Se,Om,In,D
Otidiphaps_nobilis,Columbiformes,14,17.45,2.6,499.99,So,Pm,Pl,Te,D
Otis_tarda,Otidiformes,27,31.25,8.46,6759.92,Op,Pm,Om,Te,D
Otus_scops,Strigiformes,14.7,NA,2.49,92,So,Mi,An,In,N
Pachycephala_olivacea,Passeriformes,10.6,12.25,1.48,41.2,De,Se,An,In,D
Pachycephala_pectoralis,Passeriformes,10.6,12.9,1.12,30.36,So,Pm,An,In,D
Pachycephala_rufiventris,Passeriformes,9,10.35,1.03,22.48,So,Se,An,In,D
Pachycephala_simplex,Passeriformes,7.8,9.8,0.83,17.4,De,Se,An,In,D
Pachycephalopsis_poliosoma,Passeriformes,10.2,12.3,1.06,37.97,De,Se,An,In,D
Pachyramphus_cinnamomeus,Passeriformes,9.2,10.5,0.88,20.3,De,Se,An,In,D
Pachyramphus_polychopterus,Passeriformes,9.8,11.25,0.74,20.8,So,Se,Om,In,D
Padda_oryzivora,Passeriformes,5.8,7.5,0.85,24.8,Op,Se,Pl,Ge,D
Panurus_biarmicus,Passeriformes,5.1,6.9,0.55,13.82,Op,Pm,Om,In,D
Pardalotus_striatus,Passeriformes,5.8,7,0.52,11.44,So,Se,An,In,D
Paroaria_dominicana,Passeriformes,7,8.8,1.12,33.2,So,Se,Om,Te,D
Parotia_lawesii,Passeriformes,13.9,16.35,4.01,161.4,De,Se,Om,In,D
Parus_atricapillus,Passeriformes,6.3,7.1,0.76,10.8,De,Se,Om,In,D
Parus_caeruleus,Passeriformes,5.3,6.5,0.67,11.1,De,Se,Om,In,D
Parus_gambeli,Passeriformes,6,7.3,0.75,11.19,De,Se,Om,In,D
Parus_major,Passeriformes,6.6,NA,0.83,16.25,So,Se,Om,In,D
Parus_palustris,Passeriformes,6,6.85,0.56,11.14,De,Se,Om,In,D
Passer_domesticus,Passeriformes,5.54,6.13,0.97,26.51,Op,Se,Pl,Te,D
Passer_griseus,Passeriformes,7.2,8.5,0.94,27.82,Op,Se,Pl,Te,D
Passer_hispaniolensis,Passeriformes,6.3,7.5,0.97,24.2,So,Se,Pl,Te,D
Passer_rutilans,Passeriformes,6.3,7.33,0.66,18.46,So,Se,Pl,Te,D
Passerculus_sandwichensis,Passeriformes,6.5,7.55,0.68,19.97,Op,Mi,Om,Ge,D
Passerina_cyanea,Passeriformes,6.2,7.39,0.65,14.69,So,Mi,Pl,Te,D
Patagioenas_cayennensis,Columbiformes,11.35,14.68,1.76,229,Op,Se,Pl,In,D
Patagioenas_leucocephala,Columbiformes,10.3,14.05,1.74,240.14,So,Se,Pl,In,D
Pavo_cristatus,Galliformes,17.5,22.3,6.86,4154.81,So,Se,Om,Te,D
Pavo_muticus,Galliformes,20.8,23.45,6.27,2205.71,So,Se,An,Te,D
Pedionomus_torquatus,Charadriiformes,8.5,10.73,0.77,62.52,Op,Se,Om,Te,D
Pelargopsis_capensis,Coraciiformes,14.3,16.6,2.82,178.68,So,Pm,An,In,D
Pelecanus_occidentalis,Pelecaniformes,19.52,NA,19.68,3427.84,Op,Se,An,Ae,D
Penelopides_panini,Bucerotiformes,16.8,20.55,6.88,470.54,De,Se,Pl,In,D
Peneothello_cyanus,Passeriformes,10.1,12.25,0.96,24.98,De,Se,An,In,D
Pericrocotus_solaris,Passeriformes,9.3,10.55,0.73,14.5,So,Se,An,In,D
Perisoreus_canadensis,Passeriformes,12.6,14.15,2.53,71.58,De,Se,Om,In,D
Perissocephalus_tricolor,Passeriformes,17.4,21.08,4.7,338.88,De,Se,Pl,In,D
Pernis_apivorus,Accipitriformes,21.5,NA,6.95,754.37,De,Mi,An,In,D
Petrochelidon_pyrrhonota,Passeriformes,8.6,9.55,0.49,21.6,Op,Mi,An,Ae,D
Petroica_multicolor,Passeriformes,7.3,8.7,0.52,11.36,De,Se,An,In,D
Petroica_phoenicea,Passeriformes,6.9,8.7,0.49,13,So,Mi,An,In,D
Petroica_rosea,Passeriformes,6.7,8.35,0.43,8.2,De,Mi,An,In,D
Pezoporus_wallicus,Psittaciformes,11,12.6,2.66,71.21,So,Se,Pl,Ge,D
Phacellodomus_ruber,Passeriformes,7,8.2,1.11,41,So,Se,An,Ge,D
Phaenicophaeus_chlorophaeus,Cuculiformes,8.3,10.8,1.25,51.21,So,Se,An,In,D
Phaenicophaeus_curvirostris,Cuculiformes,15.8,18.4,2.92,154,De,Se,An,In,D
Phaenicophaeus_superciliosus,Cuculiformes,12.4,15.25,2.51,123,So,Se,An,In,D
Phaenicophaeus_tristis,Cuculiformes,13.5,15.98,2.3,117,De,Se,An,In,D
Phaenicophilus_palmarum,Passeriformes,8,9.85,1.13,30.5,So,Se,An,In,D
Phaenostictus_mcleannani,Passeriformes,8.9,10.95,1.07,51.1,De,Se,An,In,D
Phaeomyias_murina,Passeriformes,7.1,8.1,0.37,10,So,Se,Om,In,D
Phaeothlypis_fulvicauda,Passeriformes,6.5,8.4,0.56,14.9,De,Se,An,Te,D
Phaethornis_superciliosus,Caprimulgiformes,4.5,5.85,0.26,6.3,De,Se,Pl,Ae,D
Phainopepla_nitens,Passeriformes,7.7,8.88,0.79,22.1,So,Se,Om,In,D
Phalacrocorax_carbo,Suliformes,15,NA,10.45,2528.97,Op,Pm,An,Aq,D
Phalaenoptilus_nuttallii,Caprimulgiformes,10.8,NA,0.53,48.33,Op,Pm,An,Ge,N
Phalaropus_fulicarius,Charadriiformes,6.95,NA,0.56,55.59,Op,Mi,An,Te,D
Phalaropus_lobatus,Charadriiformes,6,NA,0.45,36.68,Op,Mi,An,Te,D
Pharomachrus_mocinno,Trogoniformes,11.82,13.01,2.34,202.46,De,Se,Pl,In,D
Phasianus_colchicus,Galliformes,10.8,13.71,3.86,1120.31,So,Se,Pl,Te,D
Pheucticus_ludovicianus,Passeriformes,9.15,10.9,1.32,42,So,Mi,Pl,In,D
Phigys_solitarius,Psittaciformes,8.2,10.2,2.75,83.26,De,Se,Pl,In,D
Philemon_citreogularis,Passeriformes,9,11.15,1.58,60.56,So,Pm,Pl,In,D
Philemon_corniculatus,Passeriformes,10.5,12.35,1.98,100.71,So,Se,Om,In,D
Philomachus_pugnax,Charadriiformes,10.1,NA,1.56,131.68,Op,Mi,An,Te,D
Phleocryptes_melanops,Passeriformes,6.8,7.8,0.69,14.6,So,Se,An,In,D
Phoenicopterus_ruber,Phoenicopteriformes,14,NA,10.8,3031.59,Op,Se,An,Te,D
Phoeniculus_purpureus,Bucerotiformes,8.83,10.6,1.95,73.21,So,Se,An,In,D
Phoenicurus_phoenicurus,Passeriformes,7.6,8.9,0.51,14.59,De,Mi,An,In,D
Phylidonyris_niger,Passeriformes,6.8,8.25,0.8,18.2,So,Pm,Pl,In,D
Phylidonyris_novaehollandiae,Passeriformes,6.1,8,0.9,20.21,So,Pm,Pl,In,D
Phylloscopus_collybita,Passeriformes,5.4,6.5,0.31,8.3,De,Mi,An,In,D
Phylloscopus_trochilus,Passeriformes,5.5,7.1,0.34,8.7,De,Mi,An,In,D
Phytotoma_rara,Passeriformes,8.58,10.41,1.16,47,So,Se,Pl,In,D
Phytotoma_rutila,Passeriformes,7.93,9.63,0.73,40.5,So,Se,Pl,In,D
Piaya_cayana,Cuculiformes,12.6,14.7,1.84,101.98,De,Se,An,In,D
Pica_pica,Passeriformes,14.8,16.2,4.67,217.48,Op,Se,Om,Te,D
Picoides_arcticus,Piciformes,8.8,11.55,3.15,69.24,De,Se,An,In,D
Picoides_pubescens,Piciformes,6.7,9.08,1.21,25.55,So,Se,An,In,D
Picoides_villosus,Piciformes,6.8,8.9,2.95,62.65,De,Se,An,In,D
Piculus_flavigula,Piciformes,8,9.85,1.63,55,De,Se,An,In,D
Picumnus_innominatus,Piciformes,5.2,6.8,0.55,10.2,De,Se,An,In,D
Picumnus_temminckii,Piciformes,5.1,6.55,0.6,11.5,So,Se,An,In,D
Picus_viridis,Piciformes,11.8,14.4,4.24,176,So,Se,An,Te,D
Pinicola_enucleator,Passeriformes,8.7,10.2,1.58,56.4,De,Pm,Pl,In,D
Pionites_melanocephalus,Psittaciformes,11.8,14.1,5.18,148.78,De,Se,Pl,In,D
Pionopsitta_pileata,Psittaciformes,9.8,11.55,2.77,119,De,Se,Pl,In,D
Pionus_menstruus,Psittaciformes,12.5,15.8,5.7,251,So,Se,Pl,In,D
Pipile_pipile,Galliformes,16.8,20.1,5.3,1816.59,De,Se,Pl,In,D
Pipilo_erythrophthalmus,Passeriformes,8.1,10.2,1.36,40.03,So,Pm,Pl,Ge,D
Pipilo_fuscus,Passeriformes,8.8,10.3,1.55,44.4,So,Se,Pl,Ge,D
Pipra_erythrocephala,Passeriformes,7.6,8.45,0.49,13.43,De,Se,Pl,In,D
Pipra_fasciicauda,Passeriformes,7.3,9.28,0.62,15.9,De,Se,Pl,In,D
Pipra_pipra,Passeriformes,7,8.55,0.5,11.11,De,Se,Om,In,D
Pitangus_sulphuratus,Passeriformes,9.55,11.9,1.35,62.85,Op,Se,An,In,D
Pithecophaga_jefferyi,Accipitriformes,19,NA,19.75,5175.32,De,Se,An,In,D
Pithys_albifrons,Passeriformes,7.5,8.7,0.62,19.47,De,Se,An,In,D
Pitohui_ferrugineus,Passeriformes,11.4,14.5,2.48,93.91,De,Se,Om,In,D
Pitta_brachyura,Passeriformes,11.4,13.8,1.39,55.5,De,Mi,An,Te,D
Pitta_guajana,Passeriformes,11.8,14.15,1.37,81.5,De,Se,An,Te,D
Pitta_maxima,Passeriformes,14.8,18.3,2.53,190,De,Se,An,Te,D
Pitta_sordida,Passeriformes,11.3,13.1,1.31,64.5,De,Mi,An,Te,D
Pitta_versicolor,Passeriformes,12,14.6,1.87,88.94,De,Se,An,Te,D
Platalea_leucorodia,Pelecaniformes,13.9,NA,10.42,1868,Op,Pm,An,Te,D
Platycercus_adscitus,Psittaciformes,9.6,10.9,3.06,111,So,Se,Pl,In,D
Platyrinchus_mystaceus,Passeriformes,7.77,9,0.4,9.7,De,Se,An,In,D
Platysteira_cyanea,Passeriformes,7.95,9.28,0.79,14.6,So,Se,An,In,D
Plectorhyncha_lanceolata,Passeriformes,7.3,9.2,1.09,40.56,So,Se,Pl,In,D
Plectrophenax_nivalis,Passeriformes,7.4,8.8,1.02,42.2,Op,Mi,Pl,Te,D
Plegadis_falcinellus,Pelecaniformes,11.4,NA,5.12,626.61,Op,Pm,An,Te,D
Ploceus_cucullatus,Passeriformes,8,9.7,1.37,36.08,Op,Se,Pl,In,D
Pluvialis_apricaria,Charadriiformes,15.4,NA,2.23,214,Op,Mi,An,Te,D
Pluvialis_dominica,Charadriiformes,11.8,NA,1.82,151.47,Op,Mi,An,Te,D
Pluvialis_squatarola,Charadriiformes,12.8,NA,2.56,250,Op,Mi,An,Te,D
Pluvianellus_socialis,Charadriiformes,8.8,NA,1.14,84.11,Op,Pm,An,Te,D
Pluvianus_aegyptius,Charadriiformes,9.8,12.3,1.28,82,Op,Pm,An,Te,D
Podager_nacunda,Caprimulgiformes,15.42,NA,1.29,159,So,Se,An,Ae,D
Podargus_strigoides,Caprimulgiformes,24.57,NA,4.86,308.03,De,Se,An,In,N
Podiceps_cristatus,Podicipediformes,13,NA,3.11,730.96,Op,Se,An,Aq,D
Poecilodryas_superciliosa,Passeriformes,8.6,10.15,0.92,19.8,So,Se,An,In,D
Poeoptera_lugubris,Passeriformes,7.1,8.9,0.99,38.79,De,Se,Pl,In,D
Poephila_acuticauda,Passeriformes,5.9,6.65,0.51,14,Op,Pm,Pl,Ge,D
Poephila_cincta,Passeriformes,5.8,7.15,0.47,14.9,So,Pm,Pl,Te,D
Pogoniulus_scolopaceus,Piciformes,7.13,8.42,0.44,14.07,De,Se,Om,In,D
Poicephalus_meyeri,Psittaciformes,10.7,12.85,4.41,117.47,So,Se,Pl,In,D
Poicephalus_senegalus,Psittaciformes,10.7,13.45,4.71,147,Op,Se,Pl,In,D
Polioptila_caerulea,Passeriformes,5.3,6.8,0.3,5.8,So,Mi,An,In,D
Polioptila_dumicola,Passeriformes,5.8,6.9,0.42,7,So,Se,An,In,D
Polyboroides_typus,Accipitriformes,16.4,NA,8,633.24,De,Se,An,In,D
Polytelis_alexandrae,Psittaciformes,8.65,10.83,2.58,103.69,Op,Pm,Pl,In,D
Pomatorhinus_ruficollis,Passeriformes,7.8,9.45,1.53,31.61,So,Se,An,Ge,D
Pomatostomus_temporalis,Passeriformes,8.3,9.68,1.9,74.99,So,Se,An,Ge,D
Poospiza_nigrorufa,Passeriformes,6.6,7.95,0.7,17.4,So,Se,Om,Ge,D
Prionops_plumatus,Passeriformes,9.35,11.15,1.16,33.78,So,Se,An,In,D
Priotelus_roseigaster,Trogoniformes,11.3,13.95,1.31,74.19,De,Se,An,In,D
Priotelus_temnurus,Trogoniformes,12,13.85,1.16,53.4,De,Se,Pl,In,D
Probosciger_aterrimus,Psittaciformes,17.6,21.05,20.5,841,So,Se,Pl,In,D
Procnias_nudicollis,Passeriformes,13.5,16.15,2.7,172.04,De,Se,Pl,In,D
Progne_subis,Passeriformes,9.2,11.38,1.03,53.79,So,Se,An,Ae,D
Prosopeia_tabuensis,Psittaciformes,13.1,15.1,5.3,232,De,Se,Pl,In,D
Prosthemadera_novaeseelandiae,Passeriformes,9.5,12.1,1.72,105.83,De,Se,Pl,In,D
Protonotaria_citrea,Passeriformes,6.2,7.6,0.59,14.3,De,Mi,An,In,D
Prunella_modularis,Passeriformes,6.95,8.3,0.78,20.24,So,Se,Om,Te,D
Psaltriparus_minimus,Passeriformes,4.73,5.48,0.35,5.3,So,Se,An,In,D
Psarocolius_montezuma,Passeriformes,13.95,16.25,5.89,309.87,De,Se,An,In,D
Psephotus_haematonotus,Psittaciformes,7.7,9.53,1.97,61.39,So,Se,Pl,Te,D
Pseudeos_fuscata,Psittaciformes,8.8,12.35,4.2,149,So,Se,Pl,In,D
Psilopogon_pyrolophus,Piciformes,12,15.3,2.21,129,De,Se,Pl,In,D
Psittacella_brehmii,Psittaciformes,11,12.9,3.05,107,De,Se,Pl,In,D
Psittacula_krameri,Psittaciformes,9.8,11.8,3.9,116.11,So,Se,Pl,In,D
Psittacula_longicauda,Psittaciformes,10.3,12.45,3.75,107,De,Se,Pl,In,D
Psittacus_erithacus,Psittaciformes,13.2,15.9,9.18,333,De,Se,Pl,In,D
Psittrichas_fulgidus,Psittaciformes,13.9,17.5,7.8,864.99,De,Se,Pl,In,D
Psophia_crepitans,Gruiformes,17.2,21.88,5.85,1026,De,Se,Pl,Te,D
Psophia_leucoptera,Gruiformes,16.2,21.2,5.02,1315.58,De,Se,Pl,Te,D
Psophodes_cristatus,Passeriformes,7.85,9.35,1.4,40.71,So,Se,Om,Te,D
Psophodes_olivaceus,Passeriformes,10,11.6,2.18,62.36,De,Se,An,Ge,D
Pteridophora_alberti,Passeriformes,10.5,12.5,2.4,81.84,De,Pm,Pl,In,D
Pterocles_decoratus,Pterocliformes,10.3,13.25,1.31,181.34,Op,Pm,Pl,Te,D
Pterocles_lichtensteinii,Pterocliformes,10.5,13.45,1.13,209.1,Op,Se,Pl,Te,D
Pteroglossus_aracari,Piciformes,15.3,17.65,3.48,250.16,De,Se,Pl,In,D
Pteroglossus_bailloni,Piciformes,13,15.6,2.94,146,De,Se,Pl,In,D
Pteroglossus_torquatus,Piciformes,14.9,16.85,3.5,219.07,De,Se,Pl,In,D
Pteruthius_flaviscapis,Passeriformes,10.5,13.55,1.5,38.67,De,Se,An,In,D
Ptilinopus_jambu,Columbiformes,11.4,14.2,1.3,135,So,Se,Pl,In,D
Ptilinopus_rivoli,Columbiformes,10.8,13.5,1.45,149,So,Se,Pl,In,D
Ptilonorhynchus_violaceus,Passeriformes,14.7,17.28,4.72,218.91,De,Se,Om,In,D
Ptiloprora_guisei,Passeriformes,7.3,8.25,0.95,25.82,De,Se,An,In,D
Ptiloris_paradiseus,Passeriformes,10.5,12.25,2.78,119.49,De,Se,Om,In,D
Ptilorrhoa_caerulescens,Passeriformes,7.95,10,1.1,49,De,Se,An,Te,D
Puffinus_griseus,Procellariiformes,12.42,NA,5.31,787,Op,Mi,An,Ge,D
Pulsatrix_perspicillata,Strigiformes,32.8,NA,10.6,983.55,De,Se,An,In,N
Purpureicephalus_spurius,Psittaciformes,10.6,12.85,3.49,116,So,Se,Pl,In,D
Pycnonotus_barbatus,Passeriformes,8.3,9.85,1.16,32.1,So,Se,Pl,In,D
Pycnonotus_cafer,Passeriformes,8.6,10.05,1.18,42.85,So,Se,Pl,In,D
Pycnonotus_goiavier,Passeriformes,7.2,8.8,0.88,27.8,So,Se,Pl,In,D
Pycnonotus_jocosus,Passeriformes,8.1,9,0.93,29.47,So,Se,Pl,In,D
Pycnonotus_leucogenys,Passeriformes,7.9,9.45,0.79,35.94,So,Pm,Pl,In,D
Pycnoptilus_floccosus,Passeriformes,8.3,10.25,1.18,28.9,De,Se,An,Te,D
Pygochelidon_cyanoleuca,Passeriformes,6.7,7.88,0.43,9.7,Op,Pm,An,Ae,D
Pyriglena_leuconota,Passeriformes,8.4,10.3,0.93,32.3,De,Se,An,In,D
Pyrocephalus_rubinus,Passeriformes,7.4,8.98,0.46,14.4,Op,Mi,An,In,D
Pyroderus_scutatus,Passeriformes,17.2,21.8,4.3,357,De,Pm,Om,In,D
Pyrrhocorax_pyrrhocorax,Passeriformes,13.2,15.25,6.38,276.68,Op,Pm,An,Te,D
Pyrrholaemus_brunneus,Passeriformes,6.6,8.15,0.57,12.5,So,Se,Om,In,D
Pytilia_melba,Passeriformes,6.08,7.14,0.57,15.4,So,Se,Pl,Te,D
Pytilia_phoenicoptera,Passeriformes,5.9,6.95,0.36,14.5,So,Se,Pl,Te,D
Querula_purpurata,Passeriformes,13.4,15.4,2.13,107.35,De,Se,Om,In,D
Quiscalus_mexicanus,Passeriformes,10.6,12.6,2.96,160.47,Op,Se,Om,Te,D
Quiscalus_quiscula,Passeriformes,10.1,11.95,2.59,105.18,Op,Pm,An,Te,D
Ramphastos_dicolorus,Piciformes,15.8,19,4.53,331,De,Se,Pl,In,D
Ramphastos_sulfuratus,Piciformes,14.9,19.55,4.86,409.69,De,Se,Om,In,D
Ramphastos_toco,Piciformes,17.9,21.65,6.17,617.99,So,Se,Pl,In,D
Ramphastos_tucanus,Piciformes,16.1,19.25,5.98,659.58,De,Se,Pl,In,D
Ramphastos_vitellinus,Piciformes,15.9,18.45,4.81,360.36,De,Se,Om,In,D
Ramphocaenus_melanurus,Passeriformes,7,7.95,0.51,9.7,So,Se,An,In,D
Ramphocelus_carbo,Passeriformes,7.57,9.22,1.13,25.92,So,Se,Om,In,D
Ramsayornis_modestus,Passeriformes,5.4,6.5,0.51,12.1,So,Se,Om,In,D
Recurvirostra_americana,Charadriiformes,9.28,NA,2.1,304.48,Op,Pm,An,Te,D
Recurvirostra_avosetta,Charadriiformes,9.1,NA,1.83,304,Op,Pm,An,Te,D
Recurvirostra_novaehollandiae,Charadriiformes,10.7,NA,1.99,325,Op,Pm,An,Te,D
Regulus_calendula,Passeriformes,5.9,6.75,0.31,6.19,De,Mi,An,In,D
Regulus_ignicapilla,Passeriformes,5,6.25,0.35,5.6,De,Mi,An,In,D
Regulus_regulus,Passeriformes,4.6,5.95,0.35,5.54,De,Mi,An,In,D
Regulus_satrapa,Passeriformes,5.5,6.55,0.36,6.19,De,Mi,An,In,D
Reinwardtoena_reinwardtsi,Columbiformes,11,14.5,2,275,De,Se,Pl,In,D
Remiz_pendulinus,Passeriformes,4.8,6.15,0.43,9.3,So,Mi,Om,In,D
Rhagologus_leucostigma,Passeriformes,8.4,9.85,1.04,26.8,De,Se,Pl,In,D
Rhea_americana,Struthioniformes,27.94,33.59,18.88,23000,Op,Se,Om,Te,D
Rhea_pennata,Struthioniformes,14.4,18.23,18.53,23900,Op,Se,Pl,Te,D
Rhinocrypta_lanceolata,Passeriformes,9.5,11.5,1.4,61.9,So,Se,An,Te,D
Rhinopomastus_cyanomelas,Bucerotiformes,7.1,8.1,1.05,27.11,So,Se,An,In,D
Rhinopomastus_minor,Bucerotiformes,6.3,7.8,0.98,21.7,Op,Se,An,In,D
Rhinoptilus_chalcopterus,Charadriiformes,14.3,16.45,1.45,150,Op,Se,An,Te,D
Rhipidura_albicollis,Passeriformes,6.6,7.75,0.46,12.9,So,Se,An,In,D
Rhipidura_atra,Passeriformes,7,8.35,0.57,12.2,De,Se,An,In,D
Rhipidura_fuliginosa,Passeriformes,6,7,0.34,7.53,So,Se,An,In,D
Rhipidura_leucophrys,Passeriformes,7.8,9.9,0.58,27.44,Op,Se,An,In,D
Rhipidura_rufifrons,Passeriformes,6.2,7.4,0.36,10.08,So,Se,An,In,D
Rhipidura_rufiventris,Passeriformes,6.8,8.05,0.55,12,So,Se,An,In,D
Rhodinocichla_rosea,Passeriformes,8.9,10.9,1.35,48,De,Se,Pl,In,D
Rhodospingus_cruentus,Passeriformes,5.9,7.25,0.52,11.6,So,Se,Om,Ge,D
Rhyacornis_fuliginosa,Passeriformes,8,10,0.62,20.33,Op,Se,An,In,D
Rhynchopsitta_pachyrhyncha,Psittaciformes,11.3,13.85,11.2,324.77,De,Se,Pl,In,D
Rhynchotus_rufescens,Struthioniformes,13.4,19.4,3.66,843.47,Op,Se,Pl,Te,D
Rhynochetos_jubatus,Eurypygiformes,23.33,27.67,6.7,859.99,De,Se,An,Te,D
Riparia_riparia,Passeriformes,5.28,5.97,0.41,12.68,Op,Mi,An,Ae,D
Rollulus_rouloul,Galliformes,10.7,13.53,1.85,216.48,De,Se,Om,Te,D
Rostratula_benghalensis,Charadriiformes,10.2,NA,1.42,121,De,Pm,Om,Te,D
Rostrhamus_sociabilis,Accipitriformes,17.4,NA,5.09,366.94,So,Pm,An,In,D
Rupicola_peruvianus,Passeriformes,14.7,17.1,3.36,242.5,De,Se,Pl,In,D
Sagittarius_serpentarius,Accipitriformes,30.55,NA,15,4017,Op,Pm,An,Te,D
Salpinctes_obsoletus,Passeriformes,7.4,8.7,0.75,16.37,Op,Se,An,Te,D
Saltator_maximus,Passeriformes,9.1,10.95,1.39,47.62,So,Se,Pl,In,D
Sarcops_calvus,Passeriformes,10.8,14.05,2.8,142,De,Se,Om,In,D
Sarcoramphus_papa,Cathartiformes,27,NA,18.56,3400,Op,Se,Ca/Re,Te,D
Sasia_abnormis,Piciformes,5.8,7.15,0.58,9.2,De,Se,An,In,D
Saxicola_torquatus,Passeriformes,8.2,9.65,0.61,14.09,Op,Pm,An,In,D
Sayornis_nigricans,Passeriformes,7.7,8.9,0.49,18.63,So,Se,An,In,D
Sayornis_phoebe,Passeriformes,7.05,7.75,0.59,19.7,So,Mi,An,In,D
Sayornis_saya,Passeriformes,8.4,9.45,0.61,20.9,Op,Mi,An,In,D
Schiffornis_turdina,Passeriformes,9.95,12.15,1.07,31.7,De,Se,Om,In,D
Schistochlamys_melanopis,Passeriformes,8.7,9.85,1.22,33,So,Pm,Pl,In,D
Schoeniophylax_phryganophilus,Passeriformes,7.1,8.4,0.65,18.6,So,Se,An,In,D
Scissirostrum_dubium,Passeriformes,8.3,9.9,1.3,50,So,Pm,Pl,In,D
Scolopax_minor,Charadriiformes,11.7,NA,2.02,196.32,Op,Mi,An,Te,D
Scolopax_rusticola,Charadriiformes,11.53,NA,2.78,308.31,Op,Mi,An,Te,N
Scythrops_novaehollandiae,Cuculiformes,16.8,19.9,5.35,683.99,So,Mi,Om,In,D
Seiurus_aurocapilla,Passeriformes,7.3,9.15,0.7,18.8,De,Mi,An,Te,D
Seleucidis_melanoleucus,Passeriformes,12.4,14.15,3.41,174.43,De,Se,Pl,In,D
Semnornis_ramphastinus,Piciformes,10.3,13.9,1.91,97.7,De,Se,Om,In,D
Sericulus_chrysocephalus,Passeriformes,12,14.55,3.34,99.49,De,Se,Pl,In,D
Serinus_canaria,Passeriformes,6.3,7.15,0.68,24.3,So,Se,Pl,Ge,D
Serinus_mozambicus,Passeriformes,5.3,6.35,0.48,11.87,Op,Se,Pl,Ge,D
Serinus_serinus,Passeriformes,4.6,5.9,0.46,11.2,So,Pm,Pl,Ge,D
Setophaga_ruticilla,Passeriformes,6.18,7.29,0.36,8.24,De,Mi,An,In,D
Sicalis_flaveola,Passeriformes,6.7,7.4,0.7,16.89,So,Se,Pl,Te,D
Sitta_canadensis,Passeriformes,6.3,7.3,0.57,9.8,De,Mi,Om,In,D
Sitta_europaea,Passeriformes,7,8.75,1.02,20.37,De,Se,An,In,D
Sitta_pygmaea,Passeriformes,5.6,6.55,0.55,10.6,De,Se,Om,In,D
Sittasomus_griseicapillus,Passeriformes,6.4,8.05,0.55,13.12,De,Se,An,In,D
Smicrornis_brevirostris,Passeriformes,4.8,6.2,0.29,5.3,So,Se,An,In,D
Smithornis_capensis,Passeriformes,10,12,0.78,23.2,So,Se,An,In,D
Somateria_mollissima,Anseriformes,13.4,NA,8.32,2060.93,Op,Pm,An,Aq,D
Spermophaga_haematina,Passeriformes,7.35,8.95,0.88,23,De,Se,Pl,In,D
Sphecotheres_vieilloti,Passeriformes,11.3,13.8,2.24,121.5,So,Se,Pl,In,D
Spheniscus_humboldti,Sphenisciformes,20.5,NA,15.98,4366.39,Op,Pm,An,Aq,D
Spheniscus_magellanicus,Sphenisciformes,27.3,NA,13.49,4105.1,Op,Pm,An,Aq,D
Sphyrapicus_nuchalis,Piciformes,7.7,9.9,1.27,48.49,So,Mi,Om,In,D
Sphyrapicus_varius,Piciformes,8.37,10.18,1.3,50.3,De,Mi,Om,In,D
Spindalis_zena,Passeriformes,7,8.75,1.31,25.36,So,Se,Pl,In,D
Spiza_americana,Passeriformes,7,8.5,0.91,26.18,Op,Mi,Om,Te,D
Spizaetus_ornatus,Accipitriformes,24.1,NA,7.6,1197.4,De,Se,An,Ge,D
Spizella_arborea,Passeriformes,6,7,0.74,17.83,So,Mi,Om,Te,D
Stachyris_chrysaea,Passeriformes,5.2,6.25,0.43,9,De,Se,An,In,D
Stachyris_nigriceps,Passeriformes,6.4,7.65,0.76,15.8,De,Se,An,In,D
Steatornis_caripensis,Caprimulgiformes,15.47,NA,3.9,408,De,Se,Pl,In,N
Stelgidopteryx_ruficollis,Passeriformes,7.2,8.2,0.53,16.1,Op,Se,An,Ae,D
Stephanoaetus_coronatus,Accipitriformes,28.7,NA,14.06,3640,De,Se,An,Ge,D
Sterna_hirundo,Charadriiformes,13.7,NA,1.88,129.15,Op,Mi,An,Ae,D
Stigmatopelia_chinensis,Columbiformes,8.3,11.3,1.35,159,Op,Se,Pl,Te,D
Stigmatopelia_senegalensis,Columbiformes,8.3,11.5,1.24,82.13,Op,Se,Pl,Te,D
Stigmatura_budytoides,Passeriformes,6.8,7.6,0.53,11.08,So,Se,An,In,D
Stiltia_isabella,Charadriiformes,10.2,13.05,1.05,65.5,Op,Pm,An,Te,D
Stipiturus_malachurus,Passeriformes,5.3,6.35,0.4,7.3,Op,Se,An,Ge,D
Strepera_graculina,Passeriformes,15.3,19.45,5.34,298.86,So,Se,Om,Ge,D
Strepera_versicolor,Passeriformes,16.5,20,5.97,395.47,So,Se,An,Te,D
Streptopelia_decaocto,Columbiformes,9.3,12.25,1.52,148.96,Op,Se,Pl,Te,D
Streptopelia_turtur,Columbiformes,9.3,12.2,1.39,132,So,Mi,Pl,Te,D
Streptoprocne_zonaris,Caprimulgiformes,12.95,15.25,1.48,86.79,De,Pm,An,Ae,D
Strigops_habroptila,Psittaciformes,13.45,15.4,16.5,1732.05,So,Se,Pl,Ge,N
Strix_aluco,Strigiformes,24.96,NA,9.08,472.46,De,Se,An,In,N
Strix_nebulosa,Strigiformes,14,NA,14.66,1061.89,So,Se,An,In,N
Strix_uralensis,Strigiformes,25.6,NA,11.21,780.56,So,Se,An,In,N
Strix_varia,Strigiformes,28,NA,12.55,711.49,So,Se,An,In,N
Struthidea_cinerea,Passeriformes,11,12.48,2.98,132,So,Se,Om,Te,D
Struthio_camelus,Struthioniformes,38.93,47.79,40.23,111000,Op,Se,Pl,Te,D
Sturnella_magna,Passeriformes,8.75,9.88,2.22,91.76,Op,Pm,An,Te,D
Sturnella_militaris,Passeriformes,8,9.63,1.12,48.01,Op,Pm,An,Te,D
Sturnella_neglecta,Passeriformes,10.7,12.5,1.94,100.06,Op,Pm,Om,Te,D
Sturnus_contra,Passeriformes,8.9,10.55,1.77,83.99,Op,Se,Om,Ge,D
Sturnus_vulgaris,Passeriformes,6.97,7.79,1.97,77.14,Op,Pm,Om,In,D
Surnia_ulula,Strigiformes,20.5,NA,7.48,319.9,Op,Pm,An,In,D
Sylvia_atricapilla,Passeriformes,6.4,8.4,0.65,16.7,De,Mi,Om,In,D
Sylvia_borin,Passeriformes,7,8.45,0.62,18.2,De,Mi,Om,In,D
Syma_megarhyncha,Coraciiformes,11.9,14,1.35,56,De,Se,An,In,D
Syma_torotoro,Coraciiformes,10.4,12.6,1.11,37.7,De,Se,An,In,D
Synallaxis_brachyura,Passeriformes,7,8.35,0.86,18.3,So,Se,An,In,D
Syrmaticus_reevesii,Galliformes,15.8,19.8,4.38,1204.58,So,Se,Pl,Te,D
Syrrhaptes_paradoxus,Pterocliformes,8.8,12.1,1.54,256.43,Op,Pm,Pl,Te,D
Tachornis_phoenicobia,Caprimulgiformes,7.6,9,0.28,10.2,De,Se,An,Ae,D
Tachycineta_bicolor,Passeriformes,8.2,9.05,0.55,21.2,Op,Mi,An,Ae,D
Tachymarptis_melba,Caprimulgiformes,12.1,14.15,1.09,100.38,De,Mi,An,Ae,D
Taeniopygia_bichenovii,Passeriformes,4.7,5.8,0.4,9.6,So,Se,Pl,Te,D
Taeniopygia_guttata,Passeriformes,5.2,6.03,0.44,12.04,So,Pm,Pl,Te,D
Tangara_cayana,Passeriformes,7,8.6,0.8,18,So,Se,Pl,In,D
Tanygnathus_lucionensis,Psittaciformes,13,15.1,5.71,215,De,Se,Pl,In,D
Tanysiptera_galatea,Coraciiformes,11.8,14.75,1.43,50,De,Se,An,In,D
Tanysiptera_sylvia,Coraciiformes,13,14.95,1.14,49.6,De,Mi,An,In,D
Tapera_naevia,Cuculiformes,9,12.75,0.89,48.42,Op,Se,An,Ge,D
Taraba_major,Passeriformes,9.4,11.68,1.52,59.2,So,Se,An,In,D
Tauraco_corythaix,Musophagiformes,13.45,16.98,2.7,308,De,Se,Pl,In,D
Tauraco_erythrolophus,Musophagiformes,13.3,15.9,2.34,261.24,So,Se,Pl,In,D
Tauraco_hartlaubi,Musophagiformes,13.05,16.23,3.35,224,De,Se,Pl,In,D
Tauraco_leucotis,Musophagiformes,13.15,15.9,3.35,265,De,Se,Pl,In,D
Tchagra_australis,Passeriformes,9.3,10.8,1.23,32.3,So,Se,An,Te,D
Telophorus_zeylonus,Passeriformes,10.6,12.3,1.91,65.02,So,Se,An,Te,D
Tephrodornis_pondicerianus,Passeriformes,8.3,9.9,0.89,20.2,So,Se,An,In,D
Terathopius_ecaudatus,Accipitriformes,33,NA,14.69,2200,So,Se,An,Ge,D
Tersina_viridis,Passeriformes,7.63,9.35,0.93,29,So,Se,Pl,In,D
Tetrao_tetrix,Galliformes,10.6,13.05,3.8,1068.66,Op,Se,Pl,Te,D
Tetrao_urogallus,Galliformes,20.4,24.5,6.14,2716.61,So,Se,Pl,Ge,D
Thalurania_furcata,Caprimulgiformes,4.6,5.5,0.2,4.19,De,Se,Pl,Ae,D
Thamnomanes_caesius,Passeriformes,8,9.3,0.61,15.7,De,Se,An,In,D
Thamnophilus_caerulescens,Passeriformes,7.8,9.75,0.98,21.1,De,Se,An,In,D
Thamnophilus_punctatus,Passeriformes,8.6,10.55,0.94,19.4,De,Se,An,In,D
Thinocorus_orbignyianus,Charadriiformes,8.8,NA,1.16,115,Op,Se,Pl,Te,D
Thinocorus_rumicivorus,Charadriiformes,7.35,NA,0.72,53.1,Op,Se,Pl,Te,D
Thraupis_episcopus,Passeriformes,8,9.6,1.11,35,So,Se,Om,In,D
Thryothorus_nigricapillus,Passeriformes,7.8,9.35,1.06,23.9,De,Se,An,In,D
Tiaris_olivaceus,Passeriformes,5.4,6.45,0.48,8.5,So,Pm,Pl,In,D
Tinamus_major,Struthioniformes,13.9,18.98,2.89,1026.21,De,Se,Pl,Te,D
Tityra_cayana,Passeriformes,12.3,14.15,1.61,68.1,So,Se,Pl,In,D
Tityra_semifasciata,Passeriformes,12.4,15.05,1.88,79.3,De,Se,Pl,In,D
Tockus_deckeni,Bucerotiformes,12.4,14.85,3.45,167.72,Op,Se,An,Te,D
Tockus_erythrorhynchus,Bucerotiformes,11.9,14.6,3.53,138.56,Op,Se,An,Te,D
Tockus_fasciatus,Bucerotiformes,15.3,18.5,4.8,258.83,De,Se,Om,In,D
Todiramphus_chloris,Coraciiformes,10.5,13.95,1.34,66.09,So,Se,An,In,D
Todiramphus_macleayii,Coraciiformes,10.4,12.75,1.07,37.3,So,Mi,An,In,D
Todiramphus_pyrrhopygius,Coraciiformes,10.6,13.13,1.13,51.7,So,Se,An,In,D
Todiramphus_sanctus,Coraciiformes,9.3,12.05,1.03,52.96,So,Mi,An,In,D
Todirostrum_cinereum,Passeriformes,5.97,6.72,0.31,6.29,So,Se,An,In,D
Todus_mexicanus,Coraciiformes,6.8,7.9,0.4,5.9,De,Se,An,In,D
Todus_subulatus,Coraciiformes,6.8,7.55,0.43,8.7,So,Se,An,In,D
Todus_todus,Coraciiformes,6.87,8.2,0.41,6.4,De,Se,An,In,D
Tolmomyias_sulphurescens,Passeriformes,8.3,9.3,0.51,14.3,De,Se,An,In,D
Toxorhamphus_iliolophus,Passeriformes,5.5,6.75,0.48,11,De,Se,Om,In,D
Toxorhamphus_poliopterus,Passeriformes,5.6,6.8,0.43,11.35,So,Se,Om,In,D
Toxostoma_curvirostre,Passeriformes,11,12.85,2.13,80.54,Op,Se,Om,Te,D
Toxostoma_rufum,Passeriformes,9.38,10.99,2,68.8,De,Pm,Om,Ge,D
Tregellasia_capito,Passeriformes,8.5,10.6,0.77,13.9,De,Se,An,In,D
Tregellasia_leucops,Passeriformes,8.5,10.6,0.59,15.57,De,Se,An,In,D
Treron_apicauda,Columbiformes,9.45,12.15,1.4,217.19,So,Se,Pl,In,D
Treron_calvus,Columbiformes,10.2,13.1,1.58,197.53,So,Pm,Pl,In,D
Treron_pompadora,Columbiformes,10.2,12.7,1.39,234,So,Se,Pl,In,D
Treron_vernans,Columbiformes,8.33,NA,1.25,132,So,Se,Pl,In,D
Trichoglossus_chlorolepidotus,Psittaciformes,8.7,10.4,3.05,87.1,So,Se,Pl,In,D
Trichoglossus_haematodus,Psittaciformes,8.9,10.7,3.66,113.25,De,Se,Pl,In,D
Tricholaema_leucomelas,Piciformes,8.3,10.05,0.98,32.2,So,Se,Pl,In,D
Trichothraupis_melanops,Passeriformes,8.4,9.9,0.9,22.58,De,Se,An,In,D
Triclaria_malachitacea,Psittaciformes,11.6,13.45,4.28,90,De,Se,Pl,In,D
Tringa_glareola,Charadriiformes,8.8,NA,1.04,62.05,Op,Mi,An,Te,D
Tringa_melanoleuca,Charadriiformes,11.8,NA,1.79,161.74,Op,Mi,An,Te,D
Tringa_solitaria,Charadriiformes,8.2,NA,0.82,48.4,Op,Mi,An,Te,D
Tringa_totanus,Charadriiformes,10,NA,1.52,129,Op,Mi,An,Te,D
Trochilus_polytmus,Caprimulgiformes,4.2,5.1,0.19,4.84,De,Se,Pl,Ae,D
Troglodytes_aedon,Passeriformes,5,5.84,0.53,10.85,Op,Se,An,In,D
Troglodytes_troglodytes,Passeriformes,6.15,7.8,0.48,9.74,De,Mi,An,In,D
Trogon_citreolus,Trogoniformes,12.3,14,1.48,79,So,Se,Om,In,D
Trogon_curucui,Trogoniformes,12.4,14.72,0.89,54,De,Se,An,In,D
Trogon_massena,Trogoniformes,14.4,17.05,2.13,141,De,Se,Pl,In,D
Trogon_melanurus,Trogoniformes,13,15.9,1.86,114,De,Se,Pl,In,D
Trogon_violaceus,Trogoniformes,12.4,14.35,1.41,46.5,De,Se,Pl,In,D
Trogon_viridis,Trogoniformes,12.15,14.63,1.79,89.69,De,Se,Om,In,D
Tryngites_subruficollis,Charadriiformes,9.1,NA,1.03,62.1,Op,Mi,An,Te,D
Turdus_falcklandii,Passeriformes,12.1,14.25,2.34,93.89,So,Pm,Om,Ge,D
Turdus_fuscater,Passeriformes,11.2,14.85,2.69,143,So,Se,Om,Ge,D
Turdus_merula,Passeriformes,10.7,12.85,1.9,102.73,So,Se,Om,Ge,D
Turdus_migratorius,Passeriformes,9.8,13,1.64,78.5,Op,Mi,Om,Ge,D
Turdus_philomelos,Passeriformes,11,NA,1.63,67.74,De,Mi,Om,Ge,D
Turdus_rufiventris,Passeriformes,10.6,12.9,1.33,69.44,De,Pm,Om,Ge,D
Turdus_viscivorus,Passeriformes,12.3,14.35,2.31,117.37,So,Se,Om,In,D
Turnix_melanogaster,Charadriiformes,8.7,10.9,1.06,87.06,De,Se,An,Te,D
Turnix_nigricollis,Charadriiformes,7,9.95,0.87,61.3,So,Se,Om,Te,D
Turnix_suscitator,Charadriiformes,7,10.15,0.71,49.1,Op,Se,Pl,Te,D
Turnix_sylvaticus,Charadriiformes,5.15,7.54,0.58,52.69,So,Se,Om,Te,D
Turnix_varius,Charadriiformes,7.6,10.85,1.04,90.23,So,Se,Pl,Te,D
Turnix_velox,Charadriiformes,6,9.4,0.67,44.28,Op,Se,Pl,Te,D
Turtur_afer,Columbiformes,8.15,11.23,0.87,65.6,So,Se,Pl,Te,D
Turtur_tympanistria,Columbiformes,8.4,11.45,0.97,70.58,So,Se,Pl,Te,D
Tyrannus_dominicensis,Passeriformes,9.1,11.4,1,46.5,Op,Pm,An,In,D
Tyrannus_forficatus,Passeriformes,8.8,10.75,0.86,39.3,So,Mi,Om,In,D
Tyrannus_melancholicus,Passeriformes,8.37,9.73,0.9,37.4,Op,Se,An,In,D
Tyrannus_tyrannus,Passeriformes,8.4,9.7,0.95,39.85,So,Mi,An,In,D
Tyrannus_verticalis,Passeriformes,9.35,10.8,0.98,39.6,Op,Mi,An,In,D
Tyto_alba,Strigiformes,17.8,NA,6.51,403.32,Op,Se,An,In,N
Tyto_capensis,Strigiformes,15.6,NA,5.23,364.74,Op,Pm,An,Ge,N
Tyto_tenebricosa,Strigiformes,28.8,NA,12.7,660.6,De,Se,An,Ge,N
Upupa_epops,Bucerotiformes,8.48,10.25,1.35,66.93,Op,Mi,An,Te,D
Uraeginthus_bengalus,Passeriformes,5.4,6.5,0.43,9.9,Op,Se,Pl,Te,D
Urocissa_erythrorhyncha,Passeriformes,14.6,17.45,3.67,151.52,De,Se,An,In,D
Urocolius_indicus,Coliiformes,7.87,9.42,1.07,52.7,So,Se,Pl,In,D
Urocolius_macrourus,Coliiformes,7.2,9.15,1,45.5,So,Se,Pl,In,D
Vanellus_chilensis,Charadriiformes,14.7,NA,2.46,327,Op,Se,An,Te,D
Vanellus_miles,Charadriiformes,14,NA,2.85,387,Op,Se,An,Te,D
Vanellus_senegallus,Charadriiformes,14.5,NA,2.43,248,Op,Se,An,Te,D
Vanellus_vanellus,Charadriiformes,12.6,NA,2.33,218.37,Op,Pm,An,Te,D
Veniliornis_passerinus,Piciformes,8.1,9.75,1.45,32.1,So,Se,An,In,D
Vermivora_peregrina,Passeriformes,4.9,6.35,0.43,8.9,De,Mi,An,In,D
Vermivora_ruficapilla,Passeriformes,4.5,6.3,0.4,8.09,De,Mi,An,In,D
Vidua_macroura,Passeriformes,5.9,7.23,0.53,15.74,Op,Se,Pl,Te,D
Vidua_paradisaea,Passeriformes,6,7.8,0.64,20.35,Op,Se,Pl,Te,D
Vireo_altiloquus,Passeriformes,7.1,8.55,0.75,18.97,So,Se,Om,In,D
Vireo_griseus,Passeriformes,6.3,8.65,0.58,11.4,So,Mi,An,In,D
Vireo_magister,Passeriformes,7.8,8.75,0.72,15.4,De,Se,Om,In,D
Vireo_olivaceus,Passeriformes,6.8,8.3,0.61,16.06,De,Mi,Om,In,D
Vireo_philadelphicus,Passeriformes,6.8,8.08,0.46,11.5,De,Mi,An,In,D
Vireo_solitarius,Passeriformes,7.6,9.75,0.63,15.3,De,Mi,An,In,D
Volatinia_jacarina,Passeriformes,5.6,6.65,0.49,9.94,Op,Se,Pl,Te,D
Vultur_gryphus,Cathartiformes,23.7,NA,31.56,11236.1,Op,Pm,Ca/Re,Te,D
Willisornis_poecilinotus,Passeriformes,8.55,9.88,0.64,18.4,De,Se,An,In,D
Xanthocephalus_xanthocephalus,Passeriformes,7.67,8.53,1.65,62.68,So,Pm,Pl,Te,D
Xanthomyza_phrygia,Passeriformes,7.6,9.75,1.03,39.99,So,Pm,Pl,In,D
Xenops_minutus,Passeriformes,5.28,6.59,0.49,10.6,De,Se,An,In,D
Xenus_cinereus,Charadriiformes,8.4,NA,1.03,78.8,Op,Mi,An,Te,D
Xiphorhynchus_guttatus,Passeriformes,8.5,10.15,1.5,59.69,De,Se,An,In,D
Xolmis_irupero,Passeriformes,9,11.1,0.82,28.7,Op,Pm,An,In,D
Xolmis_pyrope,Passeriformes,10.5,12.55,1.28,35.3,So,Pm,An,In,D
Zenaida_macroura,Columbiformes,8.06,10.49,1.19,118.93,Op,Se,Pl,Te,D
Zonotrichia_albicollis,Passeriformes,6.8,8.85,1.05,24.4,So,Mi,Pl,Te,D
Zonotrichia_capensis,Passeriformes,6.8,8.3,0.87,20.31,Op,Se,Pl,Ge,D
Zonotrichia_leucophrys,Passeriformes,5.5,7.23,0.97,28,So,Mi,Om,Ge,D
Zosterops_japonicus,Passeriformes,5.1,6.55,0.54,11.29,So,Se,Om,In,D
Zosterops_lateralis,Passeriformes,5,6.65,0.47,12.68,So,Se,Om,In,D
