"","X.2","X.1","X","species_code","scientific_name","common_name.x","common_name.y","group","order","family","CCS.max","habitat_score","habitat_comment","English","bodymass","mass_comments","log_bodymass","predicted_defecation_rate","log_predicted_defecation_rate","order_ind","est_axial_length","log_est_axial_length"
"1",1,1,19,"baleag","Haliaeetus leucocephalus","Bald Eagle","Bald Eagle","landbird","Accipitriformes","Accipitridae",9,3,"","Bald Eagle",4700.58,"",8.45544118433979,111.243573649124,4.71172215442619,1,33.4537712794164,3.5101645239984
"2",2,2,54,"brwhaw","Buteo platypterus","Broad-winged Hawk","Broad-winged Hawk","landbird","Accipitriformes","Accipitridae",8,1,"","Broad-winged Hawk",453.65,"",6.11732597561564,16.2206674347041,2.78628619671269,1,18.1351242264106,2.89785062280298
"3",3,3,92,"coohaw","Accipiter cooperii","Cooper's Hawk","Cooper's Hawk","landbird","Accipitriformes","Accipitridae",7,1,"","Cooper's Hawk",429.67,"",6.06301747219289,15.5112131074165,2.74156318866347,1,17.8790228778656,2.88362811936311
"4",4,4,121,"goleag","Aquila chrysaetos","Golden Eagle","Golden Eagle","landbird","Accipitriformes","Accipitridae",10,1,"Fishing rare","Golden Eagle",4247.97,"",8.35419650074994,102.344772952969,4.62834724048532,1,32.5784232997073,3.48365020727317
"5",5,5,176,"miskit","Ictinia mississippiensis","Mississippi Kite","Mississippi Kite","landbird","Accipitriformes","Accipitridae",9,1,"","Mississippi Kite",276.03,"",5.62050955546238,10.7742419622309,2.37715828198193,1,15.9226492558413,2.76774257711433
"6",6,6,186,"norhar2","Circus hudsonius","Northern Harrier","Northern Harrier","landbird","Accipitriformes","Accipitridae",11,1,"",NA,392.98,"",5.97375871998905,14.411963775594,2.66805867939351,1,17.4659403861397,2.86025272084817
"7",7,7,198,"osprey","Pandion haliaetus","Osprey","Osprey","landbird","Accipitriformes","Pandionidae",7,3,"","Osprey",1483.2,"",7.30195719481159,43.0270520196512,3.76182903461866,1,24.731705571669,3.20808604687328
"8",8,8,227,"reshaw","Buteo lineatus","Red-shouldered Hawk","Red-shouldered Hawk","landbird","Accipitriformes","Accipitridae",8,1,"","Red-shouldered Hawk",603.72,"",6.40311051429123,20.5247100802972,3.02162953004005,1,19.5444799508693,2.97269289110731
"9",9,9,228,"rethaw","Buteo jamaicensis","Red-tailed Hawk","Red-tailed Hawk","landbird","Accipitriformes","Accipitridae",7,1,"","Red-tailed Hawk",1101.16,"",7.00411944859855,33.6684061535229,3.51655989476483,1,22.8759751975911,3.13008724184157
"10",10,10,237,"rolhaw","Buteo lagopus","Rough-legged Hawk","Rough-legged Hawk","landbird","Accipitriformes","Accipitridae",9,1,"","Rough-legged Hawk",949.76,"",6.85620932109891,29.8073803624767,3.39475602601826,1,22.0068113707697,3.09135201320198
"11",11,11,257,"shshaw","Accipiter striatus","Sharp-shinned Hawk","Sharp-shinned Hawk","landbird","Accipitriformes","Accipitridae",9,1,"","Sharp-shinned Hawk",130.59,"",4.87206264423232,5.81716403703013,1.76081286412362,1,13.0885348696826,2.5717366462077
"12",12,12,274,"swtkit","Elanoides forficatus","Swallow-tailed Kite","Swallow-tailed Kite","landbird","Accipitriformes","Accipitridae",10,1,"","American Swallow-tailed Kite",416.24,"",6.03126201698205,15.1108434795203,2.71541259732889,1,17.73095333351,2.8753118881561
"13",13,13,3,"ambduc","Anas rubripes","American Black Duck","American Black Duck","waterfowl","Anseriformes","Anatidae",12,4,"Tolerant of vegetation but possibly high collision risk due to habitat use.","American Black Duck",1240.96,"",7.12364055261423,37.1508044838062,3.61498542594427,2,12.9051602655968,2.55762725196962
"14",14,14,12,"amewig","Mareca americana","American Wigeon","American Wigeon","waterfowl","Anseriformes","Anatidae",10,4,"",NA,754.61,"",6.62620105949647,24.6639931077488,3.20534441113801,2,11.3288892463391,2.42735603372379
"15",15,15,22,"bargol","Bucephala islandica","Barrow's Goldeneye","Barrow's Goldeneye","waterfowl","Anseriformes","Anatidae",13,5,"""Prefers open water without emergent or dense submerged vegetation.""","Barrow's Goldeneye",921.21,"",6.8256880232936,29.0675305422501,3.36962176229544,2,11.9364696152749,2.4795983871307
"16",16,16,25,"bbwduc","Dendrocygna autumnalis","Black-bellied Whistling-Duck","Black-bellied Whistling-Duck","waterfowl","Anseriformes","Anatidae",8,4,"","Black-bellied Whistling-duck",755.3,"",6.6271150213194,24.6825633710798,3.20609705794998,2,11.3316011582228,2.42759538528664
"17",17,17,36,"blksco2","Melanitta americana","Black Scoter","Black Scoter","waterfowl","Anseriformes","Anatidae",13,5,"""Feeds in open water; usually avoids dense aquatic vegetation which is rare in its breeding areas.""",NA,1049.98,"",6.95652639535111,32.3743698076666,3.47736705442999,2,12.3525535134364,2.5138628039232
"18",18,18,47,"brant","Branta bernicla","Brant","Brant","waterfowl","Anseriformes","Anatidae",13,4,"","Brent Goose",1277.91,"",7.15298120992249,38.0593747294842,3.63914743318561,2,13.0047033390337,2.56531108733968
"19",19,19,58,"buffle","Bucephala albeola","Bufflehead","Bufflehead","waterfowl","Anseriformes","Anatidae",8,4,"","Bufflehead",397.46,"",5.98509430010014,14.5471270472349,2.67739352032264,2,9.57792261446494,2.259460722379
"20",20,20,61,"buwtea","Spatula discors","Blue-winged Teal","Blue-winged Teal","waterfowl","Anseriformes","Anatidae",8,4,"",NA,359.44,"",5.8845472647619,13.391137655255,2.59459311914508,2,9.32901194367214,2.23312910825157
"21",21,21,63,"cacgoo1","Branta hutchinsii","Cackling Goose","Cackling Goose","waterfowl","Anseriformes","Anatidae",10,4,"","Cackling Goose",2811.68,"",7.94153744844654,72.8587655879555,4.28852284919088,2,15.9877210157671,2.77182099109507
"22",22,22,66,"cangoo","Branta canadensis","Canada Goose","Canada Goose","waterfowl","Anseriformes","Anatidae",6,4,"","Canada Goose",2811.68,"",7.94153744844654,72.8587655879555,4.28852284919088,2,15.9877210157671,2.77182099109507
"23",23,23,67,"canvas","Aythya valisineria","Canvasback","Canvasback","waterfowl","Anseriformes","Anatidae",10,4,"","Canvasback",1202,"",7.09174211509515,36.1876206298881,3.58871708879607,2,12.7978037740126,2.54927357604875
"24",24,24,79,"cintea","Spatula cyanoptera","Cinnamon Teal","Cinnamon Teal","waterfowl","Anseriformes","Anatidae",12,4,"",NA,377.45,"",5.93343810958563,13.941286504549,2.63485468977913,2,9.44922583613699,2.24593281604795
"25",25,25,84,"comgol","Bucephala clangula","Common Goldeneye","Common Goldeneye","waterfowl","Anseriformes","Anatidae",9,4,"","Common Goldeneye",918.56,"",6.82280722641933,28.9986543861109,3.367249428431,2,11.9274677411967,2.47884395383073
"26",26,26,87,"commer","Mergus merganser","Common Merganser","Common Merganser","waterfowl","Anseriformes","Anatidae",10,5,"","Common Merganser",1451.02,"",7.28002203638671,42.256806847247,3.74376544963713,2,13.444646397201,2.59858098942711
"27",27,27,114,"fuwduc","Dendrocygna bicolor","Fulvous Whistling-Duck","Fulvous Whistling-Duck","waterfowl","Anseriformes","Anatidae",9,4,"","Fulvous Whistling-duck",756.37,"",6.62853067444303,24.7113548156775,3.2072628471368,2,11.3358029724852,2.42796612154619
"28",28,28,115,"gadwal","Mareca strepera","Gadwall","Gadwall","waterfowl","Anseriformes","Anatidae",8,4,"",NA,915.58,"",6.81955774424001,28.9211592880732,3.3645734825201,2,11.9173219517226,2.47799296791581
"29",29,29,119,"gnwtea","Anas crecca","Green-winged Teal","Green-winged Teal","waterfowl","Anseriformes","Anatidae",9,4,"","Common Teal",341.89,"",5.83448904789929,12.8503393376781,2.55337021859396,2,9.20751211329724,2.22001968492647
"30",30,30,128,"gresca","Aythya marila","Greater Scaup","Greater Scaup","waterfowl","Anseriformes","Anatidae",10,4,"","Greater Scaup",1005.37,"",6.91311091194319,31.2373482883384,3.44161443943342,2,12.2129028459668,2.50249300318857
"31",31,31,134,"gwfgoo","Anser albifrons","Greater White-fronted Goose","Greater White-fronted Goose","waterfowl","Anseriformes","Anatidae",9,4,"","Greater White-fronted Goose",2506.39,"",7.82659874984388,66.2788555235783,4.19387092511263,2,15.5136524141863,2.74172043716295
"32",32,32,141,"hoomer","Lophodytes cucullatus","Hooded Merganser","Hooded Merganser","waterfowl","Anseriformes","Anatidae",8,5,"","Hooded Merganser",613.77,"",6.41962026513584,20.8056648113409,3.03522529632672,2,10.7322789310166,2.37325592281607
"33",33,33,160,"lessca","Aythya affinis","Lesser Scaup","Lesser Scaup","waterfowl","Anseriformes","Anatidae",9,4,"","Lesser Scaup",819.45,"",6.70863338350984,26.3963927455193,3.27322736238909,2,11.5761124462253,2.44894370301951
"34",34,34,169,"lotduc","Clangula hyemalis","Long-tailed Duck","Long-tailed Duck","waterfowl","Anseriformes","Anatidae",13,4,"","Long-tailed Duck",871,"",6.7696419768525,27.7564401014498,3.32346788899496,2,11.7625511064425,2.46492084976433
"35",35,35,172,"mallar3","Anas platyrhynchos","Mallard","Mallard","waterfowl","Anseriformes","Anatidae",7,4,"","Mallard",843.42,"",6.73746505457173,27.0306179016566,3.29697021987379,2,11.6638491621312,2.45649424326663
"36",36,36,177,"motduc","Anas fulvigula","Mottled Duck","Mottled Duck","waterfowl","Anseriformes","Anatidae",17,4,"","Mottled Duck",843.42,"",6.73746505457173,27.0306179016566,3.29697021987379,2,11.6638491621312,2.45649424326663
"37",37,37,180,"mutswa","Cygnus olor","Mute Swan","Mute Swan","waterfowl","Anseriformes","Anatidae",8,4,"","Mute Swan",10682.04,"",9.27631910550982,218.702957262148,5.38771444959472,2,22.6776156718872,3.1213783442276
"38",38,38,189,"norpin","Anas acuta","Northern Pintail","Northern Pintail","waterfowl","Anseriformes","Anatidae",13,4,"","Northern Pintail",944.62,"",6.85078273022115,29.6744745311221,3.39028723287887,2,12.0151731226382,2.48617027796005
"39",39,39,190,"norsho","Spatula clypeata","Northern Shoveler","Northern Shoveler","waterfowl","Anseriformes","Anatidae",7,4,"",NA,612.56,"",6.41764689680487,20.7718816651977,3.03360022912383,2,10.7267340005716,2.37273913012051
"40",40,40,217,"rebmer","Mergus serrator","Red-breasted Merganser","Red-breasted Merganser","waterfowl","Anseriformes","Anatidae",9,5,"","Red-breasted Merganser",1015.17,"",6.92281136513612,31.4878814106218,3.44960275468585,2,12.2439678128045,2.50503339226596
"41",41,41,222,"redhea","Aythya americana","Redhead","Redhead","waterfowl","Anseriformes","Anatidae",8,4,"","Redhead",1075.69,"",6.98071759512255,33.025780627843,3.49728848761103,2,12.4310587774538,2.5201980810949
"42",42,42,232,"rinduc","Aythya collaris","Ring-necked Duck","Ring-necked Duck","waterfowl","Anseriformes","Anatidae",8,4,"","Ring-necked Duck",704.55,"",6.55755930114111,23.3084971677545,3.14881797940148,2,11.1270589675225,2.40937988666027
"43",43,43,238,"rosgoo","Anser rossii","Ross's Goose","Ross's Goose","waterfowl","Anseriformes","Anatidae",12,4,"",NA,1635.99,"",7.40000340467457,46.6451990651683,3.84257000806741,2,13.8737995306566,2.63000213557636
"44",44,44,243,"rudduc","Oxyura jamaicensis","Ruddy Duck","Ruddy Duck","waterfowl","Anseriformes","Anatidae",8,5,"Needs space to take off","Ruddy Duck",608.15,"",6.41042156206445,20.6486547475535,3.02765017188807,2,10.7064561053183,2.37084693383958
"45",45,45,260,"snogoo","Anser caerulescens","Snow Goose","Snow Goose","waterfowl","Anseriformes","Anatidae",10,4,"",NA,2636.15,"",7.87707479840401,69.0919281369719,4.23543790972414,2,15.7200864088875,2.75493928373452
"46",46,46,270,"sursco","Melanitta perspicillata","Surf Scoter","Surf Scoter","waterfowl","Anseriformes","Anatidae",11,4,"","Surf Scoter",1096.33,"",6.9997235170785,33.546745316168,3.51293984876164,2,12.4930866002393,2.52517541932667
"47",47,47,278,"truswa","Cygnus buccinator","Trumpeter Swan","Trumpeter Swan","waterfowl","Anseriformes","Anatidae",11,4,"","Trumpeter Swan",11071.13,"",9.31209609818055,225.24231397999,5.41717677373087,2,22.8910899552608,3.13074774992391
"48",48,48,280,"tunswa","Cygnus columbianus","Tundra Swan","Tundra Swan","waterfowl","Anseriformes","Anatidae",11,4,"","Tundra Swan",6377.96,"",8.76060357599185,143.025528283849,4.96302313379468,2,19.8126561454996,2.98632093276731
"49",49,49,298,"whwsco2","Melanitta deglandi","White-winged Scoter","White-winged Scoter","waterfowl","Anseriformes","Anatidae",12,4,"",NA,1800.17,"",7.4956363838691,50.4672034180343,3.92132368803894,2,14.225652362712,2.65504683925694
"50",50,50,307,"wooduc","Aix sponsa","Wood Duck","Wood Duck","waterfowl","Anseriformes","Anatidae",7,4,"","Wood Duck",657.59,"",6.48858163681369,22.0214048784866,3.09201492937232,2,10.9278630568589,2.39131577134975
"51",51,51,76,"chiswi","Chaetura pelagica","Chimney Swift","Chimney Swift","landbird","Apodiformes","Apodidae",13,1,"","Chimney Swift",23.6,"",3.16124671203156,1.42184787549222,0.351957346398317,3,8.20031530361567,2.10417260519141
"52",52,52,241,"rthhum","Archilochus colubris","Ruby-throated Hummingbird","Ruby-throated Hummingbird","landbird","Apodiformes","Trochilidae",8,1,"","Ruby-throated Hummingbird",3.09,"",1.12817109090965,0.266527257520165,-1.32227876098106,3,4.81503614892359,1.57174355278652
"53",53,53,78,"chwwid","Antrostomus carolinensis","Chuck-will's-widow","Chuck-will's-widow","landbird","Caprimulgiformes","Caprimulgidae",12,1,"",NA,109,"",4.69134788222914,5.0127988196823,1.611994405755,6,13.1289735293259,2.57482150775114
"54",54,54,88,"comnig","Chordeiles minor","Common Nighthawk","Common Nighthawk","landbird","Caprimulgiformes","Caprimulgidae",11,1,"","Common Nighthawk",79.3,"",4.3732381286408,3.85754621000381,1.3500312844456,6,12.0795482773555,2.49151379754883
"55",55,55,104,"easwpw1","Antrostomus vociferus","Eastern Whip-poor-will","Eastern Whip-poor-will","landbird","Caprimulgiformes","Caprimulgidae",14,1,"",NA,53.3,"",3.9759363311718,2.78111959854873,1.02285357991817,6,10.8858849801019,2.38746699410113
"56",56,56,38,"blkvul","Coragyps atratus","Black Vulture","Black Vulture","landbird","Cathartiformes","Cathartidae",5,1,"","Black Vulture",1881.69,"",7.53992558819307,52.3418274511597,3.95779581149363,33,18.0381590173072,2.89248945938861
"57",57,57,281,"turvul","Cathartes aura","Turkey Vulture","Turkey Vulture","landbird","Cathartiformes","Cathartidae",6,1,"","Turkey Vulture",1518.24,"",7.32530704822545,43.8624069613581,3.78105761976392,33,17.0522881174367,2.83628439516162
"58",58,58,4,"ameavo","Recurvirostra americana","American Avocet","American Avocet","shorebird","Charadriiformes","Recurvirostridae",11,3,"","American Avocet",304.48,"",5.71860540354784,11.6807259937342,2.4579401324662,8,13.0536117642482,2.56906485902066
"59",59,59,13,"amgplo","Pluvialis dominica","American Golden-Plover","American Golden-Plover","shorebird","Charadriiformes","Charadriidae",15,3,"","American Golden Plover",151.47,"",5.02038758553893,6.5729210089131,1.88295833170019,8,10.8722437996899,2.38621310114579
"60",60,60,18,"baisan","Calidris bairdii","Baird's Sandpiper","Baird's Sandpiper","shorebird","Charadriiformes","Scolopacidae",13,3,"","Baird's Sandpiper",40.97,"",3.71284009155878,2.23936880409017,0.806194042270094,8,7.7197959103693,2.04378792720657
"61",61,61,31,"bkbplo","Pluvialis squatarola","Black-bellied Plover","Black-bellied Plover","shorebird","Charadriiformes","Charadriidae",13,3,"","Grey Plover",250,"",5.52146091786225,9.93031113219326,2.29559181011338,8,12.3967700902385,2.5174359620874
"62",62,62,37,"blkter","Chlidonias niger","Black Tern","Black Tern","waterbird","Charadriiformes","Laridae",12,3,"","Black Tern",65.3,"",4.17899203628239,3.2873106096805,1.19006978662175,8,8.72214724535827,2.16586545134162
"63",63,63,45,"bongul","Chroicocephalus philadelphia","Bonaparte's Gull","Bonaparte's Gull","waterbird","Charadriiformes","Laridae",10,3,"",NA,210.71,"",5.35048278052872,8.62609105613085,2.15479145417861,8,11.8539316959533,2.47265960123949
"64",64,64,57,"bubsan","Calidris subruficollis","Buff-breasted Sandpiper","Buff-breasted Sandpiper","shorebird","Charadriiformes","Scolopacidae",15,3,"",NA,62.1,"",4.12874598893943,3.15406534929619,1.14869220782404,8,8.60812769963641,2.15270683830433
"65",65,65,64,"calgul","Larus californicus","California Gull","California Gull","waterbird","Charadriiformes","Laridae",12,3,"","California Gull",683.39,"",6.52706570685537,22.7304748719344,3.12370652950431,8,16.1317166088213,2.78078730983608
"66",66,66,71,"caster1","Hydroprogne caspia","Caspian Tern","Caspian Tern","waterbird","Charadriiformes","Laridae",9,3,"",NA,655,"",6.48463523563525,21.9499546012078,3.08876507123694,8,15.9534557560723,2.76967546758578
"67",67,67,97,"dunlin","Calidris alpina","Dunlin","Dunlin","shorebird","Charadriiformes","Scolopacidae",12,3,"","Dunlin",51.89,"",3.94912609337965,2.72039032288708,1.00077537107404,8,8.21258179165146,2.10566734317075
"68",68,68,111,"forter","Sterna forsteri","Forster's Tern","Forster's Tern","waterbird","Charadriiformes","Laridae",13,3,"","Forster's Tern",149,"",5.00394630594546,6.48452747902865,1.86941895143271,8,10.825531809167,2.38190740054944
"69",69,69,113,"fragul","Leucophaeus pipixcan","Franklin's Gull","Franklin's Gull","waterbird","Charadriiformes","Laridae",11,3,"",NA,280,"",5.63478960316925,10.9016907246809,2.38891788956247,8,12.7702070031802,2.54711488002898
"70",70,70,116,"gbbgul","Larus marinus","Great Black-backed Gull","Great Black-backed Gull","waterbird","Charadriiformes","Laridae",15,3,"","Great Black-backed Gull",1649.71,"",7.4083547938717,46.9671006401391,3.84944737022519,8,20.3195285418529,3.01158242076065
"71",71,71,117,"glagul","Larus hyperboreus","Glaucous Gull","Glaucous Gull","waterbird","Charadriiformes","Laridae",13,3,"","Glaucous Gull",1529.04,"",7.33239536647634,44.1191903898796,3.78689484403288,8,19.919315648721,2.99168989658242
"72",72,72,129,"greyel","Tringa melanoleuca","Greater Yellowlegs","Greater Yellowlegs","shorebird","Charadriiformes","Scolopacidae",14,3,"","Greater Yellowlegs",161.74,"",5.08599010766768,6.93778080670472,1.93698195489552,8,11.0606451060959,2.40339332224996
"73",73,73,138,"hergul","Larus argentatus","Herring Gull","Herring Gull","waterbird","Charadriiformes","Laridae",12,3,"","Herring Gull",1090.99,"",6.99484081988822,33.4121281263906,3.50891895162804,8,18.2340352259442,2.90328991504327
"74",74,74,148,"hudgod","Limosa haemastica","Hudsonian Godwit","Hudsonian Godwit","shorebird","Charadriiformes","Scolopacidae",17,3,"","Hudsonian Godwit",253.29,"",5.53453507734952,10.0378040451043,2.3063583697336,8,12.4392882286969,2.52085986933142
"75",75,75,151,"killde","Charadrius vociferus","Killdeer","Killdeer","shorebird","Charadriiformes","Charadriidae",10,3,"","Killdeer",96.44,"",4.56892105331297,4.53205741779544,1.51117601250197,8,9.65988211666512,2.26798144490619
"76",76,76,154,"laugul","Leucophaeus atricilla","Laughing Gull","Laughing Gull","waterbird","Charadriiformes","Laridae",11,3,"",NA,307.41,"",5.72818236147974,11.7732116260077,2.4658267494724,8,13.0863919351505,2.57157290672121
"77",77,77,155,"lbbgul","Larus fuscus","Lesser Black-backed Gull","Lesser Black-backed Gull","waterbird","Charadriiformes","Laridae",7,3,"","Lesser Black-backed Gull",762.36,"",6.63641888506644,24.872400675288,3.21375878211882,8,16.6003720520143,2.80942510788328
"78",78,78,159,"leasan","Calidris minutilla","Least Sandpiper","Least Sandpiper","shorebird","Charadriiformes","Scolopacidae",11,3,"","Least Sandpiper",22.88,"",3.1302631665116,1.38602844280489,0.326442422061397,8,6.62745332421498,1.89122061641237
"79",79,79,161,"lesyel","Tringa flavipes","Lesser Yellowlegs","Lesser Yellowlegs","shorebird","Charadriiformes","Scolopacidae",13,3,"","Lesser Yellowlegs",77.5,"",4.3502779363593,3.78529409848396,1.33112358492341,8,9.12230405864557,2.21072241018801
"80",80,80,165,"lobcur","Numenius americanus","Long-billed Curlew","Long-billed Curlew","shorebird","Charadriiformes","Scolopacidae",12,3,"","Long-billed Curlew",583.86,"",6.36966122806195,19.967063084749,2.99408407025031,8,15.4802600453427,2.73956566681523
"81",81,81,166,"lobdow","Limnodromus scolopaceus","Long-billed Dowitcher","Long-billed Dowitcher","shorebird","Charadriiformes","Scolopacidae",14,3,"","Long-billed Dowitcher",104.4,"",4.64822967544854,4.83792832860643,1.57648659781734,8,9.86261225469015,2.28875106807834
"82",82,82,173,"margod","Limosa fedoa","Marbled Godwit","Marbled Godwit","shorebird","Charadriiformes","Scolopacidae",15,3,"","Marbled Godwit",357.02,"",5.87779180261941,13.3168480151251,2.58903000160852,8,13.6092969388812,2.61075315764216
"83",83,83,202,"pecsan","Calidris melanotos","Pectoral Sandpiper","Pectoral Sandpiper","shorebird","Charadriiformes","Scolopacidae",14,3,"","Pectoral Sandpiper",79.73,"",4.3786459265144,3.87476339490386,1.35448460156146,8,9.19032701972336,2.21815152003518
"84",84,84,210,"pipplo","Charadrius melodus","Piping Plover","Piping Plover","shorebird","Charadriiformes","Charadriidae",16,3,"","Piping Plover",54.39,"",3.99618031343487,2.8278719925792,1.0395244827168,8,8.31440929441094,2.11799006916056
"85",85,85,216,"pursan","Calidris maritima","Purple Sandpiper","Purple Sandpiper","shorebird","Charadriiformes","Scolopacidae",12,3,"","Purple Sandpiper",65.1,"",4.17592454921452,3.27901710223777,1.18754371353594,8,8.71514334532292,2.1650621269518
"86",86,86,223,"redkno","Calidris canutus","Red Knot","Red Knot","shorebird","Charadriiformes","Scolopacidae",13,3,"","Red Knot",141.87,"",4.95491114532389,6.22789588668232,1.82903853685744,8,10.6874045028833,2.36906589882023
"87",87,87,231,"ribgul","Larus delawarensis","Ring-billed Gull","Ring-billed Gull","waterbird","Charadriiformes","Laridae",8,3,"","Ring-billed Gull",516.31,"",6.24670736028219,18.0443327593111,2.89283166092516,8,14.9897415723019,2.70736607195935
"88",88,88,236,"rocsan","Calidris ptilocnemis","Rock Sandpiper","Rock Sandpiper","shorebird","Charadriiformes","Scolopacidae",15,3,"","Rock Sandpiper",81.32,"",4.39839198876015,3.93828546579458,1.37074546763399,8,9.23797484331562,2.22332268883038
"89",89,89,240,"royter1","Thalasseus maximus","Royal Tern","Royal Tern","waterbird","Charadriiformes","Laridae",11,3,"",NA,415.31,"",6.02902522932586,15.083035033951,2.71357060452763,8,14.1591166615608,2.65035870366156
"90",90,90,244,"rudtur","Arenaria interpres","Ruddy Turnstone","Ruddy Turnstone","shorebird","Charadriiformes","Scolopacidae",14,3,"","Ruddy Turnstone",135.98,"",4.91250781609831,6.01417648602951,1.79411943000032,8,10.5693802433614,2.3579611646117
"91",91,91,247,"sabgul","Xema sabini","Sabine's Gull","Sabine's Gull","waterbird","Charadriiformes","Laridae",12,3,"","Sabine's Gull",198,"",5.28826703069454,8.19526734981109,2.10355683519155,8,11.662357180721,2.45636632007241
"92",92,92,249,"sander","Calidris alba","Sanderling","Sanderling","shorebird","Charadriiformes","Scolopacidae",13,3,"","Sanderling",51.71,"",3.94565118640813,2.7126168276258,0.99791378803155,8,8.20511156964005,2.10475732221195
"93",93,93,250,"santer1","Thalasseus sandvicensis","Sandwich Tern","Sandwich Tern","waterbird","Charadriiformes","Laridae",10,3,"",NA,199.83,"",5.2974670050932,8.2575918923194,2.11113300656717,8,11.6904894296843,2.4587756419886
"94",94,94,254,"semsan","Calidris pusilla","Semipalmated Sandpiper","Semipalmated Sandpiper","shorebird","Charadriiformes","Scolopacidae",14,3,"","Semipalmated Sandpiper",27.5,"",3.31418600467253,1.61268860714008,0.477902728516104,8,6.95448643419263,1.93938698141143
"95",95,95,255,"shbdow","Limnodromus griseus","Short-billed Dowitcher","Short-billed Dowitcher","shorebird","Charadriiformes","Scolopacidae",15,3,"","Short-billed Dowitcher",110.53,"",4.70528697732286,5.07067142163686,1.6234732391381,8,10.0110895804892,2.3036934366032
"96",96,96,262,"snoplo5","Anarhynchus nivosus","Snowy Plover",NA,"shorebird","Charadriiformes","Charadriidae",14,3,"",NA,45.25,"AAB",3.81220267014594,2.43031054208509,0.888019044284105,8,7.92331240701572,2.06980935160026
"97",97,97,263,"solsan","Tringa solitaria","Solitary Sandpiper","Solitary Sandpiper","shorebird","Charadriiformes","Scolopacidae",10,3,"","Solitary Sandpiper",48.4,"",3.87949981372259,2.5687982610757,0.943438186852617,8,8.06419075495745,2.08743336617789
"98",98,98,266,"sposan","Actitis macularius","Spotted Sandpiper","Spotted Sandpiper","shorebird","Charadriiformes","Scolopacidae",12,3,"","Spotted Sandpiper",40.4,"",3.6988297849671,2.21368061366582,0.794656566276804,8,7.6915233470134,2.04011885843952
"99",99,99,268,"stisan","Calidris himantopus","Stilt Sandpiper","Stilt Sandpiper","shorebird","Charadriiformes","Scolopacidae",15,3,"","Stilt Sandpiper",57.24,"",4.04725295468825,2.94934396513959,1.08158276092214,8,8.42636224140141,2.131365153542
"100",100,100,282,"uplsan","Bartramia longicauda","Upland Sandpiper","Upland Sandpiper","shorebird","Charadriiformes","Scolopacidae",11,1,"","Upland Sandpiper",158.92,"",5.0684009309464,6.83801361493086,1.92249728228428,8,11.0098134431757,2.39878700628365
"101",101,101,286,"wantat1","Tringa incana","Wandering Tattler","Wandering Tattler","shorebird","Charadriiformes","Scolopacidae",14,3,"",NA,108.24,"",4.68435098386253,4.98399842605632,1.60623246568581,8,9.95635105372356,2.29821064440235
"102",102,102,289,"wesgul","Larus occidentalis","Western Gull","Western Gull","waterbird","Charadriiformes","Laridae",15,3,"","Western Gull",922.78,"",6.82739085289611,29.1083199159207,3.37102404107721,8,17.4517080076723,2.85943752395433
"103",103,103,290,"wessan","Calidris mauri","Western Sandpiper","Western Sandpiper","shorebird","Charadriiformes","Scolopacidae",14,3,"","Western Sandpiper",27.82,"",3.3257551864953,1.6281264560389,0.487429940263315,8,6.97558893848768,1.94241675976842
"104",104,104,300,"willet1","Tringa semipalmata","Willet","Willet","shorebird","Charadriiformes","Scolopacidae",14,3,"",NA,245.7,"",5.50411127952713,9.7894414046493,2.28130439716679,8,12.3405720809234,2.512892377283
"105",105,105,301,"wilpha","Phalaropus tricolor","Wilson's Phalarope","Wilson's Phalarope","shorebird","Charadriiformes","Scolopacidae",11,3,"",NA,59.39,"",4.08412586202777,3.04027377792071,1.11194756988965,8,8.50812476154276,2.1410215612576
"106",106,106,302,"wilsni1","Gallinago delicata","Wilson's Snipe","Wilson's Snipe","shorebird","Charadriiformes","Scolopacidae",9,3,"",NA,112.5,"AAB",4.72295322164447,5.14497945898364,1.63802137685504,8,10.0575131800018,2.30831993530595
"107",107,107,311,"y00478","Larus glaucoides","Iceland Gull","Iceland Gull","waterbird","Charadriiformes","Laridae",11,3,"","Iceland Gull",693.31,"",6.5414772296148,23.0018444612884,3.13557440668285,8,16.1927150125803,2.78456145051574
"108",108,108,308,"woosto","Mycteria americana","Wood Stork","Wood Stork","waterbird","Ciconiiformes","Ciconiidae",10,3,"","Wood Stork",2554.47,"",7.84560004472068,67.3241138182825,4.20951847586736,9,19.8310168586116,2.98724722001737
"109",109,109,106,"eucdov","Streptopelia decaocto","Eurasian Collared-Dove","Eurasian Collared-Dove","landbird","Columbiformes","Columbidae",5,1,"","Eurasian Collared-dove",148.96,"",5.00367781352876,6.48309388719276,1.86919784814765,10,9.51800100835202,2.2531848486405
"110",110,110,178,"moudov","Zenaida macroura","Mourning Dove","Mourning Dove","landbird","Columbiformes","Columbidae",7,1,"","Mourning Dove",118.93,"",4.77853508473915,5.38594614652155,1.68379299555025,10,8.97303234066075,2.19422367252883
"111",111,111,235,"rocpig","Columba livia","Rock Pigeon","Rock Pigeon","landbird","Columbiformes","Columbidae",7,1,"","Rock Pigeon",354.2,"",5.86986172534873,13.2301668492119,2.58249958947681,10,11.9415529548318,2.48002416272572
"112",112,112,27,"belkin1","Megaceryle alcyon","Belted Kingfisher","Belted Kingfisher","landbird","Coraciiformes","Alcedinidae",10,3,"","Belted Kingfisher",148,"",4.99721227376411,6.44866724936404,1.8638734814516,11,14.1216167524485,2.64770672639199
"113",113,113,30,"bkbcuc","Coccyzus erythropthalmus","Black-billed Cuckoo","Black-billed Cuckoo","landbird","Cuculiformes","Cuculidae",12,1,"","Black-billed Cuckoo",50.9,"",3.92986292355648,2.67757669320179,0.984912166515648,12,9.7468032112666,2.27693935547922
"114",114,114,314,"yebcuc","Coccyzus americanus","Yellow-billed Cuckoo","Yellow-billed Cuckoo","landbird","Cuculiformes","Cuculidae",11,1,"","Yellow-billed Cuckoo",64,"",4.15888308335967,3.23332196344332,1.17351008037422,12,10.3492698049173,2.33691596697306
"115",115,115,8,"amekes","Falco sparverius","American Kestrel","American Kestrel","landbird","Falconiformes","Falconidae",10,1,"","American Kestrel",114.61,"",4.74153506050861,5.22431404472989,1.65332350592718,13,12.8213416666869,2.5511111002044
"116",116,116,175,"merlin","Falco columbarius","Merlin","Merlin","landbird","Falconiformes","Falconidae",8,1,"","Merlin",188.5,"",5.23909800688807,7.87006392011577,2.06306618439325,13,14.6057406819771,2.68141464882814
"117",117,117,203,"perfal","Falco peregrinus","Peregrine Falcon","Peregrine Falcon","landbird","Falconiformes","Falconidae",9,1,"","Peregrine Falcon",759.95,"",6.63325264164247,24.8076328804507,3.21115138325471,13,21.0420077327915,3.04652080787921
"118",118,118,183,"norbob","Colinus virginianus","Northern Bobwhite","Northern Bobwhite","landbird","Galliformes","Odontophoridae",12,1,"","Northern Bobwhite",171.89,"",5.14685473734007,7.29437809538654,1.98710392753693,14,8.76346806541466,2.1705917244798
"119",119,119,233,"rinphe1","Phasianus colchicus","Ring-necked Pheasant","Ring-necked Pheasant","landbird","Galliformes","Phasianidae",8,1,"","Common Pheasant",1120.31,"",7.02136071170533,34.1498454641867,3.53075806079973,14,14.3176636536884,2.66149399554626
"120",120,120,245,"rufgro","Bonasa umbellus","Ruffed Grouse","Ruffed Grouse","landbird","Galliformes","Phasianidae",8,1,"","Ruffed Grouse",530.91,"",6.2745925153512,18.4634862083116,2.91579506326562,14,11.7744001089534,2.46592769244361
"121",121,121,267,"sprgro","Canachites canadensis","Spruce Grouse","Spruce Grouse","landbird","Galliformes","Phasianidae",8,1,"",NA,473.65,"",6.16046865232154,16.8073141143256,2.82181415561378,14,11.4277034035026,2.43604053054053
"122",122,122,303,"wiltur","Meleagris gallopavo","Wild Turkey","Wild Turkey","landbird","Galliformes","Phasianidae",7,1,"","Wild Turkey",5791.37,"",8.66412415743136,132.101743754081,4.88357241169915,14,22.0146185341565,3.0917067115153
"123",123,123,86,"comloo","Gavia immer","Common Loon","Common Loon","waterbird","Gaviiformes","Gaviidae",9,5,"","Common Loon",4956.81,"",8.50851766765111,116.213683414371,4.7554305949236,15,20.525356403696,3.02166101955782
"124",124,124,200,"pacloo","Gavia pacifica","Pacific Loon","Pacific Loon","waterbird","Gaviiformes","Gaviidae",10,5,"","Pacific Loon",2251.1,"",7.71917426462012,60.6674281099075,4.10540694959213,15,16.6922571863243,2.81494497037027
"125",125,125,229,"retloo","Gavia stellata","Red-throated Loon","Red-throated Loon","waterbird","Gaviiformes","Gaviidae",9,5,"","Red-throated Loon",1486,"",7.3038432252777,43.0939311737395,3.76338217916143,15,14.9719223717539,2.70617660513386
"126",126,126,83,"comgal1","Gallinula galeata","Common Gallinule","Common Gallinule","waterbird","Gruiformes","Rallidae",8,3,"",NA,383,"AAB",5.94803498918065,14.1098792513006,2.64687520815983,16,10.4232144703663,2.34403547919005
"127",127,127,152,"kinrai4","Rallus elegans","King Rail","King Rail","waterbird","Gruiformes","Rallidae",15,3,"","King Rail",313.31,"",5.74719311573795,11.9589755681862,2.48148209001997,16,9.8891509958305,2.29143829724101
"128",128,128,163,"limpki","Aramus guarauna","Limpkin","Limpkin","waterbird","Gruiformes","Aramidae",8,3,"","Limpkin",1080,"",6.98471632011827,33.1347120192291,3.50058143436704,16,13.674397132101,2.61552526193231
"129",129,129,214,"purgal2","Porphyrio martinica","Purple Gallinule",NA,"waterbird","Gruiformes","Rallidae",11,3,"","Yellow-legged Gallinule",235.06,"",5.45984080070471,9.43897783540829,2.24484769414726,16,9.17227598146481,2.21618545410521
"130",130,130,248,"sancra","Antigone canadensis","Sandhill Crane","Sandhill Crane","waterbird","Gruiformes","Gruidae",8,3,"",NA,4296.22,"",8.3654908453058,103.301110258141,4.63764812396852,16,19.6313423876845,2.97712739044769
"131",131,131,265,"sora","Porzana carolina","Sora","Sora","waterbird","Gruiformes","Rallidae",9,3,"","Sora",74.8,"",4.31481788498043,3.67635679953726,1.3019222616813,16,6.79592245250219,1.91632279298858
"132",132,132,285,"virrai","Rallus limicola","Virginia Rail","Virginia Rail","waterbird","Gruiformes","Rallidae",10,3,"","Virginia Rail",84.1,"",4.4320065669789,4.04882633479201,1.39842704524157,16,7.00772127577127,1.94701258055024
"133",133,133,310,"y00475","Fulica americana","American Coot","American Coot","waterbird","Gruiformes","Rallidae",10,3,"","American Coot",636.74,"",6.45636140898556,21.4447872709345,3.0654815981684,16,11.9073731942067,2.47715780439887
"134",134,134,1,"acafly","Empidonax virescens","Acadian Flycatcher","Acadian Flycatcher","landbird","Passeriformes","Tyrannidae",10,1,"","Acadian Flycatcher",12.6,"",2.53369681395743,0.848038299053881,-0.164829480231462,18,6.39412916294161,1.85538025108135
"135",135,135,2,"aldfly","Empidonax alnorum","Alder Flycatcher","Alder Flycatcher","landbird","Passeriformes","Tyrannidae",8,1,"","Alder Flycatcher",12.7,"",2.54160199346455,0.853576959604265,-0.158319571387628,18,6.40738023382252,1.85745048752034
"136",136,136,6,"amecro","Corvus brachyrhynchos","American Crow","American Crow","landbird","Passeriformes","Corvidae",8,1,"","American Crow",448.76,"",6.10648822367676,16.0765440256801,2.77736131687528,18,16.2978880775988,2.79103553362686
"137",137,137,7,"amegfi","Spinus tristis","American Goldfinch","American Goldfinch","landbird","Passeriformes","Fringillidae",8,1,"",NA,12.79,"",2.54866361559075,0.858555175240691,-0.152504331355465,18,6.41924051051764,1.85929981016139
"138",138,138,9,"amepip","Anthus rubescens","American Pipit","American Pipit","landbird","Passeriformes","Motacillidae",9,2,"Tricky one, hang out on shorelines but not as important for habitat as for other species.","American Pipit",20.68,"",3.02916704964023,1.27531072230924,0.243189852691405,18,7.28003560656026,1.98513575320766
"139",139,139,10,"amered","Setophaga ruticilla","American Redstart","American Redstart","landbird","Passeriformes","Parulidae",9,1,"","American Redstart",8.24,"",2.10900034392138,0.59775956257174,-0.514566675161057,18,5.72108935334208,1.74415923364757
"140",140,140,11,"amerob","Turdus migratorius","American Robin","American Robin","landbird","Passeriformes","Turdidae",7,1,"","American Robin",78.5,"",4.36309862478836,3.8254702899251,1.34168141133497,18,10.3239917616341,2.33447048387408
"141",141,141,14,"amtspa","Spizelloides arborea","American Tree Sparrow","American Tree Sparrow","landbird","Passeriformes","Passerellidae",12,1,"",NA,17.83,"",2.88088243187505,1.12871248748522,0.121077591518152,18,7.00274665744455,1.94630245172949
"142",142,142,17,"babwar","Setophaga castanea","Bay-breasted Warbler","Bay-breasted Warbler","landbird","Passeriformes","Parulidae",10,1,"",NA,11.8,"",2.46809953147162,0.803443198751618,-0.218848788585131,18,6.28522349927295,1.83820140215345
"143",143,143,20,"balori","Icterus galbula","Baltimore Oriole","Baltimore Oriole","landbird","Passeriformes","Icteridae",11,1,"","Baltimore Oriole",32.83,"",3.4913427315135,1.86598888878718,0.623791147845353,18,8.21672704055669,2.10617195952869
"144",144,144,21,"banswa","Riparia riparia","Bank Swallow","Bank Swallow","landbird","Passeriformes","Hirundinidae",11,2,"""Presently breeds primarily in lowland areas along ocean coasts, rivers, streams, lakes, reservoirs, and wetlands (Cramp 1988, Turner and Rose 1989a, Am. Ornithol. Union American Ornithologists' Union 1998a). ""","Sand Martin",12.68,"",2.54002594900908,0.8524698451529,-0.159617442704741,18,6.40473619668614,1.85703774741011
"145",145,145,23,"barswa","Hirundo rustica","Barn Swallow","Barn Swallow","landbird","Passeriformes","Hirundinidae",9,2,"","Barn Swallow",17.91,"",2.88535921607262,1.13288131040571,0.124764219635007,18,7.01096146501241,1.94747484784864
"146",146,146,24,"bawwar","Mniotilta varia","Black-and-white Warbler","Black-and-white Warbler","landbird","Passeriformes","Parulidae",9,1,"","Black-and-white Warbler",10.9,"",2.3887627892351,0.752629254162325,-0.284182530780582,18,6.15598275591654,1.81742441478956
"147",147,147,28,"belvir","Vireo bellii","Bell's Vireo","Bell's Vireo","landbird","Passeriformes","Vireonidae",10,1,"","Bell's Vireo",8.5,"",2.14006616349627,0.613249140000994,-0.488983998207352,18,5.76782385169778,1.75229486062898
"148",148,148,29,"bicthr","Catharus bicknelli","Bicknell's Thrush","Bicknell's Thrush","landbird","Passeriformes","Turdidae",17,1,"","Bicknell's Thrush",27.79,"",3.32467624375441,1.62668049437415,0.48654143180066,18,7.86580394042439,2.0625247487593
"149",149,149,32,"bkbwar","Setophaga fusca","Blackburnian Warbler","Blackburnian Warbler","landbird","Passeriformes","Parulidae",10,1,"",NA,9.74,"",2.27624111765444,0.686023061079328,-0.376844035087567,18,5.97722755243906,1.78795684046409
"150",150,150,34,"bkcchi","Poecile atricapillus","Black-capped Chickadee","Black-capped Chickadee","landbird","Passeriformes","Paridae",7,1,"",NA,10.8,"",2.37954613413017,0.746938490925969,-0.29177243870413,18,6.1411420375907,1.81501072447087
"151",151,151,35,"bkpwar","Setophaga striata","Blackpoll Warbler","Blackpoll Warbler","landbird","Passeriformes","Parulidae",11,1,"",NA,11.84,"",2.47148362945586,0.805685358573765,-0.216061986669225,18,6.29079618210358,1.83908764173267
"152",152,152,39,"blugrb1","Passerina caerulea","Blue Grosbeak","Blue Grosbeak","landbird","Passeriformes","Cardinalidae",7,1,"","Blue Grosbeak",27.39,"",3.31017798327499,1.60737453799603,0.474602126180808,18,7.83599524210507,2.05872789289797
"153",153,153,40,"blujay","Cyanocitta cristata","Blue Jay","Blue Jay","landbird","Passeriformes","Corvidae",8,1,"","Blue Jay",88,"",4.47733681447821,4.20282310312945,1.43575646689776,18,10.6375222552562,2.3643875860483
"154",154,154,41,"bnhcow","Molothrus ater","Brown-headed Cowbird","Brown-headed Cowbird","landbird","Passeriformes","Icteridae",8,1,"","Brown-headed Cowbird",40.26,"",3.69535842021165,2.20736147654786,0.791797900246336,18,8.66767259672109,2.15960031147034
"155",155,155,42,"bnhnut","Sitta pusilla","Brown-headed Nuthatch","Brown-headed Nuthatch","landbird","Passeriformes","Sittidae",13,1,"","Brown-headed Nuthatch",10.2,"",2.32238772029023,0.712594783904459,-0.338842345645696,18,6.04990080708944,1.80004187638594
"156",156,156,43,"boboli","Dolichonyx oryzivorus","Bobolink","Bobolink","landbird","Passeriformes","Icteridae",14,1,"","Bobolink",31.46,"",3.44871689763013,1.8016245913263,0.588688808584942,18,8.12551373395527,2.09500895501144
"157",157,157,44,"bohwax","Bombycilla garrulus","Bohemian Waxwing","Bohemian Waxwing","landbird","Passeriformes","Bombycillidae",11,1,"","Bohemian Waxwing",54.41,"",3.99654796049783,2.82872828039256,1.03982723977177,18,9.3790351590453,2.2384768962185
"158",158,158,46,"botgra","Quiscalus major","Boat-tailed Grackle","Boat-tailed Grackle","landbird","Passeriformes","Icteridae",13,1,"","Boat-tailed Grackle",151.21,"",5.01866959912458,6.56362847543588,1.88154357129629,18,12.2576929415593,2.50615373511358
"159",159,159,49,"brebla","Euphagus cyanocephalus","Brewer's Blackbird","Brewer's Blackbird","landbird","Passeriformes","Icteridae",11,1,"","Brewer's Blackbird",62.48,"",4.13484650553143,3.16995051778766,1.15371597823665,18,9.72495254267252,2.27469500956176
"160",160,160,50,"brncre","Certhia americana","Brown Creeper","Brown Creeper","landbird","Passeriformes","Certhiidae",8,1,"","American Treecreeper",8.1,"",2.09186406167839,0.589383390433892,-0.528678389540683,18,5.69547228539564,1.73967152329308
"161",161,161,53,"brnthr","Toxostoma rufum","Brown Thrasher","Brown Thrasher","landbird","Passeriformes","Mimidae",11,1,"","Brown Thrasher",68.8,"",4.2312037449393,3.43173541766906,1.23306608590015,18,9.97347815353648,2.29992938507504
"162",162,162,55,"btbwar","Setophaga caerulescens","Black-throated Blue Warbler","Black-throated Blue Warbler","landbird","Passeriformes","Parulidae",10,1,"",NA,10.14,"",2.31648799816304,0.709141098280572,-0.343700761981136,18,6.04056068473195,1.79849683623642
"163",163,163,56,"btnwar","Setophaga virens","Black-throated Green Warbler","Black-throated Green Warbler","landbird","Passeriformes","Parulidae",11,1,"",NA,8.69,"",2.1621729392773,0.624515527100798,-0.470779086473712,18,5.8013129432195,1.75808426145526
"164",164,164,59,"buggna","Polioptila caerulea","Blue-gray Gnatcatcher","Blue-gray Gnatcatcher","landbird","Passeriformes","Polioptilidae",8,1,"","Blue-grey Gnatcatcher",5.8,"",1.75785791755237,0.447655115090837,-0.803732175426795,18,5.21845201973692,1.65220080997239
"165",165,165,60,"buhvir","Vireo solitarius","Blue-headed Vireo","Blue-headed Vireo","landbird","Passeriformes","Vireonidae",8,1,"","Blue-headed Vireo",15.3,"",2.72785282839839,0.995070030887489,-0.00494216149880078,18,6.72765414863592,1.90622651656875
"166",166,166,62,"buwwar","Vermivora cyanoptera","Blue-winged Warbler","Blue-winged Warbler","landbird","Passeriformes","Parulidae",14,1,"",NA,8.9,"",2.18605127673809,0.636917404457494,-0.451115295149024,18,5.83770421181828,1.76433760513573
"167",167,167,65,"camwar","Setophaga tigrina","Cape May Warbler","Cape May Warbler","landbird","Passeriformes","Parulidae",11,1,"",NA,10.04,"",2.30657711426358,0.703376923368068,-0.351862366747886,18,6.02490275392739,1.79590133881947
"168",168,168,68,"canwar","Cardellina canadensis","Canada Warbler","Canada Warbler","landbird","Passeriformes","Parulidae",13,1,"",NA,10.04,"",2.30657711426358,0.703376923368068,-0.351862366747886,18,6.02490275392739,1.79590133881947
"169",169,169,69,"carchi","Poecile carolinensis","Carolina Chickadee","Carolina Chickadee","landbird","Passeriformes","Paridae",9,1,"",NA,9.99,"",2.30158459266046,0.700491039968557,-0.355973704195435,18,6.01703058642428,1.79459387955989
"170",170,170,70,"carwre","Thryothorus ludovicianus","Carolina Wren","Carolina Wren","landbird","Passeriformes","Troglodytidae",7,1,"","Carolina Wren",18.96,"",2.94233149682688,1.18729884172231,0.171680846133087,18,7.11634998015758,1.96239495074112
"171",171,171,73,"cedwax","Bombycilla cedrorum","Cedar Waxwing","Cedar Waxwing","landbird","Passeriformes","Bombycillidae",8,1,"","Cedar Waxwing",31.58,"",3.4525240088275,1.80728182348908,0.59182396153509,18,8.13361907178522,2.09600597479081
"172",172,172,74,"cerwar","Setophaga cerulea","Cerulean Warbler","Cerulean Warbler","landbird","Passeriformes","Parulidae",14,1,"",NA,9.04,"",2.20165917440409,0.645156597898029,-0.438262204215661,18,5.86161437766862,1.76842505671796
"173",173,173,75,"chispa","Spizella passerina","Chipping Sparrow","Chipping Sparrow","landbird","Passeriformes","Passerellidae",9,1,"","Chipping Sparrow",12.2,"",2.50143595173921,0.825805278289198,-0.191396273822313,18,6.34033535458509,1.84693166209521
"174",174,174,77,"chswar","Setophaga pensylvanica","Chestnut-sided Warbler","Chestnut-sided Warbler","landbird","Passeriformes","Parulidae",12,1,"",NA,9.29,"",2.22893855282575,0.659813764719598,-0.415797658447703,18,5.90363980656791,1.77556907706444
"175",175,175,81,"clcspa","Spizella pallida","Clay-colored Sparrow","Clay-colored Sparrow","landbird","Passeriformes","Passerellidae",10,1,"","Clay-coloured Sparrow",11.2,"",2.41591377830105,0.769646690038204,-0.261823713541805,18,6.19991022480679,1.82453481207634
"176",176,176,82,"cliswa","Petrochelidon pyrrhonota","Cliff Swallow","Cliff Swallow","landbird","Passeriformes","Hirundinidae",5,2,"","Cliff Swallow",21.6,"",3.07269331469012,1.32185188460943,0.279033696279318,18,7.3634941286965,1.99653456583148
"177",177,177,85,"comgra","Quiscalus quiscula","Common Grackle","Common Grackle","landbird","Passeriformes","Icteridae",10,1,"","Common Grackle",105.18,"",4.6556731681612,4.86767450154358,1.58261630796441,18,11.1461142865064,2.41109094268408
"178",178,178,89,"comrav","Corvus corax","Common Raven","Common Raven","landbird","Passeriformes","Corvidae",6,1,"","Common Raven",927.97,"",6.83299940467745,29.2430716475922,3.37564267887152,18,19.71336550486,2.98129685772276
"179",179,179,90,"comred","Acanthis flammea","Common Redpoll","Common Redpoll","landbird","Passeriformes","Fringillidae",9,1,"",NA,13,"",2.56494935746154,0.870147069450102,-0.139093036275117,18,6.44667683068519,1.86356477798742
"180",180,180,91,"comyel","Geothlypis trichas","Common Yellowthroat","Common Yellowthroat","landbird","Passeriformes","Parulidae",9,2,"","Common Yellowthroat",9.54,"",2.2554934854602,0.674401469588556,-0.393929693191652,18,5.94483857663598,1.78252337697948
"181",181,181,93,"daejun","Junco hyemalis","Dark-eyed Junco","Dark-eyed Junco","landbird","Passeriformes","Passerellidae",9,1,"","Dark-eyed Junco",19.5,"",2.9704144655697,1.21507663377797,0.194807147871779,18,7.16887987222054,1.96974941817023
"182",182,182,94,"dickci","Spiza americana","Dickcissel","Dickcissel","landbird","Passeriformes","Cardinalidae",10,1,"","Dickcissel",26.18,"",3.26499576048175,1.54866706478032,0.437394602748725,18,7.74382237182593,2.04689541218873
"183",183,183,98,"easblu","Sialia sialis","Eastern Bluebird","Eastern Bluebird","landbird","Passeriformes","Turdidae",7,1,"","Eastern Bluebird",27.5,"",3.31418600467253,1.61268860714008,0.477902728516104,18,7.84422449393377,2.05977752775293
"184",184,184,99,"easkin","Tyrannus tyrannus","Eastern Kingbird","Eastern Kingbird","landbird","Passeriformes","Tyrannidae",11,2,"","Eastern Kingbird",39.85,"",3.68512240523622,2.18883305519849,0.783368550305053,18,8.64446876757899,2.15691966757438
"185",185,185,100,"easmea","Sturnella magna","Eastern Meadowlark","Eastern Meadowlark","landbird","Passeriformes","Icteridae",11,1,"","Eastern Meadowlark",91.76,"",4.51917647282112,4.35015462847668,1.47021139124507,18,10.7547197434919,2.37534470412744
"186",186,186,102,"easpho","Sayornis phoebe","Eastern Phoebe","Eastern Phoebe","landbird","Passeriformes","Tyrannidae",9,1,"","Eastern Phoebe",19.7,"",2.98061863574394,1.22533009578646,0.203210273645395,18,7.18806292054423,1.97242172243673
"187",187,187,103,"eastow","Pipilo erythrophthalmus","Eastern Towhee","Eastern Towhee","landbird","Passeriformes","Passerellidae",13,1,"","Eastern Towhee",40.03,"",3.68962917300448,2.19697160717777,0.78707986986779,18,8.65467741052655,2.15809991589734
"188",188,188,105,"eawpew","Contopus virens","Eastern Wood-Pewee","Eastern Wood-Pewee","landbird","Passeriformes","Tyrannidae",9,1,"","Eastern Wood-pewee",13.9,"",2.63188884013665,0.919460285603973,-0.0839684271658303,18,6.56068571395832,1.88109512705998
"189",189,189,107,"eursta","Sturnus vulgaris","European Starling","European Starling","landbird","Passeriformes","Sturnidae",9,1,"","Common Starling",77.14,"",4.34562195278008,3.77080831734873,1.32728938626266,18,10.2768483372431,2.32989363104092
"190",190,190,108,"evegro","Coccothraustes vespertinus","Evening Grosbeak","Evening Grosbeak","landbird","Passeriformes","Fringillidae",14,1,"","Evening Grosbeak",57.3,"",4.04830062372069,2.95188962316237,1.08244551551153,18,9.50701614088028,2.25203006716448
"191",191,191,109,"fiespa","Spizella pusilla","Field Sparrow","Field Sparrow","landbird","Passeriformes","Passerellidae",13,1,"","Field Sparrow",12.5,"",2.52572864430826,0.842491874421535,-0.171391261405649,18,6.38080023746333,1.85329351856062
"192",192,192,110,"fiscro","Corvus ossifragus","Fish Crow","Fish Crow","landbird","Passeriformes","Corvidae",11,1,"","Fish Crow",284.6,"",5.65108468565575,11.0489663061387,2.4023368766322,18,14.4655916584014,2.67177284035008
"193",193,193,112,"foxspa","Passerella iliaca","Fox Sparrow","Fox Sparrow","landbird","Passeriformes","Passerellidae",9,1,"","Fox Sparrow",33.25,"",3.50405476710186,1.88562531640882,0.634259498731673,18,8.24412670675127,2.10950103248207
"194",194,194,120,"gockin","Regulus satrapa","Golden-crowned Kinglet","Golden-crowned Kinglet","landbird","Passeriformes","Regulidae",10,1,"","Golden-crowned Kinglet",6.19,"",1.8229350866965,0.472299868746161,-0.750141179983637,18,5.30815039530945,1.66924344977419
"195",195,195,122,"gowwar","Vermivora chrysoptera","Golden-winged Warbler","Golden-winged Warbler","landbird","Passeriformes","Parulidae",15,1,"","Golden-winged Warbler",8.74,"",2.16791018966744,0.627473107492301,-0.466054465480542,18,5.81003591791667,1.7595867529302
"196",196,196,123,"graspa","Ammodramus savannarum","Grasshopper Sparrow","Grasshopper Sparrow","landbird","Passeriformes","Passerellidae",12,1,"","Grasshopper Sparrow",17.61,"",2.86846692250811,1.11723114198543,0.1108534297321,18,6.98001477904956,1.94305103411438
"197",197,197,125,"grcfly","Myiarchus crinitus","Great Crested Flycatcher","Great Crested Flycatcher","landbird","Passeriformes","Tyrannidae",8,1,"","Great Crested Flycatcher",32.1,"",3.46885603013597,1.83175288251093,0.605273367694438,18,8.16848177573457,2.10028306244008
"198",198,198,132,"grycat","Dumetella carolinensis","Gray Catbird","Gray Catbird","landbird","Passeriformes","Mimidae",8,1,"","Grey Catbird",35.3,"",3.56388296393925,1.98085381168832,0.683527969783075,18,8.37431306958188,2.12516905280472
"199",199,199,133,"gryjay","Perisoreus canadensis","Canada Jay","Canada Jay","landbird","Passeriformes","Corvidae",9,1,"","Grey Jay",71.58,"",4.27081570533788,3.54552591434759,1.26568650281646,18,10.0774787335599,2.31030310571769
"200",200,200,135,"gycthr","Catharus minimus","Gray-cheeked Thrush","Gray-cheeked Thrush","landbird","Passeriformes","Turdidae",9,1,"","Grey-cheeked Thrush",31.58,"",3.4525240088275,1.80728182348908,0.59182396153509,18,8.13361907178522,2.09600597479081
"201",201,201,137,"henspa","Centronyx henslowii","Henslow's Sparrow","Henslow's Sparrow","landbird","Passeriformes","Passerellidae",15,1,"",NA,12.8,"",2.54944517092557,0.859107927949012,-0.151860721177921,18,6.42055451255225,1.85950448664366
"202",202,202,139,"herthr","Catharus guttatus","Hermit Thrush","Hermit Thrush","landbird","Passeriformes","Turdidae",9,1,"","Hermit Thrush",30.1,"",3.40452517175483,1.73723880405139,0.552296958552815,18,8.03201852340158,2.08343586914711
"203",203,203,140,"hoared","Acanthis hornemanni","Hoary Redpoll","Hoary Redpoll","landbird","Passeriformes","Fringillidae",9,1,"",NA,15.2,"",2.72129542785223,0.989711120931796,-0.0103421754731312,18,6.7161108286663,1.90450924126292
"204",204,204,142,"hoowar","Setophaga citrina","Hooded Warbler","Hooded Warbler","landbird","Passeriformes","Parulidae",10,1,"",NA,10.54,"",2.35517754311322,0.73209868873621,-0.311839953430433,18,6.10207569673346,1.80862899145081
"205",205,205,144,"horlar","Eremophila alpestris","Horned Lark","Horned Lark","landbird","Passeriformes","Alaudidae",9,1,"","Horned Lark",33.33,"",3.50645789231965,1.88936061024788,0.636238470378556,18,8.24931668977823,2.11013037143494
"206",206,206,145,"houfin","Haemorhous mexicanus","House Finch","House Finch","landbird","Passeriformes","Fringillidae",6,1,"",NA,21.4,"",3.06339092202781,1.31176450798651,0.271373183547543,18,7.34557743247428,1.99409842225727
"207",207,207,146,"houspa","Passer domesticus","House Sparrow","House Sparrow","landbird","Passeriformes","Passeridae",9,1,"","House Sparrow",26.51,"",3.27752202030093,1.56472480869596,0.447709967441414,18,7.76926708382865,2.05017583352496
"208",208,208,147,"houwre","Troglodytes aedon","House Wren","House Wren","landbird","Passeriformes","Troglodytidae",5,1,"","House Wren",10.85,"",2.38416507998647,0.749785029719481,-0.287968740577854,18,6.14857501682379,1.81622035038928
"209",209,209,149,"indbun","Passerina cyanea","Indigo Bunting","Indigo Bunting","landbird","Passeriformes","Cardinalidae",10,1,"","Indigo Bunting",14.69,"",2.68716699018579,0.96228278528553,-0.0384469159146485,18,6.65635185529436,1.89557156499647
"210",210,210,150,"kenwar","Geothlypis formosa","Kentucky Warbler","Kentucky Warbler","landbird","Passeriformes","Parulidae",14,1,"",NA,14,"",2.63905732961526,0.924904137517364,-0.078065181956565,18,6.57301371931635,1.8829724365022
"211",211,211,153,"laplon","Calcarius lapponicus","Lapland Longspur","Lapland Longspur","landbird","Passeriformes","Calcariidae",10,1,"","Lapland Longspur",27.84,"",3.32647383546622,1.62909027757939,0.488021747101757,18,7.86950771558461,2.06299550845057
"212",212,212,157,"leafly","Empidonax minimus","Least Flycatcher","Least Flycatcher","landbird","Passeriformes","Tyrannidae",11,1,"","Least Flycatcher",10,"",2.30258509299405,0.701068420207434,-0.355149792990889,18,6.01860734269289,1.79485589413476
"213",213,213,164,"linspa","Melospiza lincolnii","Lincoln's Sparrow","Lincoln's Sparrow","landbird","Passeriformes","Passerellidae",7,1,"","Lincoln's Sparrow",16.6,"",2.8094026953625,1.06419014972044,0.0622140870956076,18,6.87287898639474,1.92758308488345
"214",214,214,168,"logshr","Lanius ludovicianus","Loggerhead Shrike","Loggerhead Shrike","landbird","Passeriformes","Laniidae",11,1,"","Loggerhead Shrike",51.59,"",3.94332785525656,2.70743184452654,0.996000526732782,18,9.24922187490086,2.22453942635357
"215",215,215,170,"louwat","Parkesia motacilla","Louisiana Waterthrush","Louisiana Waterthrush","landbird","Passeriformes","Parulidae",11,2,"",NA,19.9,"",2.99071973173045,1.23556520086336,0.211528517909903,18,7.20710275328945,1.97506703326948
"216",216,216,171,"magwar","Setophaga magnolia","Magnolia Warbler","Magnolia Warbler","landbird","Passeriformes","Parulidae",9,1,"",NA,8.14,"",2.09679018001445,0.591779171306814,-0.524621735129128,18,5.70282458101409,1.74096159262963
"217",217,217,174,"marwre","Cistothorus palustris","Marsh Wren","Marsh Wren","landbird","Passeriformes","Troglodytidae",7,2,"","Marsh Wren",10.8,"",2.37954613413017,0.746938490925969,-0.29177243870413,18,6.1411420375907,1.81501072447087
"218",218,218,179,"mouwar","Geothlypis philadelphia","Mourning Warbler","Mourning Warbler","landbird","Passeriformes","Parulidae",12,1,"",NA,11.74,"",2.46300181439995,0.800077441267508,-0.223046754414795,18,6.2768382726437,1.83686639393157
"219",219,219,181,"naswar","Leiothlypis ruficapilla","Nashville Warbler","Nashville Warbler","landbird","Passeriformes","Parulidae",11,1,"",NA,8.09,"",2.0906287310704,0.588784119267649,-0.529695683283702,18,5.69363002545174,1.7393480105333
"220",220,220,184,"norcar","Cardinalis cardinalis","Northern Cardinal","Northern Cardinal","landbird","Passeriformes","Cardinalidae",6,1,"","Northern Cardinal",42.64,"",3.75279277985759,2.31427172481778,0.839095048332932,18,8.79902944641275,2.17464142522138
"221",221,221,187,"normoc","Mimus polyglottos","Northern Mockingbird","Northern Mockingbird","landbird","Passeriformes","Mimidae",9,1,"","Northern Mockingbird",48.5,"",3.88156379794344,2.57316813268969,0.945137876166537,18,9.10081924164898,2.20836443602549
"222",222,222,188,"norpar","Setophaga americana","Northern Parula","Northern Parula","landbird","Passeriformes","Parulidae",9,1,"",NA,7.84,"",2.05923883436232,0.573759340792849,-0.555545237490929,18,5.64701740629708,1.73112751308317
"223",223,223,191,"norshr4","Lanius borealis","Northern Shrike","Northern Shrike","landbird","Passeriformes","Laniidae",13,1,"",NA,67.5,"AAB",4.21212759787848,3.37824685990858,1.21735689443325,18,9.9237776077781,2.2949336560438
"224",224,224,192,"norwat","Parkesia noveboracensis","Northern Waterthrush","Northern Waterthrush","landbird","Passeriformes","Parulidae",8,2,"",NA,16.3,"",2.79116510781272,1.04832688318287,0.0471954486986323,18,6.84013152869038,1.92280696079028
"225",225,225,193,"nrwswa","Stelgidopteryx serripennis","Northern Rough-winged Swallow","Northern Rough-winged Swallow","landbird","Passeriformes","Hirundinidae",9,2,"","Northern Rough-winged Swallow",15.69,"",2.75302356674494,1.01591117677029,0.0157859208958619,18,6.77214800032371,1.91281831877569
"226",226,226,195,"olsfly","Contopus cooperi","Olive-sided Flycatcher","Olive-sided Flycatcher","landbird","Passeriformes","Tyrannidae",13,1,"","Olive-sided Flycatcher",32.1,"",3.46885603013597,1.83175288251093,0.605273367694438,18,8.16848177573457,2.10028306244008
"227",227,227,196,"orcori","Icterus spurius","Orchard Oriole","Orchard Oriole","landbird","Passeriformes","Icteridae",10,1,"","Orchard Oriole",19.44,"",2.96733279903229,1.2119969825568,0.192269398004421,18,7.16309664942319,1.96894238041064
"228",228,228,197,"orcwar","Leiothlypis celata","Orange-crowned Warbler","Orange-crowned Warbler","landbird","Passeriformes","Parulidae",8,1,"",NA,9.19,"",2.2181159363676,0.653959357318365,-0.424710074229147,18,5.88693101563239,1.77273481189226
"229",229,229,199,"ovenbi1","Seiurus aurocapilla","Ovenbird","Ovenbird","landbird","Passeriformes","Parulidae",9,1,"","Ovenbird",18.8,"",2.9338568698359,1.17904170927504,0.1647019977531,18,7.10057371261168,1.96017558537595
"230",230,230,201,"palwar","Setophaga palmarum","Palm Warbler","Palm Warbler","landbird","Passeriformes","Parulidae",10,1,"",NA,10.3,"",2.33214389523559,0.718342974535144,-0.330808143575817,18,6.0653779563597,1.80259685807343
"231",231,231,204,"phivir","Vireo philadelphicus","Philadelphia Vireo","Philadelphia Vireo","landbird","Passeriformes","Vireonidae",9,1,"","Philadelphia Vireo",11.5,"",2.4423470353692,0.78658385203042,-0.240055948014852,18,6.24297759443162,1.83145724716265
"232",232,232,207,"pingro","Pinicola enucleator","Pine Grosbeak","Pine Grosbeak","landbird","Passeriformes","Fringillidae",12,1,"","Pine Grosbeak",56.4,"",4.03246915850401,2.91365502936889,1.06940831688344,18,9.46768164638624,2.24788406691937
"233",233,233,208,"pinsis","Spinus pinus","Pine Siskin","Pine Siskin","landbird","Passeriformes","Fringillidae",10,1,"",NA,12.7,"",2.54160199346455,0.853576959604265,-0.158319571387628,18,6.40738023382252,1.85745048752034
"234",234,234,209,"pinwar","Setophaga pinus","Pine Warbler","Pine Warbler","landbird","Passeriformes","Parulidae",8,1,"",NA,11.79,"",2.46725171454928,0.802882449332409,-0.21954696512568,18,6.28382815039792,1.83797937285169
"235",235,235,211,"prawar","Setophaga discolor","Prairie Warbler","Prairie Warbler","landbird","Passeriformes","Parulidae",14,1,"",NA,7.64,"",2.03339760317843,0.561678604836716,-0.576825470187502,18,5.6089308375772,1.72436011983459
"236",236,236,212,"prowar","Protonotaria citrea","Prothonotary Warbler","Prothonotary Warbler","landbird","Passeriformes","Parulidae",14,1,"","Prothonotary Warbler",14.3,"",2.66025953726586,0.941194767688085,-0.0606051813368116,18,6.60961195121695,1.88852494581912
"237",237,237,213,"purfin","Haemorhous purpureus","Purple Finch","Purple Finch","landbird","Passeriformes","Fringillidae",8,1,"",NA,23.3,"",3.14845336057165,1.40694689213576,0.341422031958436,18,7.51104703829584,2.01637487527191
"238",238,238,215,"purmar","Progne subis","Purple Martin","Purple Martin","landbird","Passeriformes","Hirundinidae",9,2,"","Purple Martin",53.79,"",3.98508757628515,2.80215740635771,1.03038962276728,18,9.35092819125451,2.2354756101654
"239",239,239,218,"rebnut","Sitta canadensis","Red-breasted Nuthatch","Red-breasted Nuthatch","landbird","Passeriformes","Sittidae",7,1,"","Red-breasted Nuthatch",9.8,"",2.28238238567653,0.689501293395025,-0.371786705905689,18,5.98684844440077,1.78956513750902
"240",240,240,220,"redcro","Loxia curvirostra","Red Crossbill","Red Crossbill","landbird","Passeriformes","Fringillidae",9,1,"","Red Crossbill",38.29,"",3.6451887654892,2.11802326324384,0.750483230708998,18,8.55453630640845,2.14646170440337
"241",241,241,224,"reevir1","Vireo olivaceus","Red-eyed Vireo","Red-eyed Vireo","landbird","Passeriformes","Vireonidae",5,1,"","Red-eyed Vireo",16.06,"",2.77633170851862,1.03559915872486,0.0349801565396248,18,6.8136117380926,1.91892233758785
"242",242,242,230,"rewbla","Agelaius phoeniceus","Red-winged Blackbird","Red-winged Blackbird","landbird","Passeriformes","Icteridae",8,2,"","Red-winged Blackbird",50.78,"",3.92750257627653,2.67237722429099,0.982968422465509,18,9.21096890533718,2.22039504618205
"243",243,243,234,"robgro","Pheucticus ludovicianus","Rose-breasted Grosbeak","Rose-breasted Grosbeak","landbird","Passeriformes","Cardinalidae",10,1,"","Rose-breasted Grosbeak",42,"",3.73766961828337,2.2856287192915,0.826641137173779,18,8.76424974524023,2.17068091804562
"244",244,244,242,"ruckin","Corthylio calendula","Ruby-crowned Kinglet","Ruby-crowned Kinglet","landbird","Passeriformes","Regulidae",7,1,"",NA,6.19,"",1.8229350866965,0.472299868746161,-0.750141179983637,18,5.30815039530945,1.66924344977419
"245",245,245,246,"rusbla","Euphagus carolinus","Rusty Blackbird","Rusty Blackbird","landbird","Passeriformes","Icteridae",12,1,"","Rusty Blackbird",59.57,"",4.0871520916406,3.04785988565676,1.11443966749506,18,9.60423961300555,2.26220462734032
"246",246,246,251,"savspa","Passerculus sandwichensis","Savannah Sparrow","Savannah Sparrow","landbird","Passeriformes","Passerellidae",10,1,"","Savannah Sparrow",19.97,"",2.99423114742772,1.23914319109223,0.214420165858127,18,7.21373332341477,1.97598661526283
"247",247,247,252,"scatan","Piranga olivacea","Scarlet Tanager","Scarlet Tanager","landbird","Passeriformes","Cardinalidae",12,1,"","Scarlet Tanager",28.2,"",3.33932197794407,1.64641826823033,0.498602181899996,18,7.89603097944496,2.06636022555876
"248",248,248,253,"sedwre1","Cistothorus stellaris","Sedge Wren","Sedge Wren","landbird","Passeriformes","Troglodytidae",9,1,"",NA,9.04,"",2.20165917440409,0.645156597898029,-0.438262204215661,18,5.86161437766862,1.76842505671796
"249",249,249,258,"snobun","Plectrophenax nivalis","Snow Bunting","Snow Bunting","landbird","Passeriformes","Calcariidae",11,1,"","Snow Bunting",42.2,"",3.74242022104197,2.29458788057038,0.830553254651175,18,8.7751601749458,2.17192502274041
"250",250,250,264,"sonspa","Melospiza melodia","Song Sparrow","Song Sparrow","landbird","Passeriformes","Passerellidae",9,1,"","Song Sparrow",21.91,"",3.08694315360738,1.33745482958705,0.290768426946367,18,7.39102454089929,2.00026636417327
"251",251,251,269,"sumtan","Piranga rubra","Summer Tanager","Summer Tanager","landbird","Passeriformes","Cardinalidae",8,1,"","Summer Tanager",29.13,"",3.37176857097134,1.69100313637401,0.52532192465985,18,7.96341122879631,2.07485745438773
"252",252,252,271,"swaspa","Melospiza georgiana","Swamp Sparrow","Swamp Sparrow","landbird","Passeriformes","Passerellidae",7,2,"","Swamp Sparrow",16.1,"",2.77881927199042,1.03772276467969,0.0370286630194721,18,6.81805192482011,1.91957378953008
"253",253,253,272,"swathr","Catharus ustulatus","Swainson's Thrush","Swainson's Thrush","landbird","Passeriformes","Turdidae",9,1,"","Swainson's Thrush",30.3,"",3.41114771251532,1.74673899025168,0.557750615440251,18,8.045960816684,2.08517020360323
"254",254,254,273,"swawar","Limnothlypis swainsonii","Swainson's Warbler","Swainson's Warbler","landbird","Passeriformes","Parulidae",13,1,"","Swainson's Warbler",18.9,"",2.9391619220656,1.18420386381394,0.169070703915434,18,7.11044543731512,1.96156489126417
"255",255,255,275,"tenwar","Leiothlypis peregrina","Tennessee Warbler","Tennessee Warbler","landbird","Passeriformes","Parulidae",10,1,"",NA,8.9,"",2.18605127673809,0.636917404457494,-0.451115295149024,18,5.83770421181828,1.76433760513573
"256",256,256,276,"treswa","Tachycineta bicolor","Tree Swallow","Tree Swallow","landbird","Passeriformes","Hirundinidae",10,2,"","Tree Swallow",21.2,"",3.05400118167797,1.30166047783322,0.263640740066693,18,7.32753671202485,1.99163940376093
"257",257,257,279,"tuftit","Baeolophus bicolor","Tufted Titmouse","Tufted Titmouse","landbird","Passeriformes","Paridae",7,1,"","Tufted Titmouse",21.6,"",3.07269331469012,1.32185188460943,0.279033696279318,18,7.3634941286965,1.99653456583148
"258",258,258,283,"veery","Catharus fuscescens","Veery","Veery","landbird","Passeriformes","Turdidae",11,1,"","Veery",31.9,"",3.4626060097908,1.82234927848972,0.600126481063646,18,8.15512272452514,2.09864628495118
"259",259,259,284,"vesspa","Pooecetes gramineus","Vesper Sparrow","Vesper Sparrow","landbird","Passeriformes","Passerellidae",11,1,"","Vesper Sparrow",25.68,"",3.24571247882176,1.52426882506622,0.421514836109198,18,7.70481484523542,2.04184543801422
"260",260,260,287,"warvir","Vireo gilvus","Warbling Vireo","Warbling Vireo","landbird","Passeriformes","Vireonidae",8,1,"","Warbling Vireo",12.67,"",2.53923699433305,0.851916172367224,-0.160267146233708,18,6.40341302363124,1.85683113316213
"261",261,261,291,"whbnut","Sitta carolinensis","White-breasted Nuthatch","White-breasted Nuthatch","landbird","Passeriformes","Sittidae",6,1,"","White-breasted Nuthatch",21,"",3.04452243772342,1.29153960915151,0.25583500219033,18,7.3093699265251,1.98915707668501
"262",262,262,292,"whcspa","Zonotrichia leucophrys","White-crowned Sparrow","White-crowned Sparrow","landbird","Passeriformes","Passerellidae",9,1,"","White-crowned Sparrow",28,"",3.3322045101752,1.63679645929715,0.492740953026883,18,7.88132689876944,2.0644962778628
"263",263,263,293,"whevir","Vireo griseus","White-eyed Vireo","White-eyed Vireo","landbird","Passeriformes","Vireonidae",7,1,"","White-eyed Vireo",11.4,"",2.43361335540045,0.780946896017872,-0.247248126309684,18,6.22871492894525,1.82917004008512
"264",264,264,296,"whtspa","Zonotrichia albicollis","White-throated Sparrow","White-throated Sparrow","landbird","Passeriformes","Passerellidae",9,1,"","White-throated Sparrow",24.4,"",3.19458313229916,1.46142189308487,0.379409861161135,18,7.60233550562372,2.02845550345582
"265",265,265,297,"whwcro","Loxia leucoptera","White-winged Crossbill","White-winged Crossbill","landbird","Passeriformes","Fringillidae",6,1,"","White-winged Crossbill",28.69,"",3.35654862999327,1.66994103219264,0.512788315740962,18,7.93173342281728,2.07087160227853
"266",266,266,299,"wilfly","Empidonax traillii","Willow Flycatcher","Willow Flycatcher","landbird","Passeriformes","Tyrannidae",10,1,"","Willow Flycatcher",13.39,"",2.59450815970308,0.891587776792001,-0.114751386860044,18,6.49677397348166,1.87130574192608
"267",267,267,304,"winwre3","Troglodytes hiemalis","Winter Wren","Winter Wren","landbird","Passeriformes","Troglodytidae",12,1,"",NA,9.74,"",2.27624111765444,0.686023061079328,-0.376844035087567,18,5.97722755243906,1.78795684046409
"268",268,268,305,"wlswar","Cardellina pusilla","Wilson's Warbler","Wilson's Warbler","landbird","Passeriformes","Parulidae",9,1,"",NA,6.96,"",1.94017947434633,0.52017472050815,-0.65359052286514,18,5.47366179996479,1.69994782572935
"269",269,269,306,"woewar1","Helmitheros vermivorum","Worm-eating Warbler","Worm-eating Warbler","landbird","Passeriformes","Parulidae",13,1,"","Worm-eating Warbler",14.16,"",2.65042108826557,0.933600057870425,-0.0687071360234759,18,6.59260402167033,1.8859484179104
"270",270,270,309,"woothr","Hylocichla mustelina","Wood Thrush","Wood Thrush","landbird","Passeriformes","Turdidae",14,1,"","Wood Thrush",50.09,"",3.91382138736953,2.64243799672029,0.971701974615749,18,9.17802617522145,2.21681216792123
"271",271,271,313,"yebcha","Icteria virens","Yellow-breasted Chat","Yellow-breasted Chat","landbird","Passeriformes","Icteriidae",10,1,"","Yellow-breasted Chat",24.89,"",3.2144661163795,1.48554763529947,0.395783482252215,18,7.64202430772634,2.03366252982655
"272",272,272,315,"yebfly","Empidonax flaviventris","Yellow-bellied Flycatcher","Yellow-bellied Flycatcher","landbird","Passeriformes","Tyrannidae",10,1,"","Yellow-bellied Flycatcher",11.8,"",2.46809953147162,0.803443198751618,-0.218848788585131,18,6.28522349927295,1.83820140215345
"273",273,273,317,"yelwar","Setophaga petechia","Yellow Warbler","Yellow Warbler","landbird","Passeriformes","Parulidae",8,1,"",NA,10.8,"",2.37954613413017,0.746938490925969,-0.29177243870413,18,6.1411420375907,1.81501072447087
"274",274,274,318,"yerwar","Setophaga coronata","Yellow-rumped Warbler","Yellow-rumped Warbler","landbird","Passeriformes","Parulidae",8,1,"",NA,11.94,"",2.47989410796446,0.811284922185776,-0.209135964511889,18,6.30466734593538,1.84129020766583
"275",275,275,319,"yetvir","Vireo flavifrons","Yellow-throated Vireo","Yellow-throated Vireo","landbird","Passeriformes","Vireonidae",10,1,"","Yellow-throated Vireo",18,"",2.89037175789616,1.13756730999887,0.128892043717662,18,7.02017081297649,1.94878755007453
"276",276,276,320,"yetwar","Setophaga dominica","Yellow-throated Warbler","Yellow-throated Warbler","landbird","Passeriformes","Parulidae",10,1,"",NA,9.69,"",2.27109442590267,0.683121644857008,-0.381082331526147,18,5.96917666945225,1.78660900657934
"277",277,277,5,"amebit","Botaurus lentiginosus","American Bittern","American Bittern","waterbird","Pelecaniformes","Ardeidae",12,3,"","American Bittern",706,"",6.55961523749324,23.3479933215522,3.15051104130211,19,13.2198442849125,2.58171905560322
"278",278,278,15,"amwpel","Pelecanus erythrorhynchos","American White Pelican","American White Pelican","waterbird","Pelecaniformes","Pelecanidae",10,4,"","American White Pelican",5608.48,"",8.63203501706305,128.656624639924,4.85714703091094,19,22.7474191663943,3.12445169572637
"279",279,279,26,"bcnher","Nycticorax nycticorax","Black-crowned Night Heron","Black-crowned Night-Heron","waterbird","Pelecaniformes","Ardeidae",10,3,"","Black-crowned Night-heron",810,"",6.69703424766648,26.145457956965,3.26367548353049,19,13.704261368152,2.61770683323866
"280",280,280,52,"brnpel","Pelecanus occidentalis","Brown Pelican","Brown Pelican","waterbird","Pelecaniformes","Pelecanidae",11,4,"","Brown Pelican",3427.84,"",8.13968560418264,85.7724357314917,4.45169769300754,19,19.9956247223897,2.99551348574117
"281",281,281,72,"categr","Bubulcus ibis/coromandus","Western/Eastern Cattle Egret","Cattle Egret","waterbird","Pelecaniformes","Ardeidae",9,3,"",NA,365.95,"",5.90249671204724,13.5905469556063,2.60937447427048,19,11.1298481979015,2.40963052619188
"282",282,282,118,"gloibi","Plegadis falcinellus","Glossy Ibis","Glossy Ibis","waterbird","Pelecaniformes","Threskiornithidae",8,3,"","Glossy Ibis",626.61,"",6.44032433753534,21.1634382711624,3.05227508297553,19,12.8132364176758,2.55047873174844
"283",283,283,124,"grbher3","Ardea herodias","Great Blue Heron","Great Blue Heron","waterbird","Pelecaniformes","Ardeidae",8,3,"","Great Blue Heron",2523.41,"",7.83336644039298,66.6492712600344,4.199444112732,19,18.4542286067126,2.91529353700164
"284",284,284,127,"greegr","Ardea alba","Great Egret","Great Egret","waterbird","Pelecaniformes","Ardeidae",6,3,"",NA,871.33,"",6.77002077995403,27.765099908228,3.32377983303855,19,13.9687236450601,2.63682080510495
"285",285,285,131,"grnher","Butorides virescens","Green Heron","Green Heron","waterbird","Pelecaniformes","Ardeidae",12,3,"","Green Heron",201.5,"",5.30578938138674,8.3143794246338,2.11798647662263,19,9.51969389760107,2.253362694673
"286",286,286,156,"leabit","Ixobrychus exilis","Least Bittern","Least Bittern","waterbird","Pelecaniformes","Ardeidae",10,3,"","Least Bittern",86.29,"",4.45771371652022,4.13545294516568,1.4195968618154,19,7.62372909477953,2.03126563250698
"287",287,287,162,"libher","Egretta caerulea","Little Blue Heron","Little Blue Heron","waterbird","Pelecaniformes","Ardeidae",12,3,"","Little Blue Heron",338.61,"",5.82484900263564,12.7487298778885,2.54543164922178,19,10.9058121155498,2.38929586873305
"288",288,288,221,"redegr","Egretta rufescens","Reddish Egret","Reddish Egret","waterbird","Pelecaniformes","Ardeidae",15,3,"","Reddish Egret",614,"",6.41999492814714,20.8120850709167,3.0355338310094,19,12.745200813167,2.54515479393518
"289",289,289,239,"rosspo1","Platalea ajaja","Roseate Spoonbill","Roseate Spoonbill","waterbird","Pelecaniformes","Threskiornithidae",9,3,"","Roseate Spoonbill",1490,"",7.30653139893951,43.189434257709,3.7655958879683,19,16.0759458519739,2.77732410832885
"290",290,290,259,"snoegr","Egretta thula","Snowy Egret","Snowy Egret","waterbird","Pelecaniformes","Ardeidae",7,3,"","Snowy Egret",371,"",5.91620206260743,13.7448034149815,2.62066081922184,19,11.1698672890243,2.41321973199211
"291",291,291,277,"triher","Egretta tricolor","Tricolored Heron","Tricolored Heron","waterbird","Pelecaniformes","Ardeidae",12,3,"","Tricoloured Heron",372.3,"",5.91969998087867,13.7844528507806,2.62354135205078,19,11.1801041031075,2.41413577923168
"292",292,292,294,"whfibi","Plegadis chihi","White-faced Ibis","White-faced Ibis","waterbird","Pelecaniformes","Threskiornithidae",7,3,"","White-faced Ibis",616.89,"",6.42469072600154,20.8927209142772,3.03940081669311,19,12.760883892981,2.54638454612734
"293",293,293,295,"whiibi","Eudocimus albus","White Ibis","White Ibis","waterbird","Pelecaniformes","Threskiornithidae",9,3,"","White Ibis",889.66,"",6.7908393672651,28.245211043077,3.34092392262316,19,14.0450897479905,2.64227285056715
"294",294,294,312,"ycnher","Nyctanassa violacea","Yellow-crowned Night Heron","Yellow-crowned Night-Heron","waterbird","Pelecaniformes","Ardeidae",12,3,"","Yellow-crowned Night-heron",681.67,"",6.52454566977239,22.6833524010173,3.12163128103227,19,13.0989871819224,2.57253491286113
"295",295,295,33,"bkbwoo","Picoides arcticus","Black-backed Woodpecker","Black-backed Woodpecker","landbird","Piciformes","Picidae",8,1,"","Black-backed Woodpecker",69.24,"",4.23757873030801,3.44979869865631,1.23831588112538,21,9.55176948642477,2.25672642386583
"296",296,296,96,"dowwoo","Dryobates pubescens","Downy Woodpecker","Downy Woodpecker","landbird","Piciformes","Picidae",8,1,"",NA,25.55,"",3.24063731664971,1.51791160221956,0.417335444220884,21,7.35693842671238,1.99564387156787
"297",297,297,136,"haiwoo","Dryobates villosus","Hairy Woodpecker","Hairy Woodpecker","landbird","Piciformes","Picidae",6,1,"",NA,62.65,"",4.13756368134208,3.17705151547881,1.15595357028931,21,9.30483472718979,2.23053412821587
"298",298,298,185,"norfli","Colaptes auratus","Northern Flicker","Northern Flicker","landbird","Piciformes","Picidae",10,1,"","Northern Flicker",131.46,"",4.87870262283543,5.84905951153388,1.76628088106016,21,11.2980056850722,2.42462622209574
"299",299,299,206,"pilwoo","Dryocopus pileatus","Pileated Woodpecker","Pileated Woodpecker","landbird","Piciformes","Picidae",7,1,"","Pileated Woodpecker",286.59,"",5.65805262295003,11.1125485221932,2.40807496728207,21,13.8560943828697,2.6287251634936
"300",300,300,219,"rebwoo","Melanerpes carolinus","Red-bellied Woodpecker","Red-bellied Woodpecker","landbird","Piciformes","Picidae",7,1,"","Red-bellied Woodpecker",69.5,"",4.24132675257075,3.46046292816149,1.24140237438631,21,9.5611495841833,2.25770796922549
"301",301,301,225,"rehwoo","Melanerpes erythrocephalus","Red-headed Woodpecker","Red-headed Woodpecker","landbird","Piciformes","Picidae",12,1,"","Red-headed Woodpecker",71.6,"",4.2710950739666,3.54634169129576,1.2659165626532,21,9.63597801096758,2.26550380278319
"302",302,302,316,"yebsap","Sphyrapicus varius","Yellow-bellied Sapsucker","Yellow-bellied Sapsucker","landbird","Piciformes","Picidae",7,1,"","Yellow-bellied Sapsucker",50.3,"",3.91800507710569,2.65155759674416,0.975147239683902,21,8.78490881922721,2.17303534244202
"303",303,303,80,"clagre","Aechmophorus clarkii","Clark's Grebe","Clark's Grebe","waterbird","Podicipediformes","Podicipedidae",11,5,"","Clark's Grebe",1090.93,"",6.99478582245476,33.4106149139689,3.50887366128666,40,14.2039300315689,2.653518689102
"304",304,304,143,"horgre","Podiceps auritus","Horned Grebe","Horned Grebe","waterbird","Podicipediformes","Podicipedidae",13,5,"","Horned Grebe",453,"",6.11589212548303,16.2015257889103,2.78510542230389,40,11.2836061758187,2.42335089141573
"305",305,305,158,"leagre","Tachybaptus dominicus","Least Grebe","Least Grebe","waterbird","Podicipediformes","Podicipedidae",8,5,"","Least Grebe",132.59,"",4.88726166012663,5.89043142054248,1.77332924125319,40,8.17918726033606,2.1015927887513
"306",306,306,205,"pibgre","Podilymbus podiceps","Pied-billed Grebe","Pied-billed Grebe","waterbird","Podicipediformes","Podicipedidae",8,5,"","Pied-billed Grebe",411.93,"",6.02085343200177,14.9818749847865,2.70684113613008,40,11.0062338001606,2.39846182138492
"307",307,307,226,"rengre","Podiceps grisegena","Red-necked Grebe","Red-necked Grebe","waterbird","Podicipediformes","Podicipedidae",9,5,"","Red-necked Grebe",1023,"",6.93049476595163,31.6877455032652,3.45593002895895,40,13.9667837218742,2.63668191926597
"308",308,308,288,"wesgre","Aechmophorus occidentalis","Western Grebe","Western Grebe","waterbird","Podicipediformes","Podicipedidae",12,5,"","Western Grebe",1136.95,"",7.0361045174098,34.5670035600107,3.54289957271112,40,14.3584608602521,2.66433937544193
"309",309,309,48,"brdowl","Strix varia","Barred Owl","Barred Owl","landbird","Strigiformes","Strigidae",7,1,"","Barred Owl",711.49,"",6.56736136261736,23.4974045176237,3.15688996899193,27,25.8033996661514,3.25050625325254
"310",310,310,51,"brnowl","Tyto alba","Barn Owl","Barn Owl","landbird","Strigiformes","Tytonidae",8,1,"","Barn Owl",403.32,"",5.99973029152501,14.7235204728427,2.68944624726317,27,22.2391225671026,3.10185301568605
"311",311,311,101,"easowl1","Megascops asio","Eastern Screech-Owl","Eastern Screech-Owl","landbird","Strigiformes","Strigidae",9,1,"","Eastern Screech-owl",179.99,"",5.19290129379139,7.57628693237343,2.02502322902791,27,18.0033486545692,2.8905577769585
"312",312,312,130,"grhowl","Bubo virginianus","Great Horned Owl","Great Horned Owl","landbird","Strigiformes","Strigidae",8,1,"","Great Horned Owl",1575.7,"",7.362454896968,45.2249462487669,3.81164884275145,27,31.776536362935,3.45872816721851
"313",313,313,167,"loeowl","Asio otus","Long-eared Owl","Long-eared Owl","landbird","Strigiformes","Strigidae",10,1,"","Long-eared Owl",296.57,"",5.69228327826318,11.4302561041937,2.43626388387186,27,20.5187212626884,3.02133770172769
"314",314,314,194,"nswowl","Aegolius acadicus","Northern Saw-whet Owl","Northern Saw-whet Owl","landbird","Strigiformes","Strigidae",8,1,"","Northern Saw-whet Owl",100.69,"",4.61204648992752,4.69589993717738,1.54668977420196,27,15.4628668312486,2.73844146136597
"315",315,315,256,"sheowl","Asio flammeus","Short-eared Owl","Short-eared Owl","landbird","Strigiformes","Strigidae",12,1,"","Short-eared Owl",322.61,"",5.77644416335079,12.2505435048648,2.50557030375058,27,20.9759816608004,3.04337805272655
"316",316,316,261,"snoowl1","Bubo scandiacus","Snowy Owl","Snowy Owl","landbird","Strigiformes","Strigidae",13,1,"",NA,2028.76,"",7.61518004796021,55.6881733879561,4.019767797422,27,33.9508104590429,3.52491272585653
"317",317,317,16,"anhing","Anhinga anhinga","Anhinga","Anhinga","waterbird","Suliformes","Anhingidae",8,3,"","Anhinga",1235,"",7.11882624906208,37.003808912079,3.6110208509156,29,15.1579033928373,2.71852207202458
"318",318,318,95,"doccor","Nannopterum auritum","Double-crested Cormorant","Double-crested Cormorant","waterbird","Suliformes","Phalacrocoracidae",8,3,"",NA,1806.49,"",7.49914101500636,50.6130652207433,3.92420974890755,29,16.7453440325551,2.81812025142509
"319",319,319,126,"grecor","Phalacrocorax carbo","Great Cormorant","Great Cormorant","waterbird","Suliformes","Phalacrocoracidae",10,3,"","Great Cormorant",2528.97,"",7.8355673842034,66.7701809660338,4.20125658815566,29,18.2876282968197,2.90622478186885
"320",320,320,182,"neocor","Nannopterum brasilianum","Neotropic Cormorant","Neotropic Cormorant","waterbird","Suliformes","Phalacrocoracidae",6,3,"",NA,1239.29,"",7.12229391396702,37.1096287181517,3.61387647012221,29,15.1716749066463,2.7194301964053
