,species_code,scientific_name,common_name,is_resident,trends_season,trends_region,trends_start_year,trends_end_year,trends_start_date,trends_end_date,rsquared,beta0,northeast_america,habitat_include,habitat_score
1,abetow,Melozone aberti,Abert's Towhee,TRUE,resident,north_america,2012,2022,25-Jan,10-May,0.92318205,-0.013923012,0,,
2,acafly,Empidonax virescens,Acadian Flycatcher,FALSE,breeding,north_america,2012,2022,24-May,2-Aug,0.857036278,0.689424792,1,1,1
3,acowoo,Melanerpes formicivorus,Acorn Woodpecker,TRUE,resident,north_america,2011,2021,1-Nov,3-May,0.880536702,-0.092670714,0,,
4,aldfly,Empidonax alnorum,Alder Flycatcher,FALSE,breeding,north_america,2012,2022,21-Jun,12-Jul,0.786872288,-0.162412757,1,1,1
5,allhum,Selasphorus sasin,Allen's Hummingbird,FALSE,breeding,north_america,2012,2022,22-Mar,7-Jun,0.90942001,-0.117003383,0,,
6,altori,Icterus gularis,Altamira Oriole,TRUE,resident,north_america,2011,2021,4-Oct,10-May,0.851929065,0.165058327,0,,
7,ambduc,Anas rubripes,American Black Duck,FALSE,nonbreeding,north_america,2011,2021,13-Dec,15-Feb,0.797389318,-0.003793212,1,1,
8,ameavo,Recurvirostra americana,American Avocet,FALSE,breeding,north_america,2012,2022,10-May,21-Jun,0.699910423,0.112017282,0,,
9,amebit,Botaurus lentiginosus,American Bittern,FALSE,breeding,north_america,2012,2022,7-Jun,26-Jul,0.797730115,0.013259196,1,1,
10,amecro,Corvus brachyrhynchos,American Crow,FALSE,breeding,north_america,2012,2022,10-May,5-Jul,0.896049576,0.023955413,1,1,1
11,amedip,Cinclus mexicanus,American Dipper,TRUE,resident,north_america,2012,2022,3-May,26-Jul,0.803929432,-0.132202427,0,,
12,amegfi,Spinus tristis,American Goldfinch,FALSE,breeding,north_america,2012,2022,31-May,23-Aug,0.848674039,-0.131309287,1,,
13,amekes,Falco sparverius,American Kestrel,FALSE,breeding,north_america,2012,2022,17-May,9-Aug,0.877223181,0.891073574,1,,
14,ameoys,Haematopus palliatus,American Oystercatcher,FALSE,breeding,north_america,2012,2022,10-May,26-Jul,0.769602051,0.833567679,,0,
15,amepip,Anthus rubescens,American Pipit,FALSE,nonbreeding,north_america,2011,2021,20-Dec,8-Feb,0.792779024,0.602865928,1,1,1
16,amered,Setophaga ruticilla,American Redstart,FALSE,breeding,north_america,2012,2022,21-Jun,12-Jul,0.834899236,-0.10659867,1,1,1
17,amerob,Turdus migratorius,American Robin,FALSE,breeding,north_america,2012,2022,24-May,9-Aug,0.900656172,-0.180285125,1,,
18,amewig,Mareca americana,American Wigeon,FALSE,nonbreeding,north_america,2011,2021,13-Dec,18-Jan,0.721910116,0.183719855,1,1,
19,amtspa,Spizelloides arborea,American Tree Sparrow,FALSE,nonbreeding,north_america,2011,2021,13-Dec,15-Feb,0.862212644,0.499984121,1,1,1
20,amwpel,Pelecanus erythrorhynchos,American White Pelican,FALSE,breeding,north_america,2012,2022,31-May,9-Aug,0.745174769,0.149608077,0,,
23,anhing,Anhinga anhinga,Anhinga,FALSE,breeding,north_america,2012,2022,3-May,19-Jul,0.754442521,0.293319918,0,,
24,annhum,Calypte anna,Anna's Hummingbird,FALSE,breeding,north_america,2012,2022,25-Jan,3-May,0.939313486,0.211661417,0,,
25,antnig,Chordeiles gundlachii,Antillean Nighthawk,FALSE,breeding,north_america,2012,2022,10-May,9-Aug,0.741612272,0.867765397,0,,
27,arcter,Sterna paradisaea,Arctic Tern,FALSE,breeding,north_america,2012,2022,14-Jun,28-Jun,0.457021697,1.202591282,0,,
28,ariwoo,Dryobates arizonae,Arizona Woodpecker,TRUE,resident,north_america,2011,2021,6-Dec,31-May,0.755981869,-1.364536088,0,,
29,astfly,Myiarchus cinerascens,Ash-throated Flycatcher,FALSE,breeding,north_america,2012,2022,31-May,19-Jul,0.873839576,-0.173132332,0,,
30,audori,Icterus graduacauda,Audubon's Oriole,TRUE,resident,north_america,2011,2021,1-Nov,3-May,0.869687085,0.683895134,0,,
35,azchum1,Saucerottia cyanocephala,Azure-crowned Hummingbird,TRUE,resident,north_america,2012,2022,5-Jul,27-Sep,0.714095068,-0.083017633,0,,
36,babwar,Setophaga castanea,Bay-breasted Warbler,FALSE,breeding,north_america,2012,2022,14-Jun,19-Jul,0.787276097,1.064442436,1,1,
37,bacspa,Peucaea aestivalis,Bachman's Sparrow,TRUE,resident,north_america,2012,2022,8-Feb,7-Jun,0.653833527,0.430340725,0,,
39,baleag,Haliaeetus leucocephalus,Bald Eagle,FALSE,breeding,north_america,2012,2022,24-May,19-Jul,0.832903331,0.085753408,1,1,
40,balori,Icterus galbula,Baltimore Oriole,FALSE,breeding,north_america,2012,2022,7-Jun,26-Jul,0.927754171,0.396417061,1,1,1
42,banswa,Riparia riparia,Bank Swallow,FALSE,breeding,north_america,2012,2022,7-Jun,21-Jun,0.814324179,0.163893907,1,1,
43,banwre1,Thryophilus pleurostictus,Banded Wren,TRUE,resident,north_america,2012,2022,1-Feb,24-May,0.750748822,0.56447,0,,
44,bargol,Bucephala islandica,Barrow's Goldeneye,FALSE,nonbreeding,north_america,2012,2022,4-Jan,1-Feb,0.776103939,0.496437713,1,1,
45,barswa,Hirundo rustica,Barn Swallow,FALSE,breeding,north_america,2012,2022,31-May,12-Jul,0.900006443,0.164932811,1,1,
46,batpig1,Patagioenas fasciata,Band-tailed Pigeon,FALSE,breeding,north_america,2012,2022,17-May,19-Jul,0.874238497,0.224062944,0,,
48,bawwar,Mniotilta varia,Black-and-white Warbler,FALSE,breeding,north_america,2012,2022,7-Jun,5-Jul,0.848357288,0.347621978,1,1,1
49,bbwduc,Dendrocygna autumnalis,Black-bellied Whistling-Duck,FALSE,breeding,north_america,2012,2022,24-May,2-Aug,0.807403308,0.32853113,1,1,
50,bcnher,Nycticorax nycticorax,Black-crowned Night Heron,FALSE,breeding,north_america,2012,2022,7-Jun,23-Aug,0.795551976,0.334882424,1,1,
51,belkin1,Megaceryle alcyon,Belted Kingfisher,FALSE,breeding,north_america,2012,2022,24-May,28-Jun,0.901989944,0.001171248,1,1,
52,belspa2,Artemisiospiza belli,Bell's Sparrow,FALSE,breeding,north_america,2012,2022,15-Mar,7-Jun,0.754537094,1.052931401,0,,
53,belvir,Vireo bellii,Bell's Vireo,FALSE,breeding,north_america,2012,2022,7-Jun,9-Aug,0.843314133,0.019846255,1,1,1
54,berhum,Saucerottia beryllina,Berylline Hummingbird,TRUE,resident,north_america,2012,2022,28-Jun,20-Dec,0.681837308,-0.099475437,0,,
55,bewwre,Thryomanes bewickii,Bewick's Wren,FALSE,breeding,north_america,2012,2022,17-May,26-Jul,0.896706964,0.179005559,0,,
56,bicthr,Catharus bicknelli,Bicknell's Thrush,FALSE,breeding,north_america,2012,2022,7-Jun,12-Jul,0.729638215,0.630631396,1,,
57,bkbcuc,Coccyzus erythropthalmus,Black-billed Cuckoo,FALSE,breeding,north_america,2012,2022,14-Jun,9-Aug,0.87201395,0.977816512,1,,
58,bkbmag1,Pica hudsonia,Black-billed Magpie,TRUE,resident,north_america,2011,2021,11-Oct,15-Mar,0.865854544,-0.284342607,0,,
59,bkbplo,Pluvialis squatarola,Black-bellied Plover,FALSE,nonbreeding,north_america,2011,2021,6-Dec,22-Mar,0.761546673,-0.036971803,1,1,
60,bkbwar,Setophaga fusca,Blackburnian Warbler,FALSE,breeding,north_america,2012,2022,14-Jun,26-Jul,0.827506903,0.854757423,1,1,1
61,bkbwoo,Picoides arcticus,Black-backed Woodpecker,TRUE,resident,north_america,2012,2022,19-Apr,21-Jun,0.586977474,0.89997711,1,,
62,bkcchi,Poecile atricapillus,Black-capped Chickadee,TRUE,resident,north_america,2011,2021,6-Dec,1-Mar,0.915860306,0.047996554,1,,
63,bkchum,Archilochus alexandri,Black-chinned Hummingbird,FALSE,breeding,north_america,2012,2022,31-May,19-Jul,0.837531298,-0.020971096,0,,
64,bkcspa,Spizella atrogularis,Black-chinned Sparrow,FALSE,breeding,north_america,2012,2022,10-May,9-Aug,0.761939635,0.102796871,0,,
65,bkcvir1,Vireo atricapilla,Black-capped Vireo,FALSE,breeding,north_america,2012,2022,7-Jun,5-Jul,0.581968857,0.126889566,0,,
66,bkhgro,Pheucticus melanocephalus,Black-headed Grosbeak,FALSE,breeding,north_america,2012,2022,21-Jun,5-Jul,0.878377538,-0.111267018,0,,
67,bknsti,Himantopus mexicanus,Black-necked Stilt,FALSE,breeding,north_america,2012,2022,31-May,5-Jul,0.738631959,0.198570768,0,,
68,bkpwar,Setophaga striata,Blackpoll Warbler,FALSE,breeding,north_america,2012,2022,21-Jun,26-Jul,0.773406025,0.723420986,1,,
69,bktgna,Polioptila melanura,Black-tailed Gnatcatcher,TRUE,resident,north_america,2011,2021,15-Nov,15-Mar,0.847415204,-0.692889663,0,,
70,bktspa,Amphispiza bilineata,Black-throated Sparrow,FALSE,breeding,north_america,2012,2022,31-May,19-Jul,0.843168094,0.621086901,0,,
71,bkvshe,Puffinus opisthomelas,Black-vented Shearwater,FALSE,nonbreeding,north_america,2011,2021,15-Nov,18-Jan,0.739979198,-0.811501986,0,,
72,bkwvir,Vireo altiloquus,Black-whiskered Vireo,FALSE,breeding,north_america,2012,2022,3-May,9-Aug,0.767308554,-0.425919594,0,,
75,blctit4,Baeolophus atricristatus,Black-crested Titmouse,TRUE,resident,north_america,2012,2022,8-Feb,31-May,0.886858186,0.068100108,0,,
78,blkoys,Haematopus bachmani,Black Oystercatcher,TRUE,resident,north_america,2012,2022,1-Feb,17-May,0.76677244,0.51020291,0,,
79,blkpho,Sayornis nigricans,Black Phoebe,FALSE,breeding,north_america,2012,2022,5-Apr,30-Aug,0.913938754,0.007593937,0,,
80,blksco2,Melanitta americana,Black Scoter,FALSE,nonbreeding,north_america,2011,2021,29-Nov,8-Mar,0.585034772,1.083365902,1,1,
81,blkski,Rynchops niger,Black Skimmer,FALSE,breeding,north_america,2012,2022,7-Jun,2-Aug,0.690141974,0.365887137,0,,
82,blkswi,Cypseloides niger,Black Swift,FALSE,breeding,north_america,2012,2022,14-Jun,19-Jul,0.673241312,0.583260469,0,,
83,blkter,Chlidonias niger,Black Tern,FALSE,breeding,north_america,2012,2022,7-Jun,28-Jun,0.754634145,0.438356517,1,1,
84,blktur,Arenaria melanocephala,Black Turnstone,FALSE,nonbreeding,north_america,2011,2021,22-Nov,5-Apr,0.775458534,1.020607058,0,,
85,blkvul,Coragyps atratus,Black Vulture,TRUE,resident,north_america,2012,2022,4-Jan,10-May,0.861556036,0.052855995,1,1,1
86,blubun,Cyanocompsa parellina,Blue Bunting,TRUE,resident,north_america,2011,2021,15-Nov,10-May,0.776816298,-0.148997783,0,,
87,blugrb1,Passerina caerulea,Blue Grosbeak,FALSE,breeding,north_america,2012,2022,7-Jun,9-Aug,0.862394153,0.061999436,1,,
88,blujay,Cyanocitta cristata,Blue Jay,FALSE,breeding,north_america,2012,2022,7-Jun,2-Aug,0.835603165,-0.148850863,1,,
89,blumoc,Melanotis caerulescens,Blue Mockingbird,TRUE,resident,north_america,2012,2022,4-Jan,5-Apr,0.820272162,-0.00328557,0,,
90,bncfly,Myiarchus tyrannulus,Brown-crested Flycatcher,FALSE,breeding,north_america,2012,2022,10-May,19-Jul,0.845346703,0.280222886,0,,
91,bnhcow,Molothrus ater,Brown-headed Cowbird,FALSE,breeding,north_america,2012,2022,24-May,28-Jun,0.896789823,0.211737244,1,,
92,bnhnut,Sitta pusilla,Brown-headed Nuthatch,TRUE,resident,north_america,2012,2022,4-Jan,26-Apr,0.825624917,0.089731976,1,,
93,boboli,Dolichonyx oryzivorus,Bobolink,FALSE,breeding,north_america,2012,2022,7-Jun,12-Jul,0.91062887,0.225419898,1,,
94,bohwax,Bombycilla garrulus,Bohemian Waxwing,FALSE,nonbreeding,north_america,2011,2021,20-Dec,15-Feb,0.852894712,0.215852039,1,,
95,bongul,Chroicocephalus philadelphia,Bonaparte's Gull,FALSE,nonbreeding,north_america,2011,2021,20-Dec,8-Feb,0.565026046,1.239433085,1,1,
96,borchi2,Poecile hudsonicus,Boreal Chickadee,TRUE,resident,north_america,2012,2022,12-Apr,14-Jun,0.742970266,-0.057084458,0,,
97,botgra,Quiscalus major,Boat-tailed Grackle,TRUE,resident,north_america,2012,2022,11-Jan,19-Apr,0.85156861,-0.061530751,1,1,
98,bracor,Urile penicillatus,Brandt's Cormorant,TRUE,resident,north_america,2012,2022,5-Jul,13-Sep,0.753674039,0.24586314,0,,
99,brant,Branta bernicla,Brant,FALSE,nonbreeding,north_america,2011,2021,6-Dec,8-Feb,0.569045788,0.502296362,1,1,
101,brbhum,Cynanthus latirostris,Broad-billed Hummingbird,FALSE,breeding,north_america,2012,2022,24-May,26-Jul,0.782254128,0.49079301,0,,
102,brbsol1,Myadestes occidentalis,Brown-backed Solitaire,TRUE,resident,north_america,2012,2022,11-Jan,31-May,0.835159188,-0.093323837,0,,
104,brdowl,Strix varia,Barred Owl,TRUE,resident,north_america,2012,2022,11-Jan,3-May,0.81045066,0.507179547,1,1,1
105,brebla,Euphagus cyanocephalus,Brewer's Blackbird,FALSE,breeding,north_america,2012,2022,24-May,23-Aug,0.877909997,0.470837407,1,1,1
106,brespa,Spizella breweri,Brewer's Sparrow,FALSE,breeding,north_america,2012,2022,14-Jun,12-Jul,0.854892021,0.001155099,0,,
107,brhpar1,Pyrilia haematotis,Brown-hooded Parrot,TRUE,resident,north_america,2011,2021,6-Sep,15-Mar,0.848186686,0.9976902,0,,
108,britit,Baeolophus wollweberi,Bridled Titmouse,TRUE,resident,north_america,2012,2022,8-Feb,31-May,0.863864242,0.160422839,0,,
109,brncre,Certhia americana,Brown Creeper,FALSE,breeding,north_america,2012,2022,17-May,6-Sep,0.819158925,0.707548779,1,,
110,brnjay,Psilorhinus morio,Brown Jay,TRUE,resident,north_america,2011,2021,29-Nov,15-Mar,0.867806865,0.073651494,0,,
111,brnowl,Tyto alba,Barn Owl,TRUE,resident,north_america,2012,2022,22-Feb,10-May,0.802738625,1.051911071,1,1,1
112,brnpel,Pelecanus occidentalis,Brown Pelican,FALSE,breeding,north_america,2012,2022,10-May,28-Jun,0.795884779,0.364995748,,0,
113,brnthr,Toxostoma rufum,Brown Thrasher,FALSE,breeding,north_america,2012,2022,31-May,30-Aug,0.916170285,-0.162700695,1,,
114,brocow,Molothrus aeneus,Bronzed Cowbird,FALSE,breeding,north_america,2012,2022,17-May,19-Jul,0.815812598,-0.10428662,0,,
115,brthum,Selasphorus platycercus,Broad-tailed Hummingbird,FALSE,breeding,north_america,2012,2022,31-May,12-Jul,0.82425786,0.149637041,0,,
116,brwhaw,Buteo platypterus,Broad-winged Hawk,FALSE,breeding,north_america,2012,2022,14-Jun,26-Jul,0.836691795,0.358040557,1,,
118,btbwar,Setophaga caerulescens,Black-throated Blue Warbler,FALSE,breeding,north_america,2012,2022,14-Jun,16-Aug,0.827524185,0.986215647,1,,
119,btnwar,Setophaga virens,Black-throated Green Warbler,FALSE,breeding,north_america,2012,2022,14-Jun,26-Jul,0.856936658,0.266105724,1,,
120,btther1,Tigrisoma mexicanum,Bare-throated Tiger-Heron,TRUE,resident,north_america,2011,2021,27-Sep,18-Jan,0.716435186,0.136544342,0,,
121,btywar,Setophaga nigrescens,Black-throated Gray Warbler,FALSE,breeding,north_america,2012,2022,7-Jun,26-Jul,0.901640893,0.325168574,0,,
122,bubhum,Amazilia yucatanensis,Buff-bellied Hummingbird,TRUE,resident,north_america,2012,2022,1-Mar,10-May,0.779913815,0.92045776,0,,
123,buffle,Bucephala albeola,Bufflehead,FALSE,nonbreeding,north_america,2011,2021,27-Dec,8-Feb,0.793365241,0.247999327,1,1,
124,buggna,Polioptila caerulea,Blue-gray Gnatcatcher,FALSE,breeding,north_america,2012,2022,7-Jun,26-Jul,0.901971091,-0.027169965,1,1,1
126,buhvir,Vireo solitarius,Blue-headed Vireo,FALSE,breeding,north_america,2012,2022,7-Jun,2-Aug,0.757983749,0.848455425,1,,
127,bulori,Icterus bullockii,Bullock's Oriole,FALSE,breeding,north_america,2012,2022,7-Jun,28-Jun,0.88674397,0.283248003,0,,
129,burowl,Athene cunicularia,Burrowing Owl,FALSE,breeding,north_america,2012,2022,17-May,2-Aug,0.663437144,0.981878727,0,,
130,bushti,Psaltriparus minimus,Bushtit,TRUE,resident,north_america,2012,2022,15-Feb,10-May,0.934334624,0.325808017,0,,
131,buthum,Lampornis clemenciae,Blue-throated Mountain-gem,TRUE,resident,north_america,2012,2022,5-Apr,9-Aug,0.718280612,-1.029955629,0,,
132,buwtea,Spatula discors,Blue-winged Teal,FALSE,breeding,north_america,2012,2022,14-Jun,12-Jul,0.837650194,0.455809552,1,1,
133,buwwar,Vermivora cyanoptera,Blue-winged Warbler,FALSE,breeding,north_america,2012,2022,31-May,26-Jul,0.829876176,0.766542707,1,,
134,cacgoo1,Branta hutchinsii,Cackling Goose,FALSE,nonbreeding,north_america,2012,2022,4-Jan,25-Jan,0.813808604,0.206378759,1,1,
135,cacwre,Campylorhynchus brunneicapillus,Cactus Wren,TRUE,resident,north_america,2011,2021,6-Dec,26-Apr,0.883800163,0.313596499,0,,
136,calgna,Polioptila californica,California Gnatcatcher,TRUE,resident,north_america,2012,2022,8-Feb,29-Mar,0.874086371,-0.93969297,0,,
137,calgul,Larus californicus,California Gull,FALSE,breeding,north_america,2012,2022,17-May,21-Jun,0.673954109,0.613375602,0,,
138,calhum,Selasphorus calliope,Calliope Hummingbird,FALSE,breeding,north_america,2012,2022,31-May,21-Jun,0.847391624,0.25688506,0,,
139,calqua,Callipepla californica,California Quail,TRUE,resident,north_america,2012,2022,1-Mar,10-May,0.895423239,0.180228614,0,,
140,calthr,Toxostoma redivivum,California Thrasher,TRUE,resident,north_america,2011,2021,29-Nov,15-Mar,0.888293228,-0.459754468,0,,
141,caltow,Melozone crissalis,California Towhee,TRUE,resident,north_america,2012,2022,18-Jan,26-Apr,0.94417136,-0.315357486,0,,
142,camwar,Setophaga tigrina,Cape May Warbler,FALSE,nonbreeding,north_america,2011,2021,29-Nov,22-Mar,0.766286257,-0.288501899,1,,
143,cangoo,Branta canadensis,Canada Goose,FALSE,breeding,north_america,2012,2022,14-Jun,9-Aug,0.863136243,-0.00326274,1,1,
144,cantow,Melozone fusca,Canyon Towhee,TRUE,resident,north_america,2012,2022,18-Jan,10-May,0.87239617,0.243171257,0,,
145,canvas,Aythya valisineria,Canvasback,FALSE,nonbreeding,north_america,2011,2021,20-Dec,25-Jan,0.477430114,0.675024738,1,1,
146,canwar,Cardellina canadensis,Canada Warbler,FALSE,breeding,north_america,2012,2022,14-Jun,26-Jul,0.722504188,1.032714318,1,1,1
147,canwre,Catherpes mexicanus,Canyon Wren,TRUE,resident,north_america,2012,2022,11-Jan,22-Mar,0.849478373,0.092768434,0,,
148,carchi,Poecile carolinensis,Carolina Chickadee,TRUE,resident,north_america,2012,2022,1-Feb,5-Apr,0.866219529,-0.396294921,1,1,1
149,carwre,Thryothorus ludovicianus,Carolina Wren,TRUE,resident,north_america,2012,2022,1-Mar,3-May,0.92520185,0.05610814,1,,
150,casfin,Haemorhous cassinii,Cassin's Finch,FALSE,breeding,north_america,2012,2022,31-May,30-Aug,0.874796653,0.071138911,0,,
151,caskin,Tyrannus vociferans,Cassin's Kingbird,FALSE,breeding,north_america,2012,2022,31-May,12-Jul,0.855054755,-0.270993482,0,,
152,casspa,Peucaea cassinii,Cassin's Sparrow,FALSE,breeding,north_america,2012,2022,31-May,9-Aug,0.81723039,0.630471391,0,,
153,caster1,Hydroprogne caspia,Caspian Tern,FALSE,breeding,north_america,2012,2022,31-May,12-Jul,0.625016365,0.542071834,1,1,
154,casvir,Vireo cassinii,Cassin's Vireo,FALSE,breeding,north_america,2012,2022,21-Jun,12-Jul,0.834287854,0.233128787,0,,
155,categr,Bubulcus ibis/coromandus,Western/Eastern Cattle Egret,FALSE,breeding,north_america,2012,2022,17-May,30-Aug,0.786992882,0.591124717,1,1,
156,cavswa,Petrochelidon fulva,Cave Swallow,FALSE,breeding,north_america,2012,2022,17-May,19-Jul,0.833158735,0.671124627,0,,
157,cedwax,Bombycilla cedrorum,Cedar Waxwing,FALSE,breeding,north_america,2012,2022,21-Jun,16-Aug,0.903493331,0.092922001,1,1,
158,cerwar,Setophaga cerulea,Cerulean Warbler,FALSE,breeding,north_america,2012,2022,24-May,12-Jul,0.74994759,1.3202567,1,,
159,chbchi,Poecile rufescens,Chestnut-backed Chickadee,TRUE,resident,north_america,2012,2022,1-Feb,21-Jun,0.795028126,-0.499889165,0,,
161,chhoro1,Psarocolius wagleri,Chestnut-headed Oropendola,TRUE,resident,north_america,2011,2021,27-Sep,8-Feb,0.696331371,0.44405345,0,,
164,chirav,Corvus cryptoleucus,Chihuahuan Raven,TRUE,resident,north_america,2012,2022,1-Feb,26-Apr,0.692776547,0.717216907,0,,
165,chispa,Spizella passerina,Chipping Sparrow,FALSE,breeding,north_america,2012,2022,14-Jun,5-Jul,0.905984566,0.080841166,1,,
167,chiswi,Chaetura pelagica,Chimney Swift,FALSE,breeding,north_america,2012,2022,31-May,12-Jul,0.901040587,0.212201764,1,,
168,chswar,Setophaga pensylvanica,Chestnut-sided Warbler,FALSE,breeding,north_america,2012,2022,14-Jun,2-Aug,0.875696985,0.087990318,1,,
169,chukar,Alectoris chukar,Chukar,TRUE,resident,north_america,2012,2022,4-Jan,27-Dec,0.798235372,0.888849122,0,,
170,chwwid,Antrostomus carolinensis,Chuck-will's-widow,FALSE,breeding,north_america,2012,2022,31-May,5-Jul,0.673830694,0.035908543,1,,
172,cinhum1,Amazilia rutila,Cinnamon Hummingbird,TRUE,resident,north_america,2011,2021,6-Sep,18-Jan,0.799534107,0.161062515,0,,
173,cintea,Spatula cyanoptera,Cinnamon Teal,FALSE,breeding,north_america,2012,2022,24-May,5-Jul,0.831585411,0.405226861,0,,
174,clanut,Nucifraga columbiana,Clark's Nutcracker,TRUE,resident,north_america,2012,2022,26-Apr,23-Aug,0.822840995,0.147677629,0,,
175,clarai11,Rallus crepitans,Clapper Rail,FALSE,breeding,north_america,2012,2022,24-May,13-Sep,0.859902747,0.033930666,,0,
176,clcrob,Turdus grayi,Clay-colored Thrush,TRUE,resident,north_america,2012,2022,8-Feb,10-May,0.877492082,0.100314134,0,,
177,clcspa,Spizella pallida,Clay-colored Sparrow,FALSE,breeding,north_america,2012,2022,7-Jun,19-Jul,0.878445191,0.032763302,1,,
178,cliswa,Petrochelidon pyrrhonota,Cliff Swallow,FALSE,breeding,north_america,2012,2022,7-Jun,12-Jul,0.854279658,0.414326662,1,,
179,cobtan1,Chlorospingus flavopectus,Common Chlorospingus,TRUE,resident,north_america,2011,2021,8-Nov,29-Mar,0.713466466,1.720469894,0,,
181,cogdov,Columbina passerina,Common Ground Dove,FALSE,breeding,north_america,2012,2022,10-May,30-Aug,0.827838021,0.56517549,0,,
182,comblh1,Buteogallus anthracinus,Common Black Hawk,FALSE,breeding,north_america,2012,2022,3-May,31-May,0.736111461,-0.23521979,0,,
183,comeid,Somateria mollissima,Common Eider,FALSE,nonbreeding,north_america,2011,2021,6-Dec,22-Feb,0.627951872,0.689217463,0,,
184,comgal1,Gallinula galeata,Common Gallinule,FALSE,breeding,north_america,2012,2022,24-May,5-Jul,0.740957375,0.430114192,1,,
185,comgol,Bucephala clangula,Common Goldeneye,FALSE,nonbreeding,north_america,2012,2022,4-Jan,8-Feb,0.810578747,0.156933707,1,,
186,comgra,Quiscalus quiscula,Common Grackle,FALSE,breeding,north_america,2012,2022,24-May,30-Aug,0.862197279,0.097206571,1,,
187,comloo,Gavia immer,Common Loon,FALSE,nonbreeding,north_america,2011,2021,27-Dec,11-Jan,0.808238505,1.093745513,1,,
188,commer,Mergus merganser,Common Merganser,FALSE,nonbreeding,north_america,2011,2021,27-Dec,8-Feb,0.800282691,0.022172665,1,,
189,comnig,Chordeiles minor,Common Nighthawk,FALSE,breeding,north_america,2012,2022,28-Jun,19-Jul,0.778781275,0.404975644,1,,
190,compau,Nyctidromus albicollis,Common Pauraque,TRUE,resident,north_america,2012,2022,18-Jan,10-May,0.709547521,0.869746757,0,,
191,compoo,Phalaenoptilus nuttallii,Common Poorwill,FALSE,breeding,north_america,2012,2022,7-Jun,26-Jul,0.719704535,0.905073476,0,,
192,comrav,Corvus corax,Common Raven,TRUE,resident,north_america,2012,2022,22-Feb,24-May,0.878435854,-0.247097688,1,,
193,comred,Acanthis flammea,Common Redpoll,FALSE,nonbreeding,north_america,2012,2022,4-Jan,8-Feb,0.8623787,0.054123523,1,,
194,comyel,Geothlypis trichas,Common Yellowthroat,FALSE,breeding,north_america,2012,2022,31-May,19-Jul,0.882325851,-0.11894598,1,,
195,coohaw,Accipiter cooperii,Cooper's Hawk,FALSE,breeding,north_america,2012,2022,31-May,9-Aug,0.927755689,0.164924269,1,,
196,coshum,Calypte costae,Costa's Hummingbird,FALSE,breeding,north_america,2012,2022,8-Feb,7-Jun,0.861230381,0.365541158,0,,
198,coukin,Tyrannus couchii,Couch's Kingbird,FALSE,breeding,north_america,2012,2022,5-Apr,4-Oct,0.896755274,0.329294515,0,,
199,cowscj1,Aphelocoma californica,California Scrub-Jay,TRUE,resident,north_america,2011,2021,6-Dec,15-Feb,0.92752117,-0.178821617,0,,
201,cregua1,Penelope purpurascens,Crested Guan,TRUE,resident,north_america,2012,2022,25-Jan,15-Mar,0.752505113,0.913832593,0,,
203,crithr,Toxostoma crissale,Crissal Thrasher,TRUE,resident,north_america,2012,2022,6-Sep,20-Dec,0.827465629,-0.438100586,0,,
204,cubthr,Toxostoma curvirostre,Curve-billed Thrasher,TRUE,resident,north_america,2011,2021,22-Nov,22-Feb,0.849705892,-0.008765197,0,,
205,daejun,Junco hyemalis,Dark-eyed Junco,FALSE,breeding,north_america,2012,2022,31-May,30-Aug,0.818448233,0.180213879,1,,
206,dickci,Spiza americana,Dickcissel,FALSE,breeding,north_america,2012,2022,14-Jun,2-Aug,0.875680383,0.331522453,1,,
207,doccor,Nannopterum auritum,Double-crested Cormorant,FALSE,breeding,north_america,2012,2022,31-May,12-Jul,0.589297005,0.701855935,1,,
208,dowwoo,Dryobates pubescens,Downy Woodpecker,TRUE,resident,north_america,2012,2022,25-Jan,10-May,0.912950664,0.052196806,1,,
209,ducfly,Myiarchus tuberculifer,Dusky-capped Flycatcher,FALSE,breeding,north_america,2012,2022,26-Apr,26-Jul,0.834863881,0.008780752,0,,
210,dunlin,Calidris alpina,Dunlin,FALSE,nonbreeding,north_america,2011,2021,13-Dec,15-Feb,0.646073906,0.73152789,1,,
211,dusfly,Empidonax oberholseri,Dusky Flycatcher,FALSE,breeding,north_america,2012,2022,21-Jun,19-Jul,0.859626746,0.16698679,0,,
212,dusgro,Dendragapus obscurus,Dusky Grouse,TRUE,resident,north_america,2012,2022,15-Mar,2-Aug,0.67082021,0.397131265,0,,
214,easblu,Sialia sialis,Eastern Bluebird,FALSE,breeding,north_america,2012,2022,17-May,23-Aug,0.874178561,-0.08998168,1,,
215,easkin,Tyrannus tyrannus,Eastern Kingbird,FALSE,breeding,north_america,2012,2022,7-Jun,26-Jul,0.920685036,0.123981978,1,,
216,easmea,Sturnella magna,Eastern Meadowlark,FALSE,breeding,north_america,2012,2022,19-Apr,19-Jul,0.871528103,0.163100492,1,,
217,easowl1,Megascops asio,Eastern Screech-Owl,TRUE,resident,north_america,2011,2021,6-Dec,10-May,0.842066932,0.081777954,1,,
218,easpho,Sayornis phoebe,Eastern Phoebe,FALSE,breeding,north_america,2012,2022,17-May,9-Aug,0.897991068,0.030454336,1,,
219,eastow,Pipilo erythrophthalmus,Eastern Towhee,FALSE,breeding,north_america,2012,2022,7-Jun,13-Sep,0.871322939,-0.096407779,1,,
220,easwpw1,Antrostomus vociferus,Eastern Whip-poor-will,FALSE,breeding,north_america,2012,2022,31-May,2-Aug,0.646236931,1.931191329,1,,
221,eawpew,Contopus virens,Eastern Wood-Pewee,FALSE,breeding,north_america,2012,2022,14-Jun,2-Aug,0.884320951,0.350545787,1,,
222,egygoo,Alopochen aegyptiaca,Egyptian Goose,TRUE,resident,north_america,2012,2022,9-Aug,27-Dec,0.647480025,1.217884809,0,,
223,eleeup1,Chlorophonia elegantissima,Elegant Euphonia,TRUE,resident,north_america,2011,2021,29-Nov,29-Mar,0.738344684,0.607417789,0,,
224,eletro,Trogon elegans,Elegant Trogon,TRUE,resident,north_america,2012,2022,1-Feb,17-May,0.676693093,-1.226972099,0,,
225,eucdov,Streptopelia decaocto,Eurasian Collared-Dove,TRUE,resident,north_america,2011,2021,20-Dec,15-Mar,0.880138231,0.091001164,1,,
226,eursta,Sturnus vulgaris,European Starling,FALSE,breeding,north_america,2012,2022,19-Apr,30-Aug,0.860832043,0.259628709,1,,
227,eutspa,Passer montanus,Eurasian Tree Sparrow,TRUE,resident,north_america,2011,2021,1-Nov,15-Feb,0.759175257,0.780383479,0,,
228,evegro,Coccothraustes vespertinus,Evening Grosbeak,FALSE,breeding,north_america,2012,2022,31-May,30-Aug,0.779343869,-0.100361608,1,,
229,fepowl,Glaucidium brasilianum,Ferruginous Pygmy-Owl,TRUE,resident,north_america,2011,2021,20-Dec,8-Mar,0.850615767,0.556263823,0,,
231,fiespa,Spizella pusilla,Field Sparrow,FALSE,breeding,north_america,2012,2022,24-May,13-Sep,0.905707312,-0.0349422,1,,
232,fiscro,Corvus ossifragus,Fish Crow,FALSE,breeding,north_america,2012,2022,5-Apr,30-Aug,0.834815431,0.169628415,1,,
233,flaowl,Psiloscops flammeolus,Flammulated Owl,FALSE,breeding,north_america,2012,2022,31-May,5-Jul,0.578192973,0.888761451,0,,
234,flsjay,Aphelocoma coerulescens,Florida Scrub-Jay,TRUE,resident,north_america,2011,2021,29-Nov,12-Apr,0.674956459,0.011622593,0,,
235,forter,Sterna forsteri,Forster's Tern,FALSE,breeding,north_america,2012,2022,7-Jun,12-Jul,0.7328904,1.142891372,1,,
237,foxspa,Passerella iliaca,Fox Sparrow,FALSE,nonbreeding,north_america,2011,2021,27-Dec,15-Feb,0.84381766,-0.256723502,1,,
238,fragul,Leucophaeus pipixcan,Franklin's Gull,FALSE,breeding,north_america,2012,2022,7-Jun,12-Jul,0.738524384,0.144275691,0,,
239,fuwduc,Dendrocygna bicolor,Fulvous Whistling-Duck,FALSE,breeding,north_america,2012,2022,10-May,16-Aug,0.628061514,0.711002968,0,,
240,gadwal,Mareca strepera,Gadwall,FALSE,breeding,north_america,2012,2022,7-Jun,26-Jul,0.852073386,0.332339947,1,,
241,gamqua,Callipepla gambelii,Gambel's Quail,TRUE,resident,north_america,2012,2022,25-Jan,10-May,0.87554876,0.209867031,0,,
242,gartro1,Trogon caligatus,Gartered Trogon,TRUE,resident,north_america,2012,2022,25-Jan,10-May,0.891341157,-0.165061719,0,,
243,gbbgul,Larus marinus,Great Black-backed Gull,FALSE,breeding,north_america,2012,2022,24-May,6-Sep,0.661060953,0.883656829,1,,
245,gchwar,Setophaga chrysoparia,Golden-cheeked Warbler,FALSE,breeding,north_america,2012,2022,19-Apr,31-May,0.723226333,0.777938814,0,,
246,gcrwar,Basileuterus culicivorus,Golden-crowned Warbler,TRUE,resident,north_america,2012,2022,25-Jan,31-May,0.814432614,0.725363414,0,,
248,gilfli,Colaptes chrysoides,Gilded Flicker,TRUE,resident,north_america,2011,2021,6-Dec,15-Mar,0.796976944,0.897363772,0,,
249,gilwoo,Melanerpes uropygialis,Gila Woodpecker,TRUE,resident,north_america,2011,2021,6-Dec,22-Mar,0.896652206,-0.05683338,0,,
250,gloibi,Plegadis falcinellus,Glossy Ibis,FALSE,breeding,north_america,2012,2022,3-May,19-Jul,0.676333902,0.290720787,0,,
251,glwgul,Larus glaucescens,Glaucous-winged Gull,FALSE,nonbreeding,north_america,2011,2021,6-Dec,1-Mar,0.723042699,0.319754012,0,,
252,gnbman,Anthracothorax prevostii,Green-breasted Mango,FALSE,breeding,north_america,2012,2022,11-Jan,11-Oct,0.778542408,-0.110082501,0,,
253,gnttow,Pipilo chlorurus,Green-tailed Towhee,FALSE,breeding,north_america,2012,2022,21-Jun,2-Aug,0.830239583,0.273859456,0,,
254,gnwtea,Anas crecca,Green-winged Teal,FALSE,nonbreeding,north_america,2011,2021,27-Dec,25-Jan,0.746752968,0.200935374,1,,
255,gockin,Regulus satrapa,Golden-crowned Kinglet,FALSE,breeding,north_america,2012,2022,24-May,23-Aug,0.803168175,0.628953391,1,,
256,gocspa,Zonotrichia atricapilla,Golden-crowned Sparrow,FALSE,nonbreeding,north_america,2011,2021,22-Nov,15-Mar,0.886855539,0.098577037,0,,
258,gofwoo,Melanerpes aurifrons,Golden-fronted Woodpecker,TRUE,resident,north_america,2012,2022,11-Jan,10-May,0.882234308,0.019042484,0,,
259,goleag,Aquila chrysaetos,Golden Eagle,FALSE,breeding,north_america,2012,2022,7-Jun,23-Aug,0.846403578,0.802178909,1,,
261,gowwar,Vermivora chrysoptera,Golden-winged Warbler,FALSE,breeding,north_america,2012,2022,14-Jun,26-Jul,0.620193135,2.12675351,1,,
262,graspa,Ammodramus savannarum,Grasshopper Sparrow,FALSE,breeding,north_america,2012,2022,7-Jun,19-Jul,0.882512441,0.465018117,1,,
263,grawar,Setophaga graciae,Grace's Warbler,FALSE,breeding,north_america,2012,2022,17-May,30-Aug,0.795978015,0.123747543,0,,
264,grbani,Crotophaga sulcirostris,Groove-billed Ani,FALSE,breeding,north_america,2012,2022,3-May,23-Aug,0.856713767,-0.069971579,0,,
266,grbher3,Ardea herodias,Great Blue Heron,FALSE,breeding,north_america,2012,2022,10-May,28-Jun,0.780064413,-0.007608979,1,,
267,grcfly,Myiarchus crinitus,Great Crested Flycatcher,FALSE,breeding,north_america,2012,2022,7-Jun,9-Aug,0.92644402,-0.195015168,1,,
269,grecor,Phalacrocorax carbo,Great Cormorant,FALSE,nonbreeding,north_america,2011,2021,8-Nov,15-Mar,0.86419239,0.406326657,,0,
270,greegr,Ardea alba,Great Egret,FALSE,breeding,north_america,2012,2022,3-May,6-Sep,0.768356072,0.376396774,1,,
271,grehon1,Chlorophanes spiza,Green Honeycreeper,TRUE,resident,north_america,2012,2022,9-Aug,11-Oct,0.668350144,1.361442443,0,,
272,grekis,Pitangus sulphuratus,Great Kiskadee,TRUE,resident,north_america,2011,2021,22-Nov,8-Feb,0.86106605,-0.162382297,0,,
273,grepew,Contopus pertinax,Greater Pewee,FALSE,breeding,north_america,2012,2022,10-May,30-Aug,0.802380424,0.157361811,0,,
274,greroa,Geococcyx californianus,Greater Roadrunner,TRUE,resident,north_america,2012,2022,25-Jan,10-May,0.840745049,0.431884221,0,,
275,gresca,Aythya marila,Greater Scaup,FALSE,nonbreeding,north_america,2011,2021,13-Dec,25-Jan,0.55798093,0.847578149,1,,
277,greyel,Tringa melanoleuca,Greater Yellowlegs,FALSE,breeding,north_america,2012,2022,7-Jun,14-Jun,0.657188496,-0.336907068,1,,
278,grhowl,Bubo virginianus,Great Horned Owl,TRUE,resident,north_america,2011,2021,25-Oct,5-Apr,0.850069325,0.703106675,1,,
279,grnher,Butorides virescens,Green Heron,FALSE,breeding,north_america,2012,2022,31-May,23-Aug,0.910713887,0.053626938,1,,
280,grnjay,Cyanocorax yncas,Green Jay,TRUE,resident,north_america,2011,2021,25-Oct,8-Feb,0.908678041,0.266561454,0,,
281,grnkin,Chloroceryle americana,Green Kingfisher,TRUE,resident,north_america,2012,2022,9-Aug,20-Dec,0.833186608,0.33184122,0,,
282,grnpar,Psittacara holochlorus,Green Parakeet,TRUE,resident,north_america,2012,2022,1-Feb,26-Jul,0.676823516,1.666555739,0,,
284,grsfly1,Ptiliogonys cinereus,Gray Silky-flycatcher,TRUE,resident,north_america,2011,2021,20-Dec,3-May,0.693453382,-0.124548076,0,,
285,grtgra,Quiscalus mexicanus,Great-tailed Grackle,FALSE,breeding,north_america,2012,2022,3-May,12-Jul,0.873381306,0.208802747,0,,
286,grycat,Dumetella carolinensis,Gray Catbird,FALSE,breeding,north_america,2012,2022,7-Jun,26-Jul,0.89442528,-0.070829274,1,,
288,gryfly,Empidonax wrightii,Gray Flycatcher,FALSE,breeding,north_america,2012,2022,14-Jun,5-Jul,0.733736089,0.494222903,0,,
289,gryhaw2,Buteo plagiatus,Gray Hawk,FALSE,breeding,north_america,2012,2022,12-Apr,6-Sep,0.860144713,0.297181185,0,,
290,gryjay,Perisoreus canadensis,Canada Jay,TRUE,resident,north_america,2011,2021,20-Dec,22-Feb,0.862125354,0.116540588,1,,
291,grykin,Tyrannus dominicensis,Gray Kingbird,FALSE,breeding,north_america,2012,2022,31-May,2-Aug,0.87476262,-0.579223075,0,,
292,grypar,Perdix perdix,Gray Partridge,TRUE,resident,north_america,2011,2021,20-Sep,4-Jan,0.743821359,1.574379238,0,,
293,gryvir,Vireo vicinior,Gray Vireo,FALSE,breeding,north_america,2012,2022,24-May,5-Jul,0.71662038,0.683438034,0,,
294,gubter1,Gelochelidon nilotica/macrotarsa,Gull-billed/Australian Tern,FALSE,breeding,north_america,2012,2022,24-May,16-Aug,0.638387741,1.36863088,,0,
295,gwfgoo,Anser albifrons,Greater White-fronted Goose,FALSE,nonbreeding,north_america,2011,2021,13-Dec,18-Jan,0.727161002,0.73270249,0,,
296,gycthr,Catharus minimus,Gray-cheeked Thrush,FALSE,breeding,north_america,2012,2022,14-Jun,19-Jul,0.719735125,0.650917671,1,,
297,haiwoo,Dryobates villosus,Hairy Woodpecker,TRUE,resident,north_america,2012,2022,29-Mar,10-May,0.897690306,-0.006928542,1,,
298,hamfly,Empidonax hammondii,Hammond's Flycatcher,FALSE,breeding,north_america,2012,2022,14-Jun,26-Jul,0.823091781,0.446424496,0,,
299,harduc,Histrionicus histrionicus,Harlequin Duck,FALSE,nonbreeding,north_america,2012,2022,1-Feb,29-Mar,0.779215366,0.907651944,0,,
300,harspa,Zonotrichia querula,Harris's Sparrow,FALSE,nonbreeding,north_america,2011,2021,29-Nov,19-Apr,0.814411115,0.492878887,0,,
301,heegul,Larus heermanni,Heermann's Gull,FALSE,nonbreeding,north_america,2012,2022,16-Aug,25-Oct,0.671775105,0.673771194,0,,
302,henspa,Centronyx henslowii,Henslow's Sparrow,FALSE,breeding,north_america,2012,2022,17-May,9-Aug,0.878437472,-0.12957677,1,,
303,heptan,Piranga flava,Hepatic Tanager,FALSE,breeding,north_america,2012,2022,31-May,20-Sep,0.822387524,-0.007180224,0,,
304,hergul,Larus argentatus,Herring Gull,FALSE,nonbreeding,north_america,2011,2021,6-Dec,8-Mar,0.787840663,0.250387955,1,,
305,herthr,Catharus guttatus,Hermit Thrush,FALSE,breeding,north_america,2012,2022,7-Jun,16-Aug,0.846022204,0.040806221,1,,
306,herwar,Setophaga occidentalis,Hermit Warbler,FALSE,breeding,north_america,2012,2022,14-Jun,12-Jul,0.81940815,0.604906093,0,,
308,hoared,Acanthis hornemanni,Hoary Redpoll,FALSE,breeding,north_america,2012,2022,10-May,5-Jul,0.771880223,0.559270595,1,,
309,hoomer,Lophodytes cucullatus,Hooded Merganser,FALSE,nonbreeding,north_america,2011,2021,20-Dec,25-Jan,0.848880541,0.085174011,1,,
310,hooori,Icterus cucullatus,Hooded Oriole,FALSE,breeding,north_america,2012,2022,19-Apr,2-Aug,0.916277907,0.015658436,0,,
311,hoowar,Setophaga citrina,Hooded Warbler,FALSE,breeding,north_america,2012,2022,31-May,19-Jul,0.8604783,0.262035481,1,,
312,horgre,Podiceps auritus,Horned Grebe,FALSE,nonbreeding,north_america,2011,2021,20-Dec,8-Feb,0.776783404,0.832979833,1,,
313,horlar,Eremophila alpestris,Horned Lark,FALSE,breeding,north_america,2012,2022,7-Jun,9-Aug,0.777407545,1.297665328,1,,
314,houfin,Haemorhous mexicanus,House Finch,TRUE,resident,north_america,2012,2022,1-Mar,10-May,0.89571013,0.000886867,1,,
315,houspa,Passer domesticus,House Sparrow,TRUE,resident,north_america,2012,2022,18-Jan,10-May,0.905595302,-0.013271067,1,,
316,houwre,Troglodytes aedon,House Wren,FALSE,breeding,north_america,2012,2022,7-Jun,9-Aug,0.900131595,0.373620463,1,,
317,hrshaw,Parabuteo unicinctus,Harris's Hawk,TRUE,resident,north_america,2011,2021,18-Oct,8-Feb,0.754639342,1.164517053,0,,
318,hutvir,Vireo huttoni,Hutton's Vireo,TRUE,resident,north_america,2011,2021,6-Dec,26-Apr,0.858206741,-0.49121198,0,,
319,incdov,Columbina inca,Inca Dove,TRUE,resident,north_america,2011,2021,29-Nov,10-May,0.86989747,-0.139986806,0,,
320,indbun,Passerina cyanea,Indigo Bunting,FALSE,breeding,north_america,2012,2022,7-Jun,2-Aug,0.868850294,0.232572574,1,,
321,ivbwoo1,Xiphorhynchus flavigaster,Ivory-billed Woodcreeper,TRUE,resident,north_america,2012,2022,25-Jan,7-Jun,0.894497373,0.168752984,0,,
322,juntit1,Baeolophus ridgwayi,Juniper Titmouse,TRUE,resident,north_america,2012,2022,18-Jan,26-Apr,0.803423219,0.150203598,0,,
323,kebtou1,Ramphastos sulfuratus,Keel-billed Toucan,TRUE,resident,north_america,2011,2021,22-Nov,22-Mar,0.868721149,0.202288845,0,,
324,kenwar,Geothlypis formosa,Kentucky Warbler,FALSE,breeding,north_america,2012,2022,31-May,26-Jul,0.856627732,0.643818682,1,,
325,killde,Charadrius vociferus,Killdeer,FALSE,breeding,north_america,2012,2022,10-May,5-Jul,0.897331851,0.382256811,1,,
326,kinrai4,Rallus elegans,King Rail,FALSE,breeding,north_america,2012,2022,17-May,19-Jul,0.579912992,1.246472673,,0,
327,labwoo,Dryobates scalaris,Ladder-backed Woodpecker,TRUE,resident,north_america,2011,2021,6-Dec,10-May,0.890000104,0.529226367,0,,
328,laplon,Calcarius lapponicus,Lapland Longspur,FALSE,nonbreeding,north_america,2011,2021,29-Nov,25-Jan,0.689128661,1.46078962,1,,
329,larbun,Calamospiza melanocorys,Lark Bunting,FALSE,breeding,north_america,2012,2022,14-Jun,28-Jun,0.551266402,2.010831641,0,,
330,larspa,Chondestes grammacus,Lark Sparrow,FALSE,breeding,north_america,2012,2022,31-May,12-Jul,0.865960619,0.366825056,0,,
331,laugul,Leucophaeus atricilla,Laughing Gull,FALSE,breeding,north_america,2012,2022,10-May,5-Jul,0.677345302,0.475919291,1,,
332,lawgol,Spinus lawrencei,Lawrence's Goldfinch,FALSE,breeding,north_america,2012,2022,31-May,5-Jul,0.749765821,0.655043268,0,,
333,lazbun,Passerina amoena,Lazuli Bunting,FALSE,breeding,north_america,2012,2022,14-Jun,12-Jul,0.879965666,0.080430979,0,,
334,lbbgul,Larus fuscus,Lesser Black-backed Gull,FALSE,nonbreeding,north_america,2011,2021,13-Dec,1-Mar,0.542398205,1.249448677,1,,
335,leabit,Ixobrychus exilis,Least Bittern,FALSE,breeding,north_america,2012,2022,7-Jun,19-Jul,0.762407599,0.039832515,1,,
336,leafly,Empidonax minimus,Least Flycatcher,FALSE,breeding,north_america,2012,2022,21-Jun,12-Jul,0.831864467,0.01490649,1,,
337,leagre,Tachybaptus dominicus,Least Grebe,TRUE,resident,north_america,2011,2021,20-Sep,25-Jan,0.843294643,0.563907874,0,,
338,leasan,Calidris minutilla,Least Sandpiper,FALSE,nonbreeding,north_america,2011,2021,13-Dec,8-Mar,0.724942988,0.416109189,1,,
339,leater1,Sternula antillarum,Least Tern,FALSE,breeding,north_america,2012,2022,31-May,19-Jul,0.75975418,0.755160935,,0,
340,lecspa,Ammospiza leconteii,LeConte's Sparrow,FALSE,breeding,north_america,2012,2022,7-Jun,23-Aug,0.780471429,0.241556979,0,,
341,lecthr,Toxostoma lecontei,LeConte's Thrasher,TRUE,resident,north_america,2012,2022,11-Jan,24-May,0.667547882,-0.742445389,0,,
342,lesgol,Spinus psaltria,Lesser Goldfinch,FALSE,breeding,north_america,2012,2022,31-May,30-Aug,0.896041342,0.079329349,0,,
343,lessca,Aythya affinis,Lesser Scaup,FALSE,nonbreeding,north_america,2011,2021,20-Dec,25-Jan,0.523468352,0.393421309,1,,
344,lesyel,Tringa flavipes,Lesser Yellowlegs,FALSE,breeding,north_america,2012,2022,7-Jun,14-Jun,0.704520293,0.485153294,1,,
345,lewwoo,Melanerpes lewis,Lewis's Woodpecker,FALSE,breeding,north_america,2012,2022,31-May,2-Aug,0.777351653,0.466076068,0,,
346,libher,Egretta caerulea,Little Blue Heron,FALSE,breeding,north_america,2012,2022,7-Jun,5-Jul,0.770999214,0.119807789,1,,
347,limpki,Aramus guarauna,Limpkin,TRUE,resident,north_america,2011,2021,22-Nov,29-Mar,0.836624667,0.642283429,0,,
348,linspa,Melospiza lincolnii,Lincoln's Sparrow,FALSE,breeding,north_america,2012,2022,14-Jun,9-Aug,0.822679374,-0.027975566,1,,
350,lobcur,Numenius americanus,Long-billed Curlew,FALSE,breeding,north_america,2012,2022,17-May,14-Jun,0.64741749,1.285246711,0,,
351,lobdow,Limnodromus scolopaceus,Long-billed Dowitcher,FALSE,nonbreeding,north_america,2011,2021,27-Dec,1-Feb,0.657418024,0.3693468,1,,
352,lobthr,Toxostoma longirostre,Long-billed Thrasher,TRUE,resident,north_america,2012,2022,11-Jan,26-Apr,0.787542037,0.868851621,0,,
353,loeowl,Asio otus,Long-eared Owl,FALSE,nonbreeding,north_america,2011,2021,13-Dec,15-Feb,0.729170838,0.499149858,1,,
354,logshr,Lanius ludovicianus,Loggerhead Shrike,FALSE,breeding,north_america,2012,2022,24-May,19-Jul,0.83294193,0.462099889,1,,
355,lotduc,Clangula hyemalis,Long-tailed Duck,FALSE,nonbreeding,north_america,2012,2022,1-Feb,22-Feb,0.697681055,0.525211348,1,,
356,lotman1,Chiroxiphia linearis,Long-tailed Manakin,TRUE,resident,north_america,2012,2022,25-Jan,17-May,0.803938015,-0.26749962,0,,
358,louwat,Parkesia motacilla,Louisiana Waterthrush,FALSE,breeding,north_america,2012,2022,24-May,21-Jun,0.88193901,0.3752485,1,,
359,lucwar,Leiothlypis luciae,Lucy's Warbler,FALSE,breeding,north_america,2012,2022,10-May,5-Jul,0.811831571,0.225048098,0,,
360,macwar,Geothlypis tolmiei,MacGillivray's Warbler,FALSE,breeding,north_america,2012,2022,21-Jun,19-Jul,0.860952661,-0.02294061,0,,
361,magfri,Fregata magnificens,Magnificent Frigatebird,FALSE,breeding,north_america,2012,2022,24-May,27-Sep,0.684111238,0.822080051,0,,
362,maghum1,Eugenes fulgens,Rivoli's Hummingbird,FALSE,breeding,north_america,2012,2022,26-Apr,16-Aug,0.737308618,-1.368644533,0,,
363,magwar,Setophaga magnolia,Magnolia Warbler,FALSE,breeding,north_america,2012,2022,14-Jun,2-Aug,0.82219369,0.204115495,1,,
364,mallar3,Anas platyrhynchos,Mallard,FALSE,breeding,north_america,2012,2022,7-Jun,16-Aug,0.873091761,0.362278708,1,,
365,mancuc,Coccyzus minor,Mangrove Cuckoo,TRUE,resident,north_america,2011,2021,13-Dec,10-May,0.721986426,-0.240831933,0,,
366,manswa1,Tachycineta albilinea,Mangrove Swallow,TRUE,resident,north_america,2011,2021,29-Nov,15-Mar,0.758949667,0.644464046,0,,
367,marmur,Brachyramphus marmoratus,Marbled Murrelet,TRUE,resident,north_america,2012,2022,29-Mar,16-Aug,0.75652497,1.484229509,0,,
368,marwre,Cistothorus palustris,Marsh Wren,FALSE,breeding,north_america,2012,2022,14-Jun,12-Jul,0.901311746,0.287167095,1,,
369,meapar,Amazona farinosa,Mealy Parrot,TRUE,resident,north_america,2011,2021,6-Dec,22-Mar,0.83663631,0.455193146,0,,
370,melbla1,Dives dives,Melodious Blackbird,TRUE,resident,north_america,2012,2022,11-Jan,31-May,0.883488387,0.150205551,0,,
371,merlin,Falco columbarius,Merlin,FALSE,breeding,north_america,2012,2022,31-May,26-Jul,0.845603721,0.161403194,1,,
372,mewgul2,Larus brachyrhynchus,Short-billed Gull,FALSE,nonbreeding,north_america,2012,2022,1-Feb,15-Feb,0.691076805,0.096469408,0,,
373,mexchi,Poecile sclateri,Mexican Chickadee,TRUE,resident,north_america,2012,2022,24-May,30-Aug,0.623809573,-0.362555889,0,,
374,mexduc,Anas diazi,Mexican Duck,TRUE,resident,north_america,2011,2021,22-Nov,15-Mar,0.653539035,1.025140174,0,,
375,mexjay4,Aphelocoma wollweberi,Mexican Jay,TRUE,resident,north_america,2012,2022,22-Mar,9-Aug,0.883850119,-0.377934636,0,,
376,miskit,Ictinia mississippiensis,Mississippi Kite,FALSE,breeding,north_america,2012,2022,7-Jun,9-Aug,0.867507998,0.364844464,1,,
377,monpar,Myiopsitta monachus,Monk Parakeet,TRUE,resident,north_america,2012,2022,23-Aug,27-Dec,0.900920309,0.793229041,0,,
378,monqua,Cyrtonyx montezumae,Montezuma Quail,TRUE,resident,north_america,2012,2022,8-Mar,16-Aug,0.7426039,1.623392602,0,,
379,motduc,Anas fulvigula,Mottled Duck,TRUE,resident,north_america,2011,2021,22-Nov,22-Mar,0.871801651,0.273260726,0,,
380,moublu,Sialia currucoides,Mountain Bluebird,FALSE,breeding,north_america,2012,2022,26-Apr,30-Aug,0.882761272,0.442680219,0,,
381,mouchi,Poecile gambeli,Mountain Chickadee,FALSE,breeding,north_america,2012,2022,19-Apr,13-Sep,0.867275881,0.014244577,0,,
382,moudov,Zenaida macroura,Mourning Dove,FALSE,breeding,north_america,2012,2022,17-May,6-Sep,0.902022791,0.048814453,1,,
383,mouela1,Elaenia frantzii,Mountain Elaenia,TRUE,resident,north_america,2012,2022,4-Jan,31-May,0.650026594,1.27776955,0,,
384,mouqua,Oreortyx pictus,Mountain Quail,TRUE,resident,north_america,2012,2022,8-Mar,24-May,0.796045056,0.468266832,0,,
385,mouwar,Geothlypis philadelphia,Mourning Warbler,FALSE,breeding,north_america,2012,2022,14-Jun,9-Aug,0.769351006,0.813500289,1,,
386,musduc,Cairina moschata,Muscovy Duck,TRUE,resident,north_america,2012,2022,4-Jan,10-May,0.696861825,0.014947084,0,,
387,mutswa,Cygnus olor,Mute Swan,FALSE,breeding,north_america,2012,2022,8-Mar,13-Sep,0.718249073,0.490659187,1,,
388,naswar,Leiothlypis ruficapilla,Nashville Warbler,FALSE,breeding,north_america,2012,2022,14-Jun,12-Jul,0.865147916,0.565335002,1,,
389,neocor,Nannopterum brasilianum,Neotropic Cormorant,TRUE,resident,north_america,2011,2021,4-Oct,8-Feb,0.566033506,0.453031633,0,,
390,nobtyr,Camptostoma imberbe,Northern Beardless-Tyrannulet,FALSE,breeding,north_america,2012,2022,8-Mar,27-Sep,0.828732065,0.395839073,0,,
391,nohowl,Surnia ulula,Northern Hawk Owl,FALSE,nonbreeding,north_america,2011,2021,25-Oct,29-Mar,0.560213665,0.411447949,0,,
392,nopowl,Glaucidium gnoma,Northern Pygmy-Owl,TRUE,resident,north_america,2011,2021,29-Nov,15-Mar,0.842738346,0.346037493,0,,
393,norbob,Colinus virginianus,Northern Bobwhite,TRUE,resident,north_america,2012,2022,22-Mar,7-Jun,0.832803353,0.841555115,1,,
394,norcar,Cardinalis cardinalis,Northern Cardinal,TRUE,resident,north_america,2012,2022,11-Jan,10-May,0.929131508,-0.099177687,1,,
395,noremt1,Aulacorhynchus prasinus,Northern Emerald-Toucanet,TRUE,resident,north_america,2011,2021,15-Nov,10-May,0.733115812,0.546969637,0,,
396,norfli,Colaptes auratus,Northern Flicker,FALSE,breeding,north_america,2012,2022,17-May,30-Aug,0.901311835,-0.326962638,1,,
397,norgan,Morus bassanus,Northern Gannet,FALSE,nonbreeding,north_america,2011,2021,18-Oct,26-Apr,0.83053385,0.120801886,,0,
398,norhar2,Circus hudsonius,Northern Harrier,FALSE,breeding,north_america,2012,2022,7-Jun,5-Jul,0.863144135,0.762703312,1,,
399,norjac,Jacana spinosa,Northern Jacana,TRUE,resident,north_america,2011,2021,1-Nov,18-Jan,0.790705131,0.689534681,0,,
400,normoc,Mimus polyglottos,Northern Mockingbird,FALSE,breeding,north_america,2012,2022,7-Jun,9-Aug,0.906532825,-0.103768949,1,,
401,norpar,Setophaga americana,Northern Parula,FALSE,breeding,north_america,2012,2022,21-Jun,26-Jul,0.862654274,0.095926182,1,,
402,norpin,Anas acuta,Northern Pintail,FALSE,nonbreeding,north_america,2011,2021,20-Dec,18-Jan,0.668762448,0.325460055,1,,
403,norsho,Spatula clypeata,Northern Shoveler,FALSE,nonbreeding,north_america,2011,2021,20-Dec,25-Jan,0.73033771,0.187093902,1,,
404,norshr4,Lanius borealis,Northern Shrike,FALSE,nonbreeding,north_america,2011,2021,29-Nov,25-Jan,0.878432176,0.469512286,1,,
405,norwat,Parkesia noveboracensis,Northern Waterthrush,FALSE,breeding,north_america,2012,2022,14-Jun,12-Jul,0.840240211,0.235120732,1,,
406,nrwswa,Stelgidopteryx serripennis,Northern Rough-winged Swallow,FALSE,breeding,north_america,2012,2022,24-May,12-Jul,0.897348303,0.086449385,1,,
407,nswowl,Aegolius acadicus,Northern Saw-whet Owl,FALSE,breeding,north_america,2012,2022,19-Apr,14-Jun,0.600918542,0.069220117,1,,
408,nutwoo,Dryobates nuttallii,Nuttall's Woodpecker,TRUE,resident,north_america,2011,2021,6-Dec,15-Mar,0.920220077,-0.02326798,0,,
409,oaktit,Baeolophus inornatus,Oak Titmouse,TRUE,resident,north_america,2011,2021,6-Dec,15-Mar,0.930910737,0.223296108,0,,
411,ocetur1,Meleagris ocellata,Ocellated Turkey,TRUE,resident,north_america,2012,2022,14-Jun,15-Nov,0.452349248,3.696915166,0,,
412,olispa,Arremonops rufivirgatus,Olive Sparrow,TRUE,resident,north_america,2012,2022,25-Jan,26-Apr,0.889273069,0.376489551,0,,
413,oliwar,Peucedramus taeniatus,Olive Warbler,TRUE,resident,north_america,2012,2022,18-Jan,7-Jun,0.707439734,-0.909792311,0,,
414,olsfly,Contopus cooperi,Olive-sided Flycatcher,FALSE,breeding,north_america,2012,2022,21-Jun,26-Jul,0.787006235,0.280857687,1,,
415,oltpar1,Eupsittula nana,Olive-throated Parakeet,TRUE,resident,north_america,2012,2022,4-Jan,22-Mar,0.842105012,-0.143250778,0,,
416,orbspa1,Arremon aurantiirostris,Orange-billed Sparrow,TRUE,resident,north_america,2012,2022,25-Jan,10-May,0.803207033,0.556323562,0,,
417,orcori,Icterus spurius,Orchard Oriole,FALSE,breeding,north_america,2012,2022,31-May,28-Jun,0.916459318,-0.094309367,1,,
418,orcpar,Brotogeris jugularis,Orange-chinned Parakeet,TRUE,resident,north_america,2012,2022,25-Jan,10-May,0.818740017,-0.515640741,0,,
419,orcwar,Leiothlypis celata,Orange-crowned Warbler,FALSE,breeding,north_america,2012,2022,21-Jun,12-Jul,0.819729234,0.07223083,1,,
420,orfpar,Eupsittula canicularis,Orange-fronted Parakeet,TRUE,resident,north_america,2011,2021,23-Aug,11-Jan,0.796812672,0.113894367,0,,
421,osprey,Pandion haliaetus,Osprey,FALSE,breeding,north_america,2012,2022,7-Jun,12-Jul,0.850935484,0.022557259,1,,
422,ovenbi1,Seiurus aurocapilla,Ovenbird,FALSE,breeding,north_america,2012,2022,14-Jun,26-Jul,0.847287847,0.182276561,1,,
423,pacwre1,Troglodytes pacificus,Pacific Wren,FALSE,breeding,north_america,2012,2022,3-May,9-Aug,0.828888602,0.441202915,0,,
424,paibun,Passerina ciris,Painted Bunting,FALSE,breeding,north_america,2012,2022,24-May,5-Jul,0.859230613,0.508636992,0,,
425,paired,Myioborus pictus,Painted Redstart,FALSE,breeding,north_america,2012,2022,5-Apr,9-Aug,0.772196644,0.344426467,0,,
427,palwar,Setophaga palmarum,Palm Warbler,FALSE,nonbreeding,north_america,2011,2021,22-Nov,22-Mar,0.805017635,0.299353223,1,,
428,parjae,Stercorarius parasiticus,Parasitic Jaeger,FALSE,breeding,north_america,2012,2022,14-Jun,28-Jun,0.708388025,0.582459605,,0,
429,pelcor,Urile pelagicus,Pelagic Cormorant,TRUE,resident,north_america,2011,2021,22-Nov,15-Mar,0.737355232,0.974985894,0,,
430,perfal,Falco peregrinus,Peregrine Falcon,FALSE,breeding,north_america,2012,2022,7-Jun,19-Jul,0.843231845,0.337034782,1,,
432,phaino,Phainopepla nitens,Phainopepla,TRUE,resident,north_america,2012,2022,25-Jan,10-May,0.85459531,0.30151732,0,,
433,phivir,Vireo philadelphicus,Philadelphia Vireo,FALSE,breeding,north_america,2012,2022,14-Jun,26-Jul,0.745556885,0.629253465,1,,
434,pibgre,Podilymbus podiceps,Pied-billed Grebe,FALSE,breeding,north_america,2012,2022,31-May,28-Jun,0.881652446,0.509362582,1,,
437,piggui,Cepphus columba,Pigeon Guillemot,FALSE,breeding,north_america,2012,2022,12-Apr,21-Jun,0.652640628,0.965758098,0,,
438,pilwoo,Dryocopus pileatus,Pileated Woodpecker,TRUE,resident,north_america,2012,2022,18-Jan,3-May,0.825950057,-0.428011978,1,,
439,pingro,Pinicola enucleator,Pine Grosbeak,FALSE,nonbreeding,north_america,2011,2021,22-Nov,1-Mar,0.881666573,0.377253927,1,,
440,pinjay,Gymnorhinus cyanocephalus,Pinyon Jay,TRUE,resident,north_america,2012,2022,1-Mar,10-May,0.749247221,0.59666932,0,,
441,pinsis,Spinus pinus,Pine Siskin,FALSE,breeding,north_america,2012,2022,14-Jun,9-Aug,0.813290145,-0.01048298,1,,
442,pinwar,Setophaga pinus,Pine Warbler,FALSE,breeding,north_america,2012,2022,31-May,9-Aug,0.86377185,0.012160749,1,,
443,pipplo,Charadrius melodus,Piping Plover,FALSE,breeding,north_america,2012,2022,31-May,21-Jun,0.801795826,0.508603001,,0,
444,placha,Ortalis vetula,Plain Chachalaca,TRUE,resident,north_america,2012,2022,25-Jan,10-May,0.798865509,0.01691751,0,,
445,plawre1,Cantorchilus modestus,Cabanis's Wren,TRUE,resident,north_america,2012,2022,3-May,9-Aug,0.771951561,0.135720287,0,,
446,plsvir,Vireo plumbeus,Plumbeous Vireo,FALSE,breeding,north_america,2012,2022,14-Jun,9-Aug,0.883731605,0.208999304,0,,
448,pomjae,Stercorarius pomarinus,Pomarine Jaeger,FALSE,breeding,north_america,2012,2022,31-May,28-Jun,0.642417117,0.309165469,,0,
449,prafal,Falco mexicanus,Prairie Falcon,FALSE,breeding,north_america,2012,2022,17-May,5-Jul,0.774623434,1.105118683,0,,
450,prawar,Setophaga discolor,Prairie Warbler,FALSE,breeding,north_america,2012,2022,24-May,5-Jul,0.826279327,0.122828863,1,,
451,prowar,Protonotaria citrea,Prothonotary Warbler,FALSE,breeding,north_america,2012,2022,10-May,12-Jul,0.842312814,0.466679917,1,,
452,purfin,Haemorhous purpureus,Purple Finch,FALSE,breeding,north_america,2012,2022,31-May,9-Aug,0.866075207,0.09899594,1,,
453,purgal2,Porphyrio martinica,Purple Gallinule,FALSE,breeding,north_america,2012,2022,10-May,23-Aug,0.779112112,0.219478267,0,,
454,purmar,Progne subis,Purple Martin,FALSE,breeding,north_america,2012,2022,17-May,21-Jun,0.865494508,0.027363246,1,,
455,pursan,Calidris maritima,Purple Sandpiper,FALSE,nonbreeding,north_america,2011,2021,13-Dec,15-Mar,0.829970209,0.964837648,,0,
456,pygnut,Sitta pygmaea,Pygmy Nuthatch,TRUE,resident,north_america,2012,2022,1-Mar,14-Jun,0.854554427,0.35503727,0,,
457,pyrrhu,Cardinalis sinuatus,Pyrrhuloxia,TRUE,resident,north_america,2011,2021,1-Nov,15-Mar,0.836190645,0.287708218,0,,
458,rawwre1,Thryophilus rufalbus,Rufous-and-white Wren,TRUE,resident,north_america,2012,2022,8-Feb,9-Aug,0.767773774,0.25382684,0,,
460,rebmer,Mergus serrator,Red-breasted Merganser,FALSE,nonbreeding,north_america,2011,2021,20-Dec,25-Jan,0.704307731,0.529126305,1,,
461,rebnut,Sitta canadensis,Red-breasted Nuthatch,FALSE,breeding,north_america,2012,2022,7-Jun,19-Jul,0.842804748,-0.452383222,1,,
462,rebpig1,Patagioenas flavirostris,Red-billed Pigeon,TRUE,resident,north_america,2012,2022,1-Feb,10-May,0.851050821,0.109701824,0,,
463,rebsap,Sphyrapicus ruber,Red-breasted Sapsucker,FALSE,breeding,north_america,2012,2022,26-Apr,5-Jul,0.844771503,0.798470733,0,,
464,rebwoo,Melanerpes carolinus,Red-bellied Woodpecker,TRUE,resident,north_america,2011,2021,15-Nov,3-May,0.931915061,0.031723025,1,,
467,recwoo,Dryobates borealis,Red-cockaded Woodpecker,TRUE,resident,north_america,2012,2022,25-Jan,31-May,0.716101793,0.486698961,0,,
468,redcro,Loxia curvirostra,Red Crossbill,FALSE,breeding,north_america,2012,2022,3-May,2-Aug,0.797877651,0.373302979,1,,
469,redegr,Egretta rufescens,Reddish Egret,TRUE,resident,north_america,2011,2021,2-Aug,25-Jan,0.738875073,-0.19213899,0,,
470,redhea,Aythya americana,Redhead,FALSE,breeding,north_america,2012,2022,31-May,23-Aug,0.768022036,0.646541807,1,,
471,redkno,Calidris canutus,Red Knot,FALSE,nonbreeding,north_america,2011,2021,13-Dec,29-Mar,0.651297859,0.65530439,1,,
473,reevir1,Vireo olivaceus,Red-eyed Vireo,FALSE,breeding,north_america,2012,2022,14-Jun,2-Aug,0.874979979,0.031739407,1,,
475,refwar,Cardellina rubrifrons,Red-faced Warbler,FALSE,breeding,north_america,2012,2022,17-May,2-Aug,0.747391364,-1.063784275,0,,
478,rehwoo,Melanerpes erythrocephalus,Red-headed Woodpecker,FALSE,breeding,north_america,2012,2022,7-Jun,23-Aug,0.902863582,0.125048932,1,,
479,relhon1,Cyanerpes cyaneus,Red-legged Honeycreeper,TRUE,resident,north_america,2011,2021,22-Nov,10-May,0.82838113,0.456326165,0,,
480,relpar,Amazona autumnalis,Red-lored Parrot,TRUE,resident,north_america,2011,2021,20-Sep,18-Jan,0.747094922,-0.40674926,0,,
481,rengre,Podiceps grisegena,Red-necked Grebe,FALSE,nonbreeding,north_america,2011,2021,27-Dec,15-Mar,0.738427284,0.690803107,1,,
482,rensap,Sphyrapicus nuchalis,Red-naped Sapsucker,FALSE,breeding,north_america,2012,2022,7-Jun,16-Aug,0.860494547,0.169257373,0,,
483,reshaw,Buteo lineatus,Red-shouldered Hawk,FALSE,breeding,north_america,2012,2022,5-Apr,23-Aug,0.874891176,0.229993889,1,,
484,rethaw,Buteo jamaicensis,Red-tailed Hawk,FALSE,breeding,north_america,2012,2022,10-May,9-Aug,0.876224995,0.479843289,1,,
485,rewbla,Agelaius phoeniceus,Red-winged Blackbird,FALSE,breeding,north_america,2012,2022,3-May,2-Aug,0.884702474,0.096772753,1,,
486,ribgul,Larus delawarensis,Ring-billed Gull,FALSE,nonbreeding,north_america,2011,2021,20-Dec,8-Feb,0.635897823,0.291494226,1,,
487,ridrai1,Rallus obsoletus,Ridgway's Rail,TRUE,resident,north_america,2012,2022,1-Feb,31-May,0.626303306,1.72740853,0,,
488,rinduc,Aythya collaris,Ring-necked Duck,FALSE,nonbreeding,north_america,2011,2021,20-Dec,25-Jan,0.822151424,0.079869787,1,,
489,rinkin1,Megaceryle torquata,Ringed Kingfisher,TRUE,resident,north_america,2011,2021,22-Nov,15-Mar,0.836215586,0.042101481,0,,
490,rinphe1,Phasianus colchicus,Ring-necked Pheasant,TRUE,resident,north_america,2012,2022,22-Feb,17-May,0.84524452,0.697041617,1,,
492,robgro,Pheucticus ludovicianus,Rose-breasted Grosbeak,FALSE,breeding,north_america,2012,2022,14-Jun,2-Aug,0.878893519,0.051538899,1,,
493,rocpig,Columba livia,Rock Pigeon,TRUE,resident,north_america,2012,2022,25-Jan,10-May,0.877890764,0.14131096,1,,
494,rocwre,Salpinctes obsoletus,Rock Wren,FALSE,breeding,north_america,2012,2022,7-Jun,9-Aug,0.855465431,0.629086024,0,,
495,rolhaw,Buteo lagopus,Rough-legged Hawk,FALSE,nonbreeding,north_america,2011,2021,29-Nov,15-Feb,0.793038003,1.054503035,1,,
496,rosspo1,Platalea ajaja,Roseate Spoonbill,FALSE,breeding,north_america,2012,2022,12-Apr,17-May,0.633885319,1.124891684,0,,
497,rotbec,Pachyramphus aglaiae,Rose-throated Becard,FALSE,breeding,north_america,2012,2022,10-May,4-Oct,0.842814418,0.242472257,0,,
498,royter1,Thalasseus maximus,Royal Tern,FALSE,breeding,north_america,2012,2022,10-May,26-Jul,0.617476958,0.673958467,0,,
499,rthhum,Archilochus colubris,Ruby-throated Hummingbird,FALSE,breeding,north_america,2012,2022,7-Jun,26-Jul,0.872499698,-0.091348917,1,,
500,rtlhum,Amazilia tzacatl,Rufous-tailed Hummingbird,TRUE,resident,north_america,2011,2021,29-Nov,8-Mar,0.860029781,0.208078307,0,,
501,rubwre1,Pheugopedius rutilus,Rufous-breasted Wren,TRUE,resident,north_america,2011,2021,29-Nov,19-Apr,0.763425236,0.296827875,0,,
502,ruckin,Corthylio calendula,Ruby-crowned Kinglet,FALSE,breeding,north_america,2012,2022,7-Jun,9-Aug,0.797505327,0.222197805,1,,
503,rucspa,Aimophila ruficeps,Rufous-crowned Sparrow,TRUE,resident,north_america,2012,2022,8-Feb,24-May,0.839663457,-0.330310939,0,,
505,rucwar4,Basileuterus delattrii,Chestnut-capped Warbler,TRUE,resident,north_america,2012,2022,1-Feb,10-May,0.768548325,0.071670265,0,,
506,rudduc,Oxyura jamaicensis,Ruddy Duck,FALSE,breeding,north_america,2012,2022,31-May,6-Sep,0.774105277,0.313191758,1,,
507,rudtur,Arenaria interpres,Ruddy Turnstone,FALSE,nonbreeding,north_america,2011,2021,29-Nov,22-Mar,0.869321848,0.42500429,1,,
508,rudwoo1,Dendrocincla homochroa,Ruddy Woodcreeper,TRUE,resident,north_america,2011,2021,6-Dec,15-Mar,0.627999683,1.968567215,0,,
509,rufgro,Bonasa umbellus,Ruffed Grouse,TRUE,resident,north_america,2012,2022,15-Mar,24-May,0.857775892,0.190331493,1,,
510,rufhum,Selasphorus rufus,Rufous Hummingbird,FALSE,breeding,north_america,2012,2022,24-May,14-Jun,0.79037046,-0.630084467,0,,
512,runwre1,Campylorhynchus rufinucha,Rufous-naped Wren,TRUE,resident,north_america,2012,2022,8-Feb,17-May,0.802589855,-0.063003899,0,,
513,rusbla,Euphagus carolinus,Rusty Blackbird,FALSE,nonbreeding,north_america,2011,2021,27-Dec,8-Feb,0.76085798,0.293571806,1,,
515,ruwspa,Peucaea carpalis,Rufous-winged Sparrow,TRUE,resident,north_america,2012,2022,31-May,16-Aug,0.799217407,0.290054715,0,,
517,saggro,Centrocercus urophasianus,Greater Sage-Grouse,TRUE,resident,north_america,2012,2022,8-Mar,19-Apr,0.663365149,1.236599272,0,,
518,sagspa1,Artemisiospiza nevadensis,Sagebrush Sparrow,FALSE,breeding,north_america,2012,2022,19-Apr,23-Aug,0.624687484,1.639697648,0,,
519,sagthr,Oreoscoptes montanus,Sage Thrasher,FALSE,breeding,north_america,2012,2022,17-May,12-Jul,0.750192339,0.227642194,0,,
520,sancra,Antigone canadensis,Sandhill Crane,FALSE,nonbreeding,north_america,2011,2021,20-Dec,1-Feb,0.82321799,0.374840319,1,,
521,sander,Calidris alba,Sanderling,FALSE,nonbreeding,north_america,2011,2021,20-Dec,1-Mar,0.856501148,0.292880647,1,,
522,santer1,Thalasseus sandvicensis,Sandwich Tern,FALSE,breeding,north_america,2012,2022,3-May,5-Jul,0.612433481,1.096161872,,0,
523,savspa,Passerculus sandwichensis,Savannah Sparrow,FALSE,breeding,north_america,2012,2022,7-Jun,2-Aug,0.838036162,0.021032506,1,,
524,saypho,Sayornis saya,Say's Phoebe,FALSE,breeding,north_america,2012,2022,24-May,26-Jul,0.873452132,0.403783856,0,,
525,scamac1,Ara macao,Scarlet Macaw,TRUE,resident,north_america,2011,2021,22-Nov,22-Mar,0.682793614,0.352576387,0,,
526,scaqua,Callipepla squamata,Scaled Quail,TRUE,resident,north_america,2012,2022,15-Mar,31-May,0.737891194,0.536604814,0,,
527,scatan,Piranga olivacea,Scarlet Tanager,FALSE,breeding,north_america,2012,2022,7-Jun,16-Aug,0.869696675,0.547144705,1,,
528,scoori,Icterus parisorum,Scott's Oriole,FALSE,breeding,north_america,2012,2022,24-May,28-Jun,0.811847973,0.618344438,0,,
532,sctfly,Tyrannus forficatus,Scissor-tailed Flycatcher,FALSE,breeding,north_america,2012,2022,31-May,23-Aug,0.869233337,0.732492002,0,,
533,seaspa,Ammospiza maritima,Seaside Sparrow,FALSE,breeding,north_america,2012,2022,17-May,16-Aug,0.784338937,1.09331687,,0,
534,sedwre1,Cistothorus stellaris,Sedge Wren,FALSE,breeding,north_america,2012,2022,7-Jun,28-Jun,0.871017815,0.229937519,1,,
535,shbdow,Limnodromus griseus,Short-billed Dowitcher,FALSE,nonbreeding,north_america,2011,2021,25-Oct,15-Mar,0.678789125,0.407464139,1,,
536,sheowl,Asio flammeus,Short-eared Owl,FALSE,nonbreeding,north_america,2011,2021,27-Dec,22-Feb,0.811809905,0.697223937,1,,
538,shshaw,Accipiter striatus,Sharp-shinned Hawk,FALSE,breeding,north_america,2012,2022,31-May,19-Jul,0.866419295,0.056487668,1,,
539,shtgro,Tympanuchus phasianellus,Sharp-tailed Grouse,TRUE,resident,north_america,2011,2021,13-Dec,19-Apr,0.754478899,1.576766687,0,,
540,shthaw,Buteo brachyurus,Short-tailed Hawk,FALSE,breeding,north_america,2012,2022,17-May,16-Aug,0.678293031,0.287921164,0,,
542,sltred,Myioborus miniatus,Slate-throated Redstart,TRUE,resident,north_america,2011,2021,29-Nov,1-Mar,0.774779742,-0.015537333,0,,
544,snakit,Rostrhamus sociabilis,Snail Kite,TRUE,resident,north_america,2012,2022,27-Sep,6-Dec,0.572845838,0.409214841,0,,
545,snobun,Plectrophenax nivalis,Snow Bunting,FALSE,nonbreeding,north_america,2011,2021,27-Dec,22-Feb,0.812598922,0.041572988,1,,
546,snoegr,Egretta thula,Snowy Egret,FALSE,breeding,north_america,2012,2022,3-May,5-Jul,0.798247765,0.628032122,0,,
547,snogoo,Anser caerulescens,Snow Goose,FALSE,nonbreeding,north_america,2011,2021,27-Dec,18-Jan,0.774931739,0.606760074,1,,
548,snoowl1,Bubo scandiacus,Snowy Owl,FALSE,nonbreeding,north_america,2011,2021,13-Dec,1-Mar,0.812811924,0.747286508,1,,
549,snoplo5,Anarhynchus nivosus,Snowy Plover,FALSE,breeding,north_america,2012,2022,21-Jun,28-Jun,0.727220089,0.867618097,0,,
551,socfly1,Myiozetetes similis,Social Flycatcher,TRUE,resident,north_america,2012,2022,8-Feb,10-May,0.899357664,-0.078824488,0,,
552,sonspa,Melospiza melodia,Song Sparrow,FALSE,breeding,north_america,2012,2022,31-May,12-Jul,0.906108852,-0.059145586,1,,
553,soogro1,Dendragapus fuliginosus,Sooty Grouse,TRUE,resident,north_america,2012,2022,8-Mar,10-May,0.767076084,1.030244796,0,,
554,sora,Porzana carolina,Sora,FALSE,breeding,north_america,2012,2022,7-Jun,12-Jul,0.857485483,0.036637047,1,,
556,spbwre1,Pheugopedius maculipectus,Spot-breasted Wren,TRUE,resident,north_america,2012,2022,8-Feb,28-Jun,0.883611192,-0.082478516,0,,
558,sposan,Actitis macularius,Spotted Sandpiper,FALSE,breeding,north_america,2012,2022,14-Jun,28-Jun,0.864709016,-0.128091794,1,,
559,spotow,Pipilo maculatus,Spotted Towhee,FALSE,breeding,north_america,2012,2022,31-May,16-Aug,0.864409635,0.158183794,0,,
560,spowoo1,Xiphorhynchus erythropygius,Spotted Woodcreeper,TRUE,resident,north_america,2011,2021,6-Dec,10-May,0.614373869,1.986599102,0,,
561,sprgro,Canachites canadensis,Spruce Grouse,TRUE,resident,north_america,2012,2022,12-Apr,5-Jul,0.621546016,1.364817321,1,,
563,sstspa,Ammospiza caudacuta,Saltmarsh Sparrow,FALSE,breeding,north_america,2012,2022,24-May,6-Sep,0.736105231,-0.778796661,,0,
564,stejay,Cyanocitta stelleri,Steller's Jay,TRUE,resident,north_america,2012,2022,1-Mar,31-May,0.916159282,0.037932544,0,,
565,sthwoo1,Lepidocolaptes souleyetii,Streak-headed Woodcreeper,TRUE,resident,north_america,2012,2022,25-Jan,10-May,0.83651272,0.963256435,0,,
568,subfly,Myiodynastes luteiventris,Sulphur-bellied Flycatcher,FALSE,breeding,north_america,2012,2022,31-May,16-Aug,0.798904851,-0.176797645,0,,
569,sumtan,Piranga rubra,Summer Tanager,FALSE,breeding,north_america,2012,2022,31-May,9-Aug,0.899930854,0.164051364,1,,
570,surfbi,Calidris virgata,Surfbird,FALSE,nonbreeding,north_america,2011,2021,18-Oct,1-Mar,0.744033069,-0.585105856,0,,
571,sursco,Melanitta perspicillata,Surf Scoter,FALSE,nonbreeding,north_america,2012,2022,18-Jan,1-Feb,0.655994759,0.425937741,1,,
572,swahaw,Buteo swainsoni,Swainson's Hawk,FALSE,breeding,north_america,2012,2022,17-May,26-Jul,0.747810425,0.951904989,0,,
573,swaspa,Melospiza georgiana,Swamp Sparrow,FALSE,breeding,north_america,2012,2022,31-May,30-Aug,0.864819797,0.122034844,1,,
574,swathr,Catharus ustulatus,Swainson's Thrush,FALSE,breeding,north_america,2012,2022,14-Jun,9-Aug,0.865142661,0.269413912,1,,
575,swawar,Limnothlypis swainsonii,Swainson's Warbler,FALSE,breeding,north_america,2012,2022,10-May,19-Jul,0.738452037,0.389053937,1,,
576,swtkit,Elanoides forficatus,Swallow-tailed Kite,FALSE,breeding,north_america,2012,2022,12-Apr,12-Jul,0.674824266,-0.62868505,1,,
577,tenwar,Leiothlypis peregrina,Tennessee Warbler,FALSE,breeding,north_america,2012,2022,14-Jun,12-Jul,0.762904087,0.673678838,1,,
578,thbkin,Tyrannus crassirostris,Thick-billed Kingbird,FALSE,breeding,north_america,2012,2022,26-Apr,12-Jul,0.819956952,0.426462712,0,,
580,towsol,Myadestes townsendi,Townsend's Solitaire,FALSE,breeding,north_america,2012,2022,7-Jun,23-Aug,0.850480386,0.117035153,0,,
581,towwar,Setophaga townsendi,Townsend's Warbler,FALSE,breeding,north_america,2012,2022,21-Jun,19-Jul,0.84019708,0.289933919,0,,
582,treswa,Tachycineta bicolor,Tree Swallow,FALSE,breeding,north_america,2012,2022,31-May,21-Jun,0.882016714,-0.06509843,1,,
583,tribla,Agelaius tricolor,Tricolored Blackbird,TRUE,resident,north_america,2012,2022,1-Feb,26-Apr,0.661799989,1.338041628,0,,
584,triher,Egretta tricolor,Tricolored Heron,FALSE,breeding,north_america,2012,2022,12-Apr,17-May,0.723201522,0.791705918,,0,
585,trokin,Tyrannus melancholicus,Tropical Kingbird,FALSE,breeding,north_america,2012,2022,14-Jun,30-Aug,0.836743253,-0.016170201,0,,
587,tropar,Setophaga pitiayumi,Tropical Parula,FALSE,breeding,north_america,2012,2022,19-Apr,12-Jul,0.742398838,0.11866936,0,,
588,truswa,Cygnus buccinator,Trumpeter Swan,FALSE,nonbreeding,north_america,2011,2021,6-Dec,15-Feb,0.768242809,0.192356933,1,,
589,tubmot1,Eumomota superciliosa,Turquoise-browed Motmot,TRUE,resident,north_america,2012,2022,8-Feb,10-May,0.822150676,-0.086625497,0,,
590,tuftit,Baeolophus bicolor,Tufted Titmouse,TRUE,resident,north_america,2012,2022,18-Jan,3-May,0.915653726,-0.262726787,1,,
591,tunswa,Cygnus columbianus,Tundra Swan,FALSE,nonbreeding,north_america,2011,2021,27-Dec,15-Feb,0.63385816,0.276865858,1,,
592,turvul,Cathartes aura,Turkey Vulture,FALSE,breeding,north_america,2012,2022,3-May,30-Aug,0.895840424,0.004052707,1,,
595,uplsan,Bartramia longicauda,Upland Sandpiper,FALSE,breeding,north_america,2012,2022,31-May,28-Jun,0.713494158,1.461690459,1,,
596,varthr,Ixoreus naevius,Varied Thrush,FALSE,breeding,north_america,2012,2022,31-May,23-Aug,0.866738666,0.154222812,0,,
597,vauswi,Chaetura vauxi,Vaux's Swift,FALSE,breeding,north_america,2012,2022,14-Jun,2-Aug,0.890136541,-0.132028149,0,,
598,veery,Catharus fuscescens,Veery,FALSE,breeding,north_america,2012,2022,7-Jun,2-Aug,0.918114979,0.037003592,1,,
599,verdin,Auriparus flaviceps,Verdin,TRUE,resident,north_america,2012,2022,1-Feb,3-May,0.854733537,0.201482173,0,,
600,verfly,Pyrocephalus rubinus,Vermilion Flycatcher,FALSE,breeding,north_america,2012,2022,14-Jun,16-Aug,0.79086102,0.760528953,0,,
601,vesspa,Pooecetes gramineus,Vesper Sparrow,FALSE,breeding,north_america,2012,2022,24-May,26-Jul,0.836699006,0.830804792,1,,
602,vichum,Ramosomyia violiceps,Violet-crowned Hummingbird,FALSE,breeding,north_america,2012,2022,5-Apr,16-Aug,0.853818767,0.412213586,0,,
603,vigswa,Tachycineta thalassina,Violet-green Swallow,FALSE,breeding,north_america,2012,2022,17-May,12-Jul,0.853514329,-0.138659361,0,,
604,viosab1,Campylopterus hemileucurus,Violet Sabrewing,TRUE,resident,north_america,2012,2022,11-Jan,31-May,0.756337337,0.902531628,0,,
605,virrai,Rallus limicola,Virginia Rail,FALSE,breeding,north_america,2012,2022,31-May,2-Aug,0.879075762,0.541006524,1,,
606,virwar,Leiothlypis virginiae,Virginia's Warbler,FALSE,breeding,north_america,2012,2022,31-May,26-Jul,0.775862221,1.003806529,0,,
607,warvir,Vireo gilvus,Warbling Vireo,FALSE,breeding,north_america,2012,2022,28-Jun,12-Jul,0.885198268,-0.057975861,1,,
610,wesblu,Sialia mexicana,Western Bluebird,FALSE,breeding,north_america,2012,2022,26-Apr,13-Sep,0.862131198,0.495645962,0,,
611,wesfly,Empidonax difficilis,Western Flycatcher,FALSE,breeding,north_america,2012,2022,21-Jun,19-Jul,0.888364288,0.553816662,0,,
612,wesgre,Aechmophorus occidentalis,Western Grebe,FALSE,breeding,north_america,2012,2022,14-Jun,2-Aug,0.655297206,0.838329809,0,,
613,wesgul,Larus occidentalis,Western Gull,TRUE,resident,north_america,2012,2022,16-Aug,6-Dec,0.766138008,0.180352331,0,,
614,weskin,Tyrannus verticalis,Western Kingbird,FALSE,breeding,north_america,2012,2022,7-Jun,19-Jul,0.896345183,0.477881726,0,,
615,wesmea,Sturnella neglecta,Western Meadowlark,FALSE,breeding,north_america,2012,2022,3-May,23-Aug,0.848805434,0.691865775,0,,
616,wesowl1,Megascops kennicottii,Western Screech-Owl,TRUE,resident,north_america,2012,2022,11-Jan,22-Mar,0.662315545,0.467960374,0,,
617,wessan,Calidris mauri,Western Sandpiper,FALSE,nonbreeding,north_america,2011,2021,22-Nov,15-Mar,0.580576758,0.778687696,1,,
618,westan,Piranga ludoviciana,Western Tanager,FALSE,breeding,north_america,2012,2022,14-Jun,12-Jul,0.892318958,-0.071025915,0,,
619,wewpew,Contopus sordidulus,Western Wood-Pewee,FALSE,breeding,north_america,2012,2022,5-Jul,26-Jul,0.893915629,0.511793067,0,,
620,whbnut,Sitta carolinensis,White-breasted Nuthatch,TRUE,resident,north_america,2011,2021,6-Dec,5-Apr,0.919786802,0.128198783,1,,
622,whcman1,Manacus candei,White-collared Manakin,TRUE,resident,north_america,2012,2022,1-Feb,3-May,0.8243579,0.091105457,0,,
623,whcpar,Pionus senilis,White-crowned Parrot,TRUE,resident,north_america,2011,2021,1-Nov,1-Mar,0.819657482,0.112658218,0,,
624,whcpig2,Patagioenas leucocephala,White-crowned Pigeon,TRUE,resident,north_america,2012,2022,8-Feb,26-Jul,0.75257512,-0.665648554,0,,
626,whcsee1,Sporophila morelleti,Morelet's Seedeater,TRUE,resident,north_america,2012,2022,12-Apr,30-Aug,0.858568894,0.159049714,0,,
627,whcspa,Zonotrichia leucophrys,White-crowned Sparrow,FALSE,breeding,north_america,2012,2022,21-Jun,2-Aug,0.842010008,0.065878767,1,,
628,whevir,Vireo griseus,White-eyed Vireo,FALSE,breeding,north_america,2012,2022,7-Jun,23-Aug,0.900322096,0.132131888,1,,
629,whfibi,Plegadis chihi,White-faced Ibis,FALSE,breeding,north_america,2012,2022,24-May,12-Jul,0.571540843,0.452865822,0,,
630,whfpar1,Amazona albifrons,White-fronted Parrot,TRUE,resident,north_america,2012,2022,11-Jan,10-May,0.798730498,-0.142889767,0,,
631,whhwoo,Dryobates albolarvatus,White-headed Woodpecker,TRUE,resident,north_america,2012,2022,22-Mar,28-Jun,0.761699942,0.789528556,0,,
632,whiibi,Eudocimus albus,White Ibis,FALSE,breeding,north_america,2012,2022,3-May,21-Jun,0.620283571,0.406703863,,0,
633,whtdov,Leptotila verreauxi,White-tipped Dove,TRUE,resident,north_america,2012,2022,1-Feb,10-May,0.854819755,0.1536804,0,,
634,whtkit,Elanus leucurus,White-tailed Kite,TRUE,resident,north_america,2011,2021,4-Oct,25-Jan,0.807043033,0.702379987,0,,
635,whtspa,Zonotrichia albicollis,White-throated Sparrow,FALSE,breeding,north_america,2012,2022,7-Jun,23-Aug,0.862590276,-0.231252332,1,,
636,whtswi,Aeronautes saxatalis,White-throated Swift,FALSE,breeding,north_america,2012,2022,24-May,5-Jul,0.855373373,0.22488746,0,,
637,whwcro,Loxia leucoptera,White-winged Crossbill,FALSE,nonbreeding,north_america,2012,2022,18-Jan,22-Feb,0.7742845,0.190313447,1,,
638,whwdov,Zenaida asiatica,White-winged Dove,FALSE,breeding,north_america,2012,2022,10-May,30-Aug,0.823614491,-0.027185681,0,,
639,whwsco2,Melanitta deglandi,White-winged Scoter,FALSE,nonbreeding,north_america,2012,2022,8-Mar,8-Mar,0.671785108,0.258028024,1,,
640,wilfly,Empidonax traillii,Willow Flycatcher,FALSE,breeding,north_america,2012,2022,21-Jun,12-Jul,0.901171725,0.034084464,1,,
641,willet1,Tringa semipalmata,Willet,FALSE,breeding,north_america,2012,2022,31-May,28-Jun,0.640543861,0.689219974,,0,
642,wilplo,Anarhynchus wilsonia,Wilson's Plover,FALSE,breeding,north_america,2012,2022,5-Apr,26-Jul,0.882596379,-0.185506193,0,,
643,wilpta,Lagopus lagopus,Willow Ptarmigan,FALSE,breeding,north_america,2012,2022,31-May,26-Jul,0.577757404,1.233871236,0,,
644,wilsap,Sphyrapicus thyroideus,Williamson's Sapsucker,FALSE,breeding,north_america,2012,2022,17-May,2-Aug,0.81331266,0.75423417,0,,
645,wilsni1,Gallinago delicata,Wilson's Snipe,FALSE,breeding,north_america,2012,2022,7-Jun,5-Jul,0.836596419,-0.404263436,1,,
646,wiltur,Meleagris gallopavo,Wild Turkey,TRUE,resident,north_america,2012,2022,15-Feb,3-May,0.86367571,0.022648025,1,,
647,winwre3,Troglodytes hiemalis,Winter Wren,FALSE,breeding,north_america,2012,2022,7-Jun,30-Aug,0.822541031,0.782816583,1,,
648,wlswar,Cardellina pusilla,Wilson's Warbler,FALSE,breeding,north_america,2012,2022,28-Jun,19-Jul,0.745192033,-0.036658106,1,,
649,woewar1,Helmitheros vermivorum,Worm-eating Warbler,FALSE,breeding,north_america,2012,2022,31-May,19-Jul,0.80990072,0.932877671,1,,
650,wooduc,Aix sponsa,Wood Duck,FALSE,breeding,north_america,2012,2022,26-Apr,26-Jul,0.894911175,0.031214066,1,,
651,wooscj2,Aphelocoma woodhouseii,Woodhouse's Scrub-Jay,TRUE,resident,north_america,2012,2022,11-Jan,10-May,0.888668639,-0.083640411,0,,
652,woosto,Mycteria americana,Wood Stork,FALSE,breeding,north_america,2012,2022,19-Jul,13-Sep,0.704738835,0.62313871,0,,
653,woothr,Hylocichla mustelina,Wood Thrush,FALSE,breeding,north_america,2012,2022,31-May,23-Aug,0.869241474,0.489150189,1,,
654,wrenti,Chamaea fasciata,Wrentit,TRUE,resident,north_america,2012,2022,22-Feb,26-Apr,0.882007375,-0.208738405,0,,
655,wtmjay1,Calocitta formosa,White-throated Magpie-Jay,TRUE,resident,north_america,2012,2022,11-Jan,17-May,0.841928919,-0.157383133,0,,
656,y00475,Fulica americana,American Coot,FALSE,breeding,north_america,2012,2022,31-May,6-Sep,0.795498971,0.023392696,1,,
657,y00478,Larus glaucoides,Iceland Gull,FALSE,nonbreeding,north_america,2011,2021,6-Dec,8-Feb,0.651727467,0.386845433,1,,
658,y00678,Caracara plancus,Crested Caracara,TRUE,resident,north_america,2011,2021,22-Nov,22-Feb,0.808028672,0.73467162,0,,
659,ycnher,Nyctanassa violacea,Yellow-crowned Night Heron,FALSE,breeding,north_america,2012,2022,3-May,14-Jun,0.743923675,0.135592261,1,,
660,yebcha,Icteria virens,Yellow-breasted Chat,FALSE,breeding,north_america,2012,2022,31-May,26-Jul,0.861486544,-0.259913189,1,,
661,yebcuc,Coccyzus americanus,Yellow-billed Cuckoo,FALSE,breeding,north_america,2012,2022,21-Jun,23-Aug,0.889136069,-0.045869035,1,,
663,yebfly,Empidonax flaviventris,Yellow-bellied Flycatcher,FALSE,nonbreeding,north_america,2011,2021,1-Nov,12-Apr,0.792479012,0.886602996,1,,
664,yebmag,Pica nuttalli,Yellow-billed Magpie,TRUE,resident,north_america,2011,2021,15-Nov,26-Apr,0.776986434,0.788734785,0,,
667,yebsap,Sphyrapicus varius,Yellow-bellied Sapsucker,FALSE,breeding,north_america,2012,2022,24-May,16-Aug,0.857289598,0.227000849,1,,
669,yeejun,Junco phaeonotus,Yellow-eyed Junco,TRUE,resident,north_america,2012,2022,18-Jan,17-May,0.744374744,-0.328744039,0,,
670,yefgra1,Tiaris olivaceus,Yellow-faced Grassquit,TRUE,resident,north_america,2012,2022,1-Feb,10-May,0.821184206,-0.107526034,0,,
671,yehbla,Xanthocephalus xanthocephalus,Yellow-headed Blackbird,FALSE,breeding,north_america,2012,2022,7-Jun,21-Jun,0.863888238,0.190910835,0,,
673,yelwar,Setophaga petechia,Yellow Warbler,FALSE,breeding,north_america,2012,2022,21-Jun,12-Jul,0.896071427,0.090737466,1,,
674,yerwar,Setophaga coronata,Yellow-rumped Warbler,FALSE,breeding,north_america,2012,2022,14-Jun,19-Jul,0.866501814,-0.079898272,1,,
675,yetvir,Vireo flavifrons,Yellow-throated Vireo,FALSE,breeding,north_america,2012,2022,31-May,23-Aug,0.892941716,0.10024614,1,,
676,yetwar,Setophaga dominica,Yellow-throated Warbler,FALSE,breeding,north_america,2012,2022,3-May,28-Jun,0.807650237,-0.639151599,1,,
677,yewcac1,Cassiculus melanicterus,Yellow-winged Cacique,TRUE,resident,north_america,2011,2021,11-Oct,15-Mar,0.788188042,0.367557967,0,,
678,zothaw,Buteo albonotatus,Zone-tailed Hawk,FALSE,breeding,north_america,2012,2022,3-May,16-Aug,0.813872698,0.91369263,0,,
679,yebsap-example,Sphyrapicus varius,Yellow-bellied Sapsucker,FALSE,breeding,north_america,2012,2022,24-May,16-Aug,0.857289598,0.227000849,0,,
21,andgoo1,Oressochen melanopterus,Andean Goose,FALSE,nonbreeding,south_america,2015,2022,8-Mar,1-Nov,0.452451599,0.483170849,0,,
22,andsol1,Myadestes ralloides,Andean Solitaire,TRUE,resident,south_america,2015,2022,7-Jun,27-Dec,0.685939184,1.352523755,0,,
26,aplfal,Falco femoralis,Aplomado Falcon,TRUE,resident,south_america,2015,2022,25-Jan,10-May,0.563239187,1.008355206,0,,
31,ausbla1,Curaeus curaeus,Austral Blackbird,FALSE,breeding,south_america,2014,2021,1-Nov,12-Apr,0.83091477,0.424615298,0,,
32,ausneg1,Lessonia rufa,Austral Negrito,FALSE,breeding,south_america,2014,2021,25-Oct,1-Feb,0.689221913,0.690217962,0,,
33,austhr1,Turdus falcklandii,Austral Thrush,TRUE,resident,south_america,2015,2022,24-May,27-Sep,0.795302633,0.041806536,0,,
34,azaspi1,Synallaxis azarae,Azara's Spinetail,TRUE,resident,south_america,2014,2021,27-Dec,10-May,0.650627113,0.38285945,0,,
38,baisan,Calidris bairdii,Baird's Sandpiper,FALSE,nonbreeding,south_america,2014,2021,15-Nov,15-Feb,0.481268189,0.576642878,1,,
41,banana,Coereba flaveola,Bananaquit,TRUE,resident,south_america,2015,2022,21-Jun,20-Dec,0.766436434,0.259166039,0,,
47,bawswa1,Pygochelidon cyanoleuca,Blue-and-white Swallow,FALSE,breeding,south_america,2014,2021,25-Oct,1-Mar,0.784010564,0.485650351,0,,
73,blcjay1,Cyanocorax affinis,Black-chested Jay,TRUE,resident,south_america,2015,2022,30-Aug,27-Dec,0.682863044,-0.062229358,0,,
74,blcsis2,Spinus barbatus,Black-chinned Siskin,TRUE,resident,south_america,2015,2022,24-May,20-Sep,0.783085575,0.52201497,0,,
76,blhpar1,Pionus menstruus,Blue-headed Parrot,TRUE,resident,south_america,2015,2022,30-Aug,20-Dec,0.736538892,0.772717903,0,,
77,blkflo1,Diglossa humeralis,Black Flowerpiercer,TRUE,resident,south_america,2015,2022,19-Jul,29-Nov,0.616362106,0.003716263,0,,
100,bratea1,Amazonetta brasiliensis,Brazilian Teal,TRUE,resident,south_america,2014,2021,13-Dec,1-Mar,0.70775556,0.54612491,0,,
103,brcmar1,Progne tapera,Brown-chested Martin,FALSE,breeding,south_america,2014,2021,13-Dec,22-Feb,0.660419176,1.299231586,0,,
117,brwpar1,Pionus chalcopterus,Bronze-winged Parrot,TRUE,resident,south_america,2015,2022,30-Aug,27-Dec,0.768650434,1.133660566,0,,
125,bugtan,Thraupis episcopus,Blue-gray Tanager,TRUE,resident,south_america,2015,2022,27-Sep,27-Dec,0.855284092,0.066930991,0,,
128,bunibi1,Theristicus caudatus,Buff-necked Ibis,TRUE,resident,south_america,2015,2022,30-Aug,13-Dec,0.581666832,0.929778504,0,,
160,chcant2,Grallaria ruficapilla,Chestnut-crowned Antpitta,TRUE,resident,south_america,2015,2022,4-Jan,17-May,0.638328061,0.327726947,0,,
162,chicar1,Daptrius chimango,Chimango Caracara,TRUE,resident,south_america,2015,2022,15-Mar,11-Oct,0.755007407,0.136299193,0,,
163,chifli1,Colaptes pitius,Chilean Flicker,TRUE,resident,south_america,2014,2021,8-Nov,12-Apr,0.70814625,0.447491951,0,,
166,chiswa1,Tachycineta leucopyga,Chilean Swallow,FALSE,breeding,south_america,2014,2021,25-Oct,15-Feb,0.73651225,0.217486599,0,,
171,cinhar1,Circus cinereus,Cinereous Harrier,FALSE,breeding,south_america,2014,2021,4-Oct,1-Feb,0.528462596,1.3665149,0,,
180,codfin1,Diuca diuca,Diuca Finch,FALSE,breeding,south_america,2015,2022,20-Sep,22-Nov,0.702961797,0.465277438,0,,
197,cosswa1,Coscoroba coscoroba,Coscoroba Swan,FALSE,breeding,south_america,2014,2021,8-Nov,22-Feb,0.605184018,0.627249142,0,,
200,crbtan1,Ramphocelus dimidiatus,Crimson-backed Tanager,TRUE,resident,south_america,2014,2021,13-Dec,12-Apr,0.762406071,0.879700997,0,,
202,creoro1,Psarocolius decumanus,Crested Oropendola,TRUE,resident,south_america,2014,2021,1-Nov,22-Mar,0.719826033,0.51828625,0,,
213,eardov1,Zenaida auriculata,Eared Dove,FALSE,breeding,south_america,2014,2021,18-Oct,1-Mar,0.69955815,0.109252884,0,,
230,fiediu1,Pyrope pyrope,Fire-eyed Diucon,FALSE,breeding,south_america,2014,2021,1-Nov,8-Mar,0.645168004,0.865550819,0,,
236,fotfly,Tyrannus savana,Fork-tailed Flycatcher,FALSE,breeding,south_america,2014,2021,22-Nov,11-Jan,0.737127467,0.417067597,0,,
244,gbwwre1,Henicorhina leucophrys,Gray-breasted Wood-Wren,TRUE,resident,south_america,2015,2022,20-Sep,20-Dec,0.733892193,0.965813899,0,,
247,giahum1,Patagona gigas,Giant Hummingbird,FALSE,breeding,south_america,2014,2021,6-Sep,8-Feb,0.536810401,1.649318802,0,,
257,goftyr1,Zimmerius chrysops,Golden-faced Tyrannulet,TRUE,resident,south_america,2015,2022,19-Jul,8-Nov,0.750342622,0.9521398,0,,
260,goltan1,Tangara arthus,Golden Tanager,TRUE,resident,south_america,2015,2022,19-Jul,11-Oct,0.733111683,0.449924568,0,,
265,grbfir1,Sephanoides sephaniodes,Green-backed Firecrown,FALSE,breeding,south_america,2014,2021,22-Nov,26-Apr,0.624965658,-0.193883419,0,,
268,greani1,Crotophaga major,Greater Ani,TRUE,resident,south_america,2015,2022,13-Sep,20-Dec,0.771081421,-0.119274325,0,,
276,grethr1,Turdus fuscater,Great Thrush,TRUE,resident,south_america,2015,2022,4-Jan,3-May,0.65459478,0.57279987,0,,
283,grpfin1,Embernagra platensis,Great Pampa-Finch,TRUE,resident,south_america,2015,2022,9-Aug,6-Dec,0.757166533,0.616207334,0,,
287,gryfin1,Sicalis luteola,Grassland Yellow-Finch,FALSE,breeding,south_america,2014,2021,8-Nov,15-Feb,0.730683546,0.430212746,0,,
307,higmot1,Momotus aequatorialis,Andean Motmot,TRUE,resident,south_america,2015,2022,25-Jan,10-May,0.709505546,1.389440357,0,,
349,linwoo1,Dryocopus lineatus,Lineated Woodpecker,TRUE,resident,south_america,2014,2021,22-Nov,22-Mar,0.777759668,0.520977059,0,,
357,lotmea1,Leistes loyca,Long-tailed Meadowlark,TRUE,resident,south_america,2015,2022,19-Jul,27-Sep,0.77715668,0.40189604,0,,
410,oashum1,Rhodopis vesper,Oasis Hummingbird,TRUE,resident,south_america,2015,2022,8-Mar,31-May,0.531043324,-0.249222321,0,,
426,paltan1,Thraupis palmarum,Palm Tanager,TRUE,resident,south_america,2015,2022,30-Aug,27-Dec,0.862220593,-0.111611167,0,,
431,perpel1,Pelecanus thagus,Peruvian Pelican,TRUE,resident,south_america,2015,2022,29-Mar,12-Jul,0.473868218,0.970449745,0,,
435,picpig2,Patagioenas picazuro,Picazuro Pigeon,TRUE,resident,south_america,2015,2022,15-Mar,28-Jun,0.70992678,0.303518027,0,,
436,pigdov1,Columbina picui,Picui Ground Dove,TRUE,resident,south_america,2015,2022,15-Feb,21-Jun,0.78634488,0.460763709,0,,
447,pmtspi1,Leptasthenura aegithaloides,Plain-mantled Tit-Spinetail,TRUE,resident,south_america,2015,2022,15-Feb,7-Jun,0.792516001,-0.07951254,0,,
459,rebhaw2,Geranoaetus polyosoma,Variable Hawk,FALSE,breeding,south_america,2014,2021,27-Sep,5-Apr,0.78583291,0.165350425,0,,
465,reccar,Paroaria coronata,Red-crested Cardinal,TRUE,resident,south_america,2015,2022,1-Feb,5-Jul,0.805419875,0.34138279,0,,
466,recfin1,Coryphospingus cucullatus,Red-crested Finch,TRUE,resident,south_america,2015,2022,12-Apr,12-Jul,0.645002118,0.526077375,0,,
472,redsho1,Spatula platalea,Red Shoveler,FALSE,breeding,south_america,2014,2021,11-Oct,12-Apr,0.607621176,0.675104207,0,,
474,refcoo1,Fulica rufifrons,Red-fronted Coot,TRUE,resident,south_america,2015,2022,5-Apr,19-Jul,0.640663636,0.002413662,0,,
476,regcoo1,Fulica armillata,Red-gartered Coot,TRUE,resident,south_america,2014,2021,16-Aug,8-Feb,0.535841951,1.068510087,0,,
477,rehbar1,Eubucco bourcierii,Red-headed Barbet,TRUE,resident,south_america,2014,2021,4-Oct,1-Feb,0.670640114,0.744750714,0,,
491,roahaw,Rupornis magnirostris,Roadside Hawk,TRUE,resident,south_america,2015,2022,22-Feb,10-May,0.856010415,-0.087561357,0,,
504,rucspa1,Zonotrichia capensis,Rufous-collared Sparrow,TRUE,resident,south_america,2015,2022,26-Jul,29-Nov,0.829697781,0.000828363,0,,
511,rugdov,Columbina talpacoti,Ruddy Ground Dove,TRUE,resident,south_america,2014,2021,22-Nov,29-Mar,0.764457495,0.63060391,0,,
514,rutpla1,Phytotoma rara,Rufous-tailed Plantcutter,FALSE,breeding,south_america,2014,2021,4-Oct,22-Feb,0.794571261,0.511117698,0,,
516,saffin,Sicalis flaveola,Saffron Finch,TRUE,resident,south_america,2015,2022,20-Sep,27-Dec,0.822075083,0.137747171,0,,
529,scrbla1,Dives warczewiczi,Scrub Blackbird,TRUE,resident,south_america,2015,2022,6-Sep,27-Dec,0.58939818,1.260861598,0,,
530,scrcow1,Molothrus rufoaxillaris,Screaming Cowbird,TRUE,resident,south_america,2015,2022,26-Jul,18-Oct,0.685141479,0.51478571,0,,
531,scrtan1,Stilpnia vitriolina,Scrub Tanager,TRUE,resident,south_america,2015,2022,23-Aug,27-Dec,0.765981503,0.956854294,0,,
537,shicow,Molothrus bonariensis,Shiny Cowbird,FALSE,breeding,south_america,2015,2022,18-Oct,27-Dec,0.749825992,0.238534809,0,,
541,siltea1,Spatula versicolor,Silver Teal,FALSE,breeding,south_america,2014,2021,20-Sep,10-May,0.62848721,0.957902211,0,,
543,smbani,Crotophaga ani,Smooth-billed Ani,TRUE,resident,south_america,2014,2021,25-Oct,22-Mar,0.840819648,0.206161349,0,,
550,soater1,Sterna hirundinacea,South American Tern,FALSE,breeding,south_america,2014,2021,6-Dec,22-Mar,0.483573452,1.233437213,0,,
555,soulap1,Vanellus chilensis,Southern Lapwing,FALSE,breeding,south_america,2014,2021,13-Sep,1-Mar,0.77941868,0.468398204,0,,
557,sponot1,Nothura maculosa,Spotted Nothura,TRUE,resident,south_america,2015,2022,3-May,29-Nov,0.732149417,1.052606626,0,,
562,spvear1,Colibri coruscans,Sparkling Violetear,FALSE,breeding,south_america,2015,2022,1-Mar,31-May,0.761748821,-0.192531155,0,,
566,strfly1,Myiodynastes maculatus,Streaked Flycatcher,FALSE,breeding,south_america,2014,2021,25-Oct,25-Jan,0.727547105,0.995455181,0,,
567,strsal1,Saltator striatipectus,Streaked Saltator,TRUE,resident,south_america,2014,2021,6-Dec,22-Mar,0.698176947,0.85468824,0,,
579,thtray1,Aphrastura spinicauda,Thorn-tailed Rayadito,TRUE,resident,south_america,2014,2021,13-Dec,10-May,0.701446289,0.598451299,0,,
586,tromoc,Mimus gilvus,Tropical Mockingbird,TRUE,resident,south_america,2014,2021,13-Dec,10-May,0.733759438,0.706062917,0,,
593,tuttyr1,Anairetes parulus,Tufted Tit-Tyrant,TRUE,resident,south_america,2015,2022,18-Jan,24-May,0.762252359,-0.054784904,0,,
594,uplgoo1,Chloephaga picta,Upland Goose,FALSE,breeding,south_america,2014,2021,11-Oct,1-Mar,0.648993653,0.585301699,0,,
608,watjac1,Jacana jacana,Wattled Jacana,TRUE,resident,south_america,2015,2022,9-Aug,6-Dec,0.705079468,0.7174793,0,,
609,wepdov1,Zenaida meloda,West Peruvian Dove,TRUE,resident,south_america,2015,2022,18-Jan,28-Jun,0.743476868,0.430869953,0,,
621,whcela1,Elaenia albiceps,White-crested Elaenia,FALSE,breeding,south_america,2014,2021,8-Nov,15-Feb,0.685389715,-0.041090646,0,,
625,whcpin,Anas bahamensis,White-cheeked Pintail,FALSE,breeding,south_america,2014,2021,1-Nov,29-Mar,0.601090707,0.101648755,0,,
662,yebela1,Elaenia flavogaster,Yellow-bellied Elaenia,TRUE,resident,south_america,2015,2022,11-Jan,10-May,0.772260692,0.334052436,0,,
665,yebori1,Icterus chrysater,Yellow-backed Oriole,TRUE,resident,south_america,2015,2022,30-Aug,18-Oct,0.636188609,1.171588212,0,,
666,yebpin1,Anas georgica,Yellow-billed Pintail,FALSE,breeding,south_america,2014,2021,13-Sep,12-Apr,0.594443743,0.851868889,0,,
668,yebtea1,Anas flavirostris,Yellow-billed Teal,FALSE,breeding,south_america,2014,2021,6-Sep,5-Apr,0.66766762,0.227329355,0,,
672,yehcar1,Daptrius chimachima,Yellow-headed Caracara,TRUE,resident,south_america,2014,2021,6-Dec,22-Mar,0.815980454,0.341184763,0,,
,,,,,,,,,,,,,,,
,,,,,,,,,,,,,223,,
